case_id,case_name,coalition,n_scenarios,instance,objective,mip_gap,runtime,n_variables,n_constraints,base_decision,gamma_LT_decision,gamma_ST_decision,wind_farms,bases,max_multiday_vessels,scenario_seeds,n_periods,days_per_period,one_base,n_vessels_ub_ST,n_vessels_ub_LT
W1_B3_V8_S5_T12,tests/5W3B,A,5,1,19785998.565493077,0.0002830793923754746,139.25,275529,153558,1,SOV@1:1,"Oct|CTV@1:1, Nov|CTV@1:2",A,"3,2,1",8,"769,560,308,544,314",12,30,True,3,8
W1_B3_V8_S5_T12,tests/5W3B,A,5,2,18834275.614789464,0.0004942367449336197,857.7,275644,153558,1,SOV@1:1,none,A,"3,2,1",8,"501,90,107,211,155",12,30,True,3,8
W1_B3_V8_S5_T12,tests/5W3B,B,5,1,15343022.50176102,0.000432947068396848,105.86,280935,153558,2,SOV@2:1,none,B,"3,2,1",8,"769,560,308,544,314",12,30,True,3,8
W1_B3_V8_S5_T12,tests/5W3B,B,5,2,15538488.11482168,0.0004977661477403091,112.24,280887,153558,2,SOV@2:1,none,B,"3,2,1",8,"501,90,107,211,155",12,30,True,3,8
W1_B3_V8_S5_T12,tests/5W3B,C,5,1,12831448.60674575,0.0004988320009374705,148.44,276779,153558,3,SOV@3:1,none,C,"3,2,1",8,"769,560,308,544,314",12,30,True,3,8
W1_B3_V8_S5_T12,tests/5W3B,C,5,2,11421685.655745076,0.0004410462818809763,267.74,277208,153558,3,SOV@3:1,none,C,"3,2,1",8,"501,90,107,211,155",12,30,True,3,8
W1_B3_V8_S5_T12,tests/5W3B,D,5,1,19998539.601758223,0.000496659403200879,100.36,273415,153558,1,SOV@1:1,"Oct|CTV@1:1, Nov|CTV@1:1",D,"3,2,1",8,"769,560,308,544,314",12,30,True,3,8
W1_B3_V8_S5_T12,tests/5W3B,D,5,2,18847098.844231106,0.00047074006944694774,483.62,273516,153558,1,SOV@1:1,none,D,"3,2,1",8,"501,90,107,211,155",12,30,True,3,8
W1_B3_V8_S5_T12,tests/5W3B,E,5,1,15353330.456371918,0.00041162182570128136,93.45,279533,153558,1,SOV@1:1,none,E,"3,2,1",8,"769,560,308,544,314",12,30,True,3,8
W1_B3_V8_S5_T12,tests/5W3B,E,5,2,15550082.786869444,0.0004996537077844006,91.32,279429,153558,1,SOV@1:1,none,E,"3,2,1",8,"501,90,107,211,155",12,30,True,3,8
W2_B3_V8_S5_T12,tests/5W3B,BA,5,1,34791636.97211771,0.0004965733324455668,8678.77,452655,193143,1,SOV@1:2,"Oct|CTV@1:1, Nov|CTV@1:1","B,A","3,2,1",8,"769,560,308,544,314",12,30,True,3,8
W2_B3_V8_S5_T12,tests/5W3B,BA,5,2,33620024.342340894,0.0004946372464999944,11564.64,452722,193143,1,SOV@1:2,"Jan|CTV@1:1, Aug|CTV@1:1, Nov|CTV@1:1","B,A","3,2,1",8,"501,90,107,211,155",12,30,True,3,8
W2_B3_V8_S5_T12,tests/5W3B,CA,5,1,32236407.9996739,0.00045233287319123054,4793.79,448499,193143,1,SOV@1:2,"Oct|CTV@1:1, Nov|CTV@1:1","C,A","3,2,1",8,"769,560,308,544,314",12,30,True,3,8
W2_B3_V8_S5_T12,tests/5W3B,CA,5,2,29434491.249825813,0.0004966559639593748,9702.96,449043,193143,1,SOV@1:2,Aug|CTV@1:1,"C,A","3,2,1",8,"501,90,107,211,155",12,30,True,3,8
W2_B3_V8_S5_T12,tests/5W3B,AD,5,1,40267642.64134662,0.0004861752164641244,3179.14,445135,193143,1,SOV@1:2,"Oct|CTV@1:1, Nov|CTV@1:3","A,D","3,2,1",8,"769,560,308,544,314",12,30,True,3,8
W2_B3_V8_S5_T12,tests/5W3B,AD,5,2,38075612.9792688,0.0004972534827010316,3745.69,445351,193143,1,SOV@1:2,"Aug|CTV@1:1, Dec|SOV@1:1","A,D","3,2,1",8,"501,90,107,211,155",12,30,True,3,8
W2_B3_V8_S5_T12,tests/5W3B,AE,5,1,35031880.49321279,0.000430868510174418,4933.13,451253,193143,1,SOV@1:2,"Oct|CTV@1:1, Nov|CTV@1:2","A,E","3,2,1",8,"769,560,308,544,314",12,30,True,3,8
W2_B3_V8_S5_T12,tests/5W3B,AE,5,2,33406746.393102568,0.00047065584122647547,8845.84,451264,193143,1,SOV@1:2,"Jan|CTV@1:1, Aug|CTV@1:1, Dec|CTV@1:1","A,E","3,2,1",8,"501,90,107,211,155",12,30,True,3,8
W2_B3_V8_S5_T12,tests/5W3B,CB,5,1,28286894.822119076,0.0004923265829775072,10573.82,453905,193143,3,SOV@3:2,none,"C,B","3,2,1",8,"769,560,308,544,314",12,30,True,3,8
W2_B3_V8_S5_T12,tests/5W3B,CB,5,2,26371463.79807204,0.0004994491009713684,22846.21,454286,193143,3,SOV@3:2,Oct|CTV@3:1,"C,B","3,2,1",8,"501,90,107,211,155",12,30,True,3,8
W2_B3_V8_S5_T12,tests/5W3B,BD,5,1,34894790.70030059,0.0004653381352742829,4336.38,450541,193143,1,SOV@1:2,Nov|CTV@1:1,"B,D","3,2,1",8,"769,560,308,544,314",12,30,True,3,8
W2_B3_V8_S5_T12,tests/5W3B,BD,5,2,33769405.913349256,0.0004997489657392111,7484.71,450594,193143,1,SOV@1:2,Aug|CTV@1:1,"B,D","3,2,1",8,"501,90,107,211,155",12,30,True,3,8
W2_B3_V8_S5_T12,tests/5W3B,BE,5,1,31442062.154738076,0.0004989383803319884,3375.45,456659,193143,1,SOV@1:2,none,"B,E","3,2,1",8,"769,560,308,544,314",12,30,True,3,8
W2_B3_V8_S5_T12,tests/5W3B,BE,5,2,31321624.727940373,0.0004972892911751578,18149.03,456507,193143,1,SOV@1:2,none,"B,E","3,2,1",8,"501,90,107,211,155",12,30,True,3,8
W2_B3_V8_S5_T12,tests/5W3B,CD,5,1,32336199.645146366,0.00045495938614577107,7926.85,446385,193143,1,SOV@1:2,Nov|CTV@1:1,"C,D","3,2,1",8,"769,560,308,544,314",12,30,True,3,8
W2_B3_V8_S5_T12,tests/5W3B,CD,5,2,29545155.484264784,0.0004984241170613095,7611.21,446915,193143,3,SOV@3:2,none,"C,D","3,2,1",8,"501,90,107,211,155",12,30,True,3,8
W2_B3_V8_S5_T12,tests/5W3B,CE,5,1,28307697.93581695,0.0004990806336175757,15072.4,452503,193143,3,SOV@3:2,none,"C,E","3,2,1",8,"769,560,308,544,314",12,30,True,3,8
W2_B3_V8_S5_T12,tests/5W3B,CE,5,2,26393986.62002162,0.00048731112206845147,6999.26,452828,193143,3,SOV@3:2,none,"C,E","3,2,1",8,"501,90,107,211,155",12,30,True,3,8
W2_B3_V8_S5_T12,tests/5W3B,DE,5,1,35201135.50318291,0.00026910842004686204,3218.18,449139,193143,1,SOV@1:2,"Oct|CTV@1:1, Nov|CTV@1:1","D,E","3,2,1",8,"769,560,308,544,314",12,30,True,3,8
W2_B3_V8_S5_T12,tests/5W3B,DE,5,2,33483657.941632673,0.0004971911142462778,4211.92,449136,193143,1,SOV@1:2,"Jan|CTV@1:1, Dec|CTV@1:1","D,E","3,2,1",8,"501,90,107,211,155",12,30,True,3,8
