scenarioID,seed
0,89250
1,773956
2,654571
3,438878
4,433015
5,858597
6,85945
7,697368
8,201469
9,94177
10,526478
11,975622
12,735752
13,761139
14,717477
15,786064
16,513226
17,128113
18,839748
19,450385
20,500351
21,370798
22,182549
23,926764
24,781567
25,643865
26,402414
27,822761
28,545429
29,443414
30,450459
31,227238
32,92135
33,554584
34,887889
35,63817
36,858291
37,827631
38,276759
39,631664
40,165229
41,758087
42,700522
43,354525
44,67920
45,970698
46,445687
47,893121
48,677919
49,778383
50,759899
51,194638
52,363906
53,466721
54,497791
55,43803
56,546569
57,154289
58,743375
59,683048
60,922527
61,744762
62,366642
63,967509
64,410850
65,325825
66,905535
67,370459
68,76343
69,469555
70,795679
71,189471
72,462940
73,129921
74,686478
75,475704
76,330196
77,226909
78,564499
79,669813
80,940306
81,437151
82,160688
83,832678
84,629764
85,700265
86,97226
87,312366
88,767843
89,832259
90,435216
91,804764
92,841691
93,387478
94,898087
95,288328
96,239557
97,682495
98,636761
99,139752
100,832736
101,199908
102,804899
103,7362
104,796842
105,786924
106,780364
107,664850
108,471567
109,705165
110,277121
111,780729
112,555646
113,458915
114,505606
115,568741
116,37262
117,139796
118,245481
119,114530
120,439613
121,668402
122,654428
123,471096
124,855080
125,565236
126,79197
127,764998
128,574600
129,634718
130,565373
131,553579
132,90566
133,559207
134,794912
135,303950
136,602838
137,30817
138,347499
139,436717
140,982738
141,214584
142,276548
143,408528
144,992665
145,853403
146,34692
147,233939
148,821674
149,58302
150,855670
151,281383
152,917652
153,293593
154,434316
155,661916
156,126280
157,557032
158,505015
159,783898
160,996106
161,664313
162,409186
163,406386
164,417958
165,814020
166,321215
167,166972
168,334291
169,22712
170,106142
171,90047
172,771552
173,722359
174,696770
175,461877
176,717058
177,161271
178,900621
179,501044
180,938051
181,152312
182,497330
183,696320
184,495625
185,446156
186,166214
187,381021
188,238766
189,301512
190,683700
191,630282
192,607196
193,361812
194,959692
195,87649
196,342590
197,118005
198,338943
199,961897
200,366263
201,908580
202,495065
203,699707
204,457417
205,265869
206,764229
207,969176
208,263524
209,778750
210,261140
211,716890
212,789006
213,449361
214,736919
215,272241
216,79253
217,96390
218,447023
219,902602
220,127576
221,455776
222,704032
223,202363
224,721616
225,305956
226,808660
227,579219
228,546907
229,176772
230,463205
231,856614
232,19523
233,758519
234,492762
235,719462
236,663298
237,432093
238,308667
239,627308
240,140224
241,584097
242,94694
243,649846
244,628745
245,84444
246,757487
247,415807
248,786886
249,41614
250,179456
251,493990
252,188225
253,329861
254,660599
255,144524
256,677702
257,103402
258,175185
259,587644
260,793483
261,170592
262,299992
263,925120
264,989683
265,581061
266,447038
267,346869
268,612451
269,590915
270,294753
271,22803
272,151498
273,958559
274,418154
275,482303
276,467107
277,782735
278,64956
279,82729
280,275847
281,486658
282,671124
283,490706
284,441168
285,937826
286,161018
287,571728
288,542244
289,473489
290,807597
291,266975
292,953772
293,331568
294,545004
295,520672
296,849777
297,438911
298,284558
299,21612
300,363678
301,826291
302,9916
303,896160
304,542827
305,140249
306,302179
307,554036
308,315692
309,108575
310,665988
311,672240
312,118874
313,281233
314,243873
315,659422
316,730295
317,726994
318,938761
319,768647
320,320679
321,107740
322,614642
323,916011
324,975155
325,230213
326,236455
327,37412
328,141262
329,554852
330,546803
331,370922
332,309955
333,829789
334,460033
335,808251
336,963211
337,317138
338,202738
339,952899
340,634831
341,290917
342,621859
343,515057
344,905532
345,255965
346,991382
347,936043
348,180701
349,164607
350,533156
351,44910
352,298797
353,435097
354,969373
355,992375
356,151539
357,891677
358,90928
359,748608
360,845642
361,890792
362,223417
363,893446
364,115980
365,518858
366,469545
367,315929
368,22114
369,772012
370,335583
371,661661
372,410219
373,373657
374,886295
375,94466
376,736617
377,746789
378,379991
379,262460
380,5307
381,936813
382,947731
383,240970
384,31911
385,122757
386,67642
387,831112
388,891911
389,153284
390,746739
391,179268
392,367208
393,599382
394,719926
395,874562
396,44784
397,196434
398,280508
399,310323
400,998027
401,777404
402,320417
403,971826
404,499306
405,500741
406,433698
407,143897
408,934372
409,13936
410,174278
411,229656
412,279297
413,131822
414,17961
415,677658
416,969309
417,121832
418,296535
419,506329
420,927502
421,694262
422,766188
423,581116
424,417035
425,199775
426,864314
427,804124
428,25101
429,715407
430,84388
431,738984
432,825953
433,131057
434,433835
435,123753
436,567282
437,927562
438,80869
439,397578
440,973120
441,300948
442,132216
443,488584
444,508372
445,662864
446,313737
447,955623
448,521022
449,286446
450,960284
451,924808
452,499164
453,24859
454,596936
455,555198
456,148208
457,633975
458,840793
459,105897
460,723322
461,140339
462,748826
463,419114
464,6511
465,966231
466,165970
467,596042
468,181468
469,933023
470,738325
471,804360
472,432079
473,467381
474,634301
475,784763
476,846979
477,17836
478,663561
479,109143
480,287931
481,829428
482,250513
483,796817
484,463007
485,232640
486,334244
487,530769
488,765147
489,606015
490,933223
491,867738
492,753353
493,603107
494,289855
495,412571
496,118894
497,374184
498,926472
499,425882
500,113728
501,651931
502,962614
503,867490
504,274076
505,453896
506,531016
507,247839
508,268691
509,236662
510,994581
511,746014
512,840856
513,816568
514,959143
515,105278
516,881632
517,66558
518,475421
519,594433
520,357861
521,146173
522,192301
523,824664
524,318723
525,310334
526,923361
527,143871
528,915266
529,920970
530,598559
531,165531
532,155860
533,284720
534,577415
535,153613
536,455657
537,115490
538,540284
539,21148
540,709036
541,55395
542,194821
543,174641
544,830994
545,53381
546,429259
547,591143
548,515995
549,680714
550,803101
551,393630
552,828217
553,317991
554,984422
555,504526
556,736013
557,875004
558,792651
559,851131
560,536513
561,43475
562,493083
563,181498
564,889116
565,236744
566,228069
567,249387
568,642566
569,571232
570,948840
571,416262
572,282278
573,49254
574,7075
575,373614
576,925817
577,523752
578,893547
579,101671
580,93321
581,833458
582,106742
583,51961
584,404092
585,924841
586,689383
587,99113
588,837131
589,843574
590,800696
591,902653
592,239878
593,979570
594,320696
595,802025
596,579364
597,779477
598,627819
599,642483
600,616284
601,778996
602,739042
603,134552
604,826054
605,536068
606,323083
607,514222
608,966983
609,857572
610,833698
611,462799
612,784137
613,385089
614,686165
615,639563
616,249798
617,266463
618,61133
619,139768
620,433618
621,477877
622,165120
623,416889
624,604177
625,232569
626,338236
627,367511
628,505053
629,366392
630,736944
631,327495
632,433896
633,379464
634,182915
635,685743
636,235446
637,296876
638,792751
639,948857
640,670843
641,916348
642,854190
643,480910
644,770290
645,328361
646,460497
647,535434
648,960493
649,848560
650,489252
651,652587
652,202356
653,804391
654,553037
655,532722
656,766283
657,632917
658,72467
659,288155
660,176718
661,734893
662,35147
663,202404
664,597445
665,694798
666,503304
667,860719
668,918940
669,132102
670,952511
671,614379
672,636219
673,95095
674,621871
675,725715
676,580791
677,84493
678,523227
679,935939
680,723416
681,137407
682,959938
683,958880
684,169395
685,800884
686,406717
687,593682
688,445186
689,782624
690,996659
691,795114
692,931371
693,946027
694,90105
695,253383
696,721856
697,590075
698,50146
699,95049
700,520547
701,616165
702,167719
703,171291
704,129340
705,564950
706,7853
707,572430
708,475928
709,465985
710,679276
711,522631
712,727748
713,763923
714,920117
715,799244
716,517706
717,492153
718,235708
719,599593
720,139135
721,931236
722,845044
723,119733
724,785955
725,117103
726,721225
727,87709
728,488193
729,657863
730,728810
731,418608
732,921623
733,774321
734,208264
735,671231
736,730534
737,333637
738,738231
739,898366
740,817114
741,762532
742,634497
743,270534
744,795222
745,364192
746,532196
747,314439
748,313017
749,157611
750,961297
751,147783
752,86258
753,936127
754,555013
755,437904
756,737491
757,383319
758,127921
759,729685
760,175999
761,552993
762,949066
763,936139
764,360782
765,780301
766,612675
767,479369
768,139928
769,376359
770,651918
771,986631
772,4890
773,717760
774,846336
775,951194
776,423803
777,118478
778,270967
779,850533
780,877934
781,637073
782,122740
783,121921
784,478172
785,588257
786,32378
787,686096
788,544510
789,12302
790,95677
791,454317
792,722585
793,825399
794,431301
795,295359
796,968310
797,458548
798,315389
799,442314
800,12091
801,301927
802,515554
803,918441
804,738226
805,781294
806,544901
807,110588
808,390926
809,997034
810,44171
811,879200
812,684495
813,283908
814,777988
815,836896
816,43219
817,106419
818,665749
819,999104
820,23966
821,665684
822,136524
823,650125
824,623314
825,90440
826,680728
827,897033
828,863443
829,28999
830,245916
831,240828
832,453292
833,143021
834,854346
835,776767
836,808349
837,198204
838,14572
839,910638
840,288908
841,656269
842,909436
843,36162
844,5473
845,5429
846,156325
847,51657
848,819980
849,605925
850,980046
851,801481
852,963187
853,238552
854,287799
855,849408
856,244882
857,57231
858,669130
859,800963
860,968196
861,927795
862,120230
863,772108
864,846127
865,698120
866,819799
867,837980
868,446550
869,40151
870,456194
871,201782
872,113729
873,124923
874,697373
875,504530
876,539838
877,745188
878,548267
879,630011
880,86024
881,851131
882,448780
883,155212
884,813328
885,734621
886,53025
887,193041
888,15749
889,270758
890,99980
891,709904
892,522553
893,980204
894,749424
895,611543
896,509313
897,54500
898,70201
899,616308
900,4379
901,42350
902,219135
903,884145
904,458930
905,709578
906,411562
907,173127
908,371156
909,91721
910,770253
911,183533
912,376376
913,980027
914,591963
915,458560
916,543012
917,784080
918,254481
919,636408
920,872691
921,572413
922,446540
923,145130
924,248289
925,946024
926,541259
927,301342
928,418368
929,578017
930,537547
931,699775
932,257492
933,649233
934,442677
935,940594
936,157922
937,148438
938,461658
939,508352
940,690875
941,404034
942,913715
943,474168
944,129336
945,119217
946,973405
947,134094
948,947851
949,278075
950,93409
951,304704
952,614698
953,427903
954,785580
955,610987
956,400783
957,634629
958,971462
959,411810
960,153443
961,408783
962,840114
963,217628
964,949142
965,588306
966,601573
967,317040
968,920457
969,36059
970,298671
971,418400
972,477275
973,474132
974,147924
975,225592
976,95242
977,572457
978,350868
979,565771
980,589714
981,702002
982,547035
983,647948
984,587150
985,652433
986,616643
987,316214
988,246284
989,787432
990,342701
991,549144
992,196973
993,431418
994,529663
995,626012
996,526376
997,360657
998,961771
999,512739
