wave_ctv,oneway_hours,oneway_hours_realized,oneway_km_realized,instance_id,iss_objective,iss_first_stage_cost,iss_second_stage_cost,iss_downtime_cost,iss_travel_cost_S,iss_travel_cost_M,oos_objective,ctv_lt_count,ctv_st_count,uses_ctv,gamma_LT,gamma_ST,solution_signature
1.5,0.5,0.49943861910963483,17.48035166883722,1,18989321.422884785,6194168.5,12795152.92288478,12784832.523259532,1230.6167574861404,9089.782867795333,18834433.016447246,0,2,1,SOV|3:1,CTV|3|Feb:1;CTV|3|Jan:1,alpha:SOV1|3|Apr=1;alpha:SOV1|3|Aug=1;alpha:SOV1|3|Dec=1;alpha:SOV1|3|Feb=1;alpha:SOV1|3|Jan=1;alpha:SOV1|3|Jul=1;alpha:SOV1|3|Jun=1;alpha:SOV1|3|Mar=1;alpha:SOV1|3|May=1;alpha:SOV1|3|Nov=1;alpha:SOV1|3|Oct=1;alpha:SOV1|3|Sep=1;eta:3=1;gamma_LT:SOV|3=1;gamma_ST:CTV|3|Feb=1;gamma_ST:CTV|3|Jan=1
1.5,0.5,0.49943861910963483,17.48035166883722,2,19475072.706462536,6003036.0,13472036.706462527,13462219.740965338,727.1826294236283,9089.782867795333,18733229.296516035,0,1,1,SOV|3:1,CTV|3|Jan:1,alpha:SOV1|3|Apr=1;alpha:SOV1|3|Aug=1;alpha:SOV1|3|Dec=1;alpha:SOV1|3|Feb=1;alpha:SOV1|3|Jan=1;alpha:SOV1|3|Jul=1;alpha:SOV1|3|Jun=1;alpha:SOV1|3|Mar=1;alpha:SOV1|3|May=1;alpha:SOV1|3|Nov=1;alpha:SOV1|3|Oct=1;alpha:SOV1|3|Sep=1;eta:3=1;gamma_LT:SOV|3=1;gamma_ST:CTV|3|Jan=1
1.5,0.5,0.49943861910963483,17.48035166883722,3,17377647.80308472,5811903.5,11565744.303084724,11556654.520216957,0.0,9089.782867795333,18784593.239510175,0,0,0,SOV|3:1,,alpha:SOV1|3|Apr=1;alpha:SOV1|3|Aug=1;alpha:SOV1|3|Dec=1;alpha:SOV1|3|Feb=1;alpha:SOV1|3|Jan=1;alpha:SOV1|3|Jul=1;alpha:SOV1|3|Jun=1;alpha:SOV1|3|Mar=1;alpha:SOV1|3|May=1;alpha:SOV1|3|Nov=1;alpha:SOV1|3|Oct=1;alpha:SOV1|3|Sep=1;eta:3=1;gamma_LT:SOV|3=1
1.5,0.5,0.49943861910963483,17.48035166883722,4,21205167.567918714,6194168.5,15010999.067918688,15000678.668293439,1230.6167574861404,9089.782867795333,18806643.710526425,0,2,1,SOV|3:1,CTV|3|Jan:1;CTV|3|Nov:1,alpha:SOV1|3|Apr=1;alpha:SOV1|3|Aug=1;alpha:SOV1|3|Dec=1;alpha:SOV1|3|Feb=1;alpha:SOV1|3|Jan=1;alpha:SOV1|3|Jul=1;alpha:SOV1|3|Jun=1;alpha:SOV1|3|Mar=1;alpha:SOV1|3|May=1;alpha:SOV1|3|Nov=1;alpha:SOV1|3|Oct=1;alpha:SOV1|3|Sep=1;eta:3=1;gamma_LT:SOV|3=1;gamma_ST:CTV|3|Jan=1;gamma_ST:CTV|3|Nov=1
1.5,0.5,0.49943861910963483,17.48035166883722,5,19222031.214194346,5811903.5,13410127.714194352,13401037.931326585,0.0,9089.782867795333,18784593.239510175,0,0,0,SOV|3:1,,alpha:SOV1|3|Apr=1;alpha:SOV1|3|Aug=1;alpha:SOV1|3|Dec=1;alpha:SOV1|3|Feb=1;alpha:SOV1|3|Jan=1;alpha:SOV1|3|Jul=1;alpha:SOV1|3|Jun=1;alpha:SOV1|3|Mar=1;alpha:SOV1|3|May=1;alpha:SOV1|3|Nov=1;alpha:SOV1|3|Oct=1;alpha:SOV1|3|Sep=1;eta:3=1;gamma_LT:SOV|3=1
1.5,0.5,0.49943861910963483,17.48035166883722,6,17963448.767045535,6003036.0,11960412.767045528,11950651.73867368,671.2455040833493,9089.782867795333,18733229.296516035,0,1,1,SOV|3:1,CTV|3|Jan:1,alpha:SOV1|3|Apr=1;alpha:SOV1|3|Aug=1;alpha:SOV1|3|Dec=1;alpha:SOV1|3|Feb=1;alpha:SOV1|3|Jan=1;alpha:SOV1|3|Jul=1;alpha:SOV1|3|Jun=1;alpha:SOV1|3|Mar=1;alpha:SOV1|3|May=1;alpha:SOV1|3|Nov=1;alpha:SOV1|3|Oct=1;alpha:SOV1|3|Sep=1;eta:3=1;gamma_LT:SOV|3=1;gamma_ST:CTV|3|Jan=1
1.5,1.0,0.998875457538814,34.96064101385849,1,19051340.96783224,6194168.5,12857172.467832066,12836643.579428924,2349.3550761312904,18179.53332720644,18868247.51489666,0,2,1,SOV|3:1,CTV|3|Feb:1;CTV|3|Jan:1,alpha:SOV1|3|Apr=1;alpha:SOV1|3|Aug=1;alpha:SOV1|3|Dec=1;alpha:SOV1|3|Feb=1;alpha:SOV1|3|Jan=1;alpha:SOV1|3|Jul=1;alpha:SOV1|3|Jun=1;alpha:SOV1|3|Mar=1;alpha:SOV1|3|May=1;alpha:SOV1|3|Nov=1;alpha:SOV1|3|Oct=1;alpha:SOV1|3|Sep=1;eta:3=1;gamma_LT:SOV|3=1;gamma_ST:CTV|3|Feb=1;gamma_ST:CTV|3|Jan=1
1.5,1.0,0.998875457538814,34.96064101385849,2,19542511.78357601,6003036.0,13539475.783575816,13519953.761633879,1342.4886149321658,18179.53332720644,18759944.95633857,0,1,1,SOV|3:1,CTV|3|Jan:1,alpha:SOV1|3|Apr=1;alpha:SOV1|3|Aug=1;alpha:SOV1|3|Dec=1;alpha:SOV1|3|Feb=1;alpha:SOV1|3|Jan=1;alpha:SOV1|3|Jul=1;alpha:SOV1|3|Jun=1;alpha:SOV1|3|Mar=1;alpha:SOV1|3|May=1;alpha:SOV1|3|Nov=1;alpha:SOV1|3|Oct=1;alpha:SOV1|3|Sep=1;eta:3=1;gamma_LT:SOV|3=1;gamma_ST:CTV|3|Jan=1
1.5,1.0,0.998875457538814,34.96064101385849,3,17386757.73805558,5811903.5,11574854.238055382,11556674.704728384,0.0,18179.53332720644,18793711.476464715,0,0,0,SOV|3:1,,alpha:SOV1|3|Apr=1;alpha:SOV1|3|Aug=1;alpha:SOV1|3|Dec=1;alpha:SOV1|3|Feb=1;alpha:SOV1|3|Jan=1;alpha:SOV1|3|Jul=1;alpha:SOV1|3|Jun=1;alpha:SOV1|3|Mar=1;alpha:SOV1|3|May=1;alpha:SOV1|3|Nov=1;alpha:SOV1|3|Oct=1;alpha:SOV1|3|Sep=1;eta:3=1;gamma_LT:SOV|3=1
1.5,1.0,0.998875457538814,34.96064101385849,4,21239885.24724744,6003036.0,15236849.247247221,15217774.721510263,894.9924099547773,18179.53332720644,18888979.462308563,0,1,1,SOV|3:1,CTV|3|Nov:1,alpha:SOV1|3|Apr=1;alpha:SOV1|3|Aug=1;alpha:SOV1|3|Dec=1;alpha:SOV1|3|Feb=1;alpha:SOV1|3|Jan=1;alpha:SOV1|3|Jul=1;alpha:SOV1|3|Jun=1;alpha:SOV1|3|Mar=1;alpha:SOV1|3|May=1;alpha:SOV1|3|Nov=1;alpha:SOV1|3|Oct=1;alpha:SOV1|3|Sep=1;eta:3=1;gamma_LT:SOV|3=1;gamma_ST:CTV|3|Nov=1
1.5,1.0,0.998875457538814,34.96064101385849,5,19231120.964653768,5811903.5,13419217.46465358,13401037.931326581,0.0,18179.53332720644,18793711.476464715,0,0,0,SOV|3:1,,alpha:SOV1|3|Apr=1;alpha:SOV1|3|Aug=1;alpha:SOV1|3|Dec=1;alpha:SOV1|3|Feb=1;alpha:SOV1|3|Jan=1;alpha:SOV1|3|Jul=1;alpha:SOV1|3|Jun=1;alpha:SOV1|3|Mar=1;alpha:SOV1|3|May=1;alpha:SOV1|3|Nov=1;alpha:SOV1|3|Oct=1;alpha:SOV1|3|Sep=1;eta:3=1;gamma_LT:SOV|3=1
1.5,1.0,0.998875457538814,34.96064101385849,6,18019034.162815932,6003036.0,12015998.162815746,11996588.014925053,1230.6145636878186,18179.53332720644,18759944.95633857,0,1,1,SOV|3:1,CTV|3|Jan:1,alpha:SOV1|3|Apr=1;alpha:SOV1|3|Aug=1;alpha:SOV1|3|Dec=1;alpha:SOV1|3|Feb=1;alpha:SOV1|3|Jan=1;alpha:SOV1|3|Jul=1;alpha:SOV1|3|Jun=1;alpha:SOV1|3|Mar=1;alpha:SOV1|3|May=1;alpha:SOV1|3|Nov=1;alpha:SOV1|3|Oct=1;alpha:SOV1|3|Sep=1;eta:3=1;gamma_LT:SOV|3=1;gamma_ST:CTV|3|Jan=1
1.5,1.5,1.4983087345866284,52.44080571053199,1,19105889.83857008,6194168.5,12911721.338570267,12881095.908035152,3356.211565474049,27269.21896947664,18915852.88933097,0,2,1,SOV|3:1,CTV|3|Feb:1;CTV|3|Jan:1,alpha:SOV1|3|Apr=1;alpha:SOV1|3|Aug=1;alpha:SOV1|3|Dec=1;alpha:SOV1|3|Feb=1;alpha:SOV1|3|Jan=1;alpha:SOV1|3|Jul=1;alpha:SOV1|3|Jun=1;alpha:SOV1|3|Mar=1;alpha:SOV1|3|May=1;alpha:SOV1|3|Nov=1;alpha:SOV1|3|Oct=1;alpha:SOV1|3|Sep=1;eta:3=1;gamma_LT:SOV|3=1;gamma_ST:CTV|3|Feb=1;gamma_ST:CTV|3|Jan=1
1.5,1.5,1.4983087345866284,52.44080571053199,2,19563340.511020117,6003036.0,13560304.511020284,13530853.754533084,2181.5375175581316,27269.21896947664,18792092.972542513,0,1,1,SOV|3:1,CTV|3|Jan:1,alpha:SOV1|3|Apr=1;alpha:SOV1|3|Aug=1;alpha:SOV1|3|Dec=1;alpha:SOV1|3|Feb=1;alpha:SOV1|3|Jan=1;alpha:SOV1|3|Jul=1;alpha:SOV1|3|Jun=1;alpha:SOV1|3|Mar=1;alpha:SOV1|3|May=1;alpha:SOV1|3|Nov=1;alpha:SOV1|3|Oct=1;alpha:SOV1|3|Sep=1;eta:3=1;gamma_LT:SOV|3=1;gamma_ST:CTV|3|Jan=1
1.5,1.5,1.4983087345866284,52.44080571053199,3,17395827.239186406,5811903.5,11583923.739186602,11556654.520216959,0.0,27269.21896947664,18802820.4770493,0,0,0,SOV|3:1,,alpha:SOV1|3|Apr=1;alpha:SOV1|3|Aug=1;alpha:SOV1|3|Dec=1;alpha:SOV1|3|Feb=1;alpha:SOV1|3|Jan=1;alpha:SOV1|3|Jul=1;alpha:SOV1|3|Jun=1;alpha:SOV1|3|Mar=1;alpha:SOV1|3|May=1;alpha:SOV1|3|Nov=1;alpha:SOV1|3|Oct=1;alpha:SOV1|3|Sep=1;eta:3=1;gamma_LT:SOV|3=1
1.5,1.5,1.4983087345866284,52.44080571053199,4,21256963.66642295,6003036.0,15253927.666423108,15225483.77340555,1174.6740479159166,27269.21896947664,18913297.226363514,0,1,1,SOV|3:1,CTV|3|Nov:1,alpha:SOV1|3|Apr=1;alpha:SOV1|3|Aug=1;alpha:SOV1|3|Dec=1;alpha:SOV1|3|Feb=1;alpha:SOV1|3|Jan=1;alpha:SOV1|3|Jul=1;alpha:SOV1|3|Jun=1;alpha:SOV1|3|Mar=1;alpha:SOV1|3|May=1;alpha:SOV1|3|Nov=1;alpha:SOV1|3|Oct=1;alpha:SOV1|3|Sep=1;eta:3=1;gamma_LT:SOV|3=1;gamma_ST:CTV|3|Nov=1
1.5,1.5,1.4983087345866284,52.44080571053199,5,19240210.650296032,5811903.5,13428307.150296226,13401037.931326583,0.0,27269.21896947664,18802820.4770493,0,0,0,SOV|3:1,,alpha:SOV1|3|Apr=1;alpha:SOV1|3|Aug=1;alpha:SOV1|3|Dec=1;alpha:SOV1|3|Feb=1;alpha:SOV1|3|Jan=1;alpha:SOV1|3|Jul=1;alpha:SOV1|3|Jun=1;alpha:SOV1|3|Mar=1;alpha:SOV1|3|May=1;alpha:SOV1|3|Nov=1;alpha:SOV1|3|Oct=1;alpha:SOV1|3|Sep=1;eta:3=1;gamma_LT:SOV|3=1
1.5,1.5,1.4983087345866284,52.44080571053199,6,18048962.65469522,6003036.0,12045926.6546954,12016979.32994302,1678.1057827370241,27269.21896947664,18792092.972542513,0,1,1,SOV|3:1,CTV|3|Jan:1,alpha:SOV1|3|Apr=1;alpha:SOV1|3|Aug=1;alpha:SOV1|3|Dec=1;alpha:SOV1|3|Feb=1;alpha:SOV1|3|Jan=1;alpha:SOV1|3|Jul=1;alpha:SOV1|3|Jun=1;alpha:SOV1|3|Mar=1;alpha:SOV1|3|May=1;alpha:SOV1|3|Nov=1;alpha:SOV1|3|Oct=1;alpha:SOV1|3|Sep=1;eta:3=1;gamma_LT:SOV|3=1;gamma_ST:CTV|3|Jan=1
1.5,2.0,1.997736669511238,69.92078343289333,1,19160530.585189257,6003036.0,13157494.585189393,13118898.312734311,2237.465069852587,36358.807385104534,18818075.610860933,0,1,1,SOV|3:1,CTV|3|Jan:1,alpha:SOV1|3|Apr=1;alpha:SOV1|3|Aug=1;alpha:SOV1|3|Dec=1;alpha:SOV1|3|Feb=1;alpha:SOV1|3|Jan=1;alpha:SOV1|3|Jul=1;alpha:SOV1|3|Jun=1;alpha:SOV1|3|Mar=1;alpha:SOV1|3|May=1;alpha:SOV1|3|Nov=1;alpha:SOV1|3|Oct=1;alpha:SOV1|3|Sep=1;eta:3=1;gamma_LT:SOV|3=1;gamma_ST:CTV|3|Jan=1
1.5,2.0,1.997736669511238,69.92078343289333,2,19581523.56972574,6003036.0,13578487.569725871,13539220.057749834,2908.7045908083633,36358.807385104534,18818075.610860933,0,1,1,SOV|3:1,CTV|3|Jan:1,alpha:SOV1|3|Apr=1;alpha:SOV1|3|Aug=1;alpha:SOV1|3|Dec=1;alpha:SOV1|3|Feb=1;alpha:SOV1|3|Jan=1;alpha:SOV1|3|Jul=1;alpha:SOV1|3|Jun=1;alpha:SOV1|3|Mar=1;alpha:SOV1|3|May=1;alpha:SOV1|3|Nov=1;alpha:SOV1|3|Oct=1;alpha:SOV1|3|Sep=1;eta:3=1;gamma_LT:SOV|3=1;gamma_ST:CTV|3|Jan=1
1.5,2.0,1.997736669511238,69.92078343289333,3,17404916.827602044,5811903.5,11593013.327602178,11556654.52021695,0.0,36358.807385104534,18811884.190521456,0,0,0,SOV|3:1,,alpha:SOV1|3|Apr=1;alpha:SOV1|3|Aug=1;alpha:SOV1|3|Dec=1;alpha:SOV1|3|Feb=1;alpha:SOV1|3|Jan=1;alpha:SOV1|3|Jul=1;alpha:SOV1|3|Jun=1;alpha:SOV1|3|Mar=1;alpha:SOV1|3|May=1;alpha:SOV1|3|Nov=1;alpha:SOV1|3|Oct=1;alpha:SOV1|3|Sep=1;eta:3=1;gamma_LT:SOV|3=1
1.5,2.0,1.997736669511238,69.92078343289333,4,21273687.397577718,5811903.5,15461783.897577848,15425425.09019262,0.0,36358.807385104534,18811884.190521456,0,0,0,SOV|3:1,,alpha:SOV1|3|Apr=1;alpha:SOV1|3|Aug=1;alpha:SOV1|3|Dec=1;alpha:SOV1|3|Feb=1;alpha:SOV1|3|Jan=1;alpha:SOV1|3|Jul=1;alpha:SOV1|3|Jun=1;alpha:SOV1|3|Mar=1;alpha:SOV1|3|May=1;alpha:SOV1|3|Nov=1;alpha:SOV1|3|Oct=1;alpha:SOV1|3|Sep=1;eta:3=1;gamma_LT:SOV|3=1
1.5,2.0,1.997736669511238,69.92078343289333,5,19249300.23871167,5811903.5,13437396.738711817,13401037.931326589,0.0,36358.807385104534,18811884.190521456,0,0,0,SOV|3:1,,alpha:SOV1|3|Apr=1;alpha:SOV1|3|Aug=1;alpha:SOV1|3|Dec=1;alpha:SOV1|3|Feb=1;alpha:SOV1|3|Jan=1;alpha:SOV1|3|Jul=1;alpha:SOV1|3|Jun=1;alpha:SOV1|3|Mar=1;alpha:SOV1|3|May=1;alpha:SOV1|3|Nov=1;alpha:SOV1|3|Oct=1;alpha:SOV1|3|Sep=1;eta:3=1;gamma_LT:SOV|3=1
1.5,2.0,1.997736669511238,69.92078343289333,6,18061690.50593848,5811903.5,12249787.005938603,12213428.198553374,0.0,36358.807385104534,18811884.190521456,0,0,0,SOV|3:1,,alpha:SOV1|3|Apr=1;alpha:SOV1|3|Aug=1;alpha:SOV1|3|Dec=1;alpha:SOV1|3|Feb=1;alpha:SOV1|3|Jan=1;alpha:SOV1|3|Jul=1;alpha:SOV1|3|Jun=1;alpha:SOV1|3|Mar=1;alpha:SOV1|3|May=1;alpha:SOV1|3|Nov=1;alpha:SOV1|3|Oct=1;alpha:SOV1|3|Sep=1;eta:3=1;gamma_LT:SOV|3=1
1.6,0.5,0.49943861910963483,17.48035166883722,1,18760919.99334361,6576433.5,12184486.493343603,12173942.345216993,1454.3652588472573,9089.782867795333,19145620.63126496,0,4,1,SOV|3:1,CTV|3|Feb:3;CTV|3|Jan:1,alpha:SOV1|3|Apr=1;alpha:SOV1|3|Aug=1;alpha:SOV1|3|Dec=1;alpha:SOV1|3|Feb=1;alpha:SOV1|3|Jan=1;alpha:SOV1|3|Jul=1;alpha:SOV1|3|Jun=1;alpha:SOV1|3|Mar=1;alpha:SOV1|3|May=1;alpha:SOV1|3|Nov=1;alpha:SOV1|3|Oct=1;alpha:SOV1|3|Sep=1;eta:3=1;gamma_LT:SOV|3=1;gamma_ST:CTV|3|Feb=3;gamma_ST:CTV|3|Jan=1
1.6,0.5,0.49943861910963483,17.48035166883722,2,19475072.70646253,6003036.0,13472036.706462521,13462219.740965333,727.1826294236283,9089.782867795333,18733217.473886367,0,1,1,SOV|3:1,CTV|3|Jan:1,alpha:SOV1|3|Apr=1;alpha:SOV1|3|Aug=1;alpha:SOV1|3|Dec=1;alpha:SOV1|3|Feb=1;alpha:SOV1|3|Jan=1;alpha:SOV1|3|Jul=1;alpha:SOV1|3|Jun=1;alpha:SOV1|3|Mar=1;alpha:SOV1|3|May=1;alpha:SOV1|3|Nov=1;alpha:SOV1|3|Oct=1;alpha:SOV1|3|Sep=1;eta:3=1;gamma_LT:SOV|3=1;gamma_ST:CTV|3|Jan=1
1.6,0.5,0.49943861910963483,17.48035166883722,3,17324531.34512057,6003036.0,11321495.345120555,11311510.568247346,894.9940054444655,9089.782867795333,18687671.4783969,0,1,1,SOV|3:1,CTV|3|Dec:1,alpha:SOV1|3|Apr=1;alpha:SOV1|3|Aug=1;alpha:SOV1|3|Dec=1;alpha:SOV1|3|Feb=1;alpha:SOV1|3|Jan=1;alpha:SOV1|3|Jul=1;alpha:SOV1|3|Jun=1;alpha:SOV1|3|Mar=1;alpha:SOV1|3|May=1;alpha:SOV1|3|Nov=1;alpha:SOV1|3|Oct=1;alpha:SOV1|3|Sep=1;eta:3=1;gamma_LT:SOV|3=1;gamma_ST:CTV|3|Dec=1
1.6,0.5,0.49943861910963483,17.48035166883722,4,21191915.19302201,6194168.5,14997746.693021996,14987370.356271407,1286.5538828264196,9089.782867795333,18769935.1558568,0,2,1,SOV|3:1,CTV|3|Jan:1;CTV|3|Nov:1,alpha:SOV1|3|Apr=1;alpha:SOV1|3|Aug=1;alpha:SOV1|3|Dec=1;alpha:SOV1|3|Feb=1;alpha:SOV1|3|Jan=1;alpha:SOV1|3|Jul=1;alpha:SOV1|3|Jun=1;alpha:SOV1|3|Mar=1;alpha:SOV1|3|May=1;alpha:SOV1|3|Nov=1;alpha:SOV1|3|Oct=1;alpha:SOV1|3|Sep=1;eta:3=1;gamma_LT:SOV|3=1;gamma_ST:CTV|3|Jan=1;gamma_ST:CTV|3|Nov=1
1.6,0.5,0.49943861910963483,17.48035166883722,5,19222031.214194342,5811903.5,13410127.714194342,13401037.931326576,0.0,9089.782867795333,18784595.815285683,0,0,0,SOV|3:1,,alpha:SOV1|3|Apr=1;alpha:SOV1|3|Aug=1;alpha:SOV1|3|Dec=1;alpha:SOV1|3|Feb=1;alpha:SOV1|3|Jan=1;alpha:SOV1|3|Jul=1;alpha:SOV1|3|Jun=1;alpha:SOV1|3|Mar=1;alpha:SOV1|3|May=1;alpha:SOV1|3|Nov=1;alpha:SOV1|3|Oct=1;alpha:SOV1|3|Sep=1;eta:3=1;gamma_LT:SOV|3=1
1.6,0.5,0.49943861910963483,17.48035166883722,6,17963448.767045546,6003036.0,11960412.767045531,11950651.738673683,671.2455040833493,9089.782867795333,18733217.473886367,0,1,1,SOV|3:1,CTV|3|Jan:1,alpha:SOV1|3|Apr=1;alpha:SOV1|3|Aug=1;alpha:SOV1|3|Dec=1;alpha:SOV1|3|Feb=1;alpha:SOV1|3|Jan=1;alpha:SOV1|3|Jul=1;alpha:SOV1|3|Jun=1;alpha:SOV1|3|Mar=1;alpha:SOV1|3|May=1;alpha:SOV1|3|Nov=1;alpha:SOV1|3|Oct=1;alpha:SOV1|3|Sep=1;eta:3=1;gamma_LT:SOV|3=1;gamma_ST:CTV|3|Jan=1
1.6,1.0,0.998875457538814,34.96064101385849,1,18858713.373900995,6576433.5,12282279.873900812,12261191.615241451,2908.7253323530276,18179.53332720644,19184933.512700222,0,4,1,SOV|3:1,CTV|3|Feb:3;CTV|3|Jan:1,alpha:SOV1|3|Apr=1;alpha:SOV1|3|Aug=1;alpha:SOV1|3|Dec=1;alpha:SOV1|3|Feb=1;alpha:SOV1|3|Jan=1;alpha:SOV1|3|Jul=1;alpha:SOV1|3|Jun=1;alpha:SOV1|3|Mar=1;alpha:SOV1|3|May=1;alpha:SOV1|3|Nov=1;alpha:SOV1|3|Oct=1;alpha:SOV1|3|Sep=1;eta:3=1;gamma_LT:SOV|3=1;gamma_ST:CTV|3|Feb=3;gamma_ST:CTV|3|Jan=1
1.6,1.0,0.998875457538814,34.96064101385849,2,19542511.78357602,6003036.0,13539475.783575814,13519953.761633877,1342.4886149321658,18179.53332720644,18760006.887772627,0,1,1,SOV|3:1,CTV|3|Jan:1,alpha:SOV1|3|Apr=1;alpha:SOV1|3|Aug=1;alpha:SOV1|3|Dec=1;alpha:SOV1|3|Feb=1;alpha:SOV1|3|Jan=1;alpha:SOV1|3|Jul=1;alpha:SOV1|3|Jun=1;alpha:SOV1|3|Mar=1;alpha:SOV1|3|May=1;alpha:SOV1|3|Nov=1;alpha:SOV1|3|Oct=1;alpha:SOV1|3|Sep=1;eta:3=1;gamma_LT:SOV|3=1;gamma_ST:CTV|3|Jan=1
1.6,1.0,0.998875457538814,34.96064101385849,3,17385060.664070006,6003036.0,11382024.664069822,11362167.01997415,1678.1107686652072,18179.53332720644,18728243.18403267,0,1,1,SOV|3:1,CTV|3|Dec:1,alpha:SOV1|3|Apr=1;alpha:SOV1|3|Aug=1;alpha:SOV1|3|Dec=1;alpha:SOV1|3|Feb=1;alpha:SOV1|3|Jan=1;alpha:SOV1|3|Jul=1;alpha:SOV1|3|Jun=1;alpha:SOV1|3|Mar=1;alpha:SOV1|3|May=1;alpha:SOV1|3|Nov=1;alpha:SOV1|3|Oct=1;alpha:SOV1|3|Sep=1;eta:3=1;gamma_LT:SOV|3=1;gamma_ST:CTV|3|Dec=1
1.6,1.0,0.998875457538814,34.96064101385849,4,21230356.777227376,6003036.0,15227320.77722715,15208246.251490192,894.9924099547773,18179.53332720644,18849334.082430087,0,1,1,SOV|3:1,CTV|3|Nov:1,alpha:SOV1|3|Apr=1;alpha:SOV1|3|Aug=1;alpha:SOV1|3|Dec=1;alpha:SOV1|3|Feb=1;alpha:SOV1|3|Jan=1;alpha:SOV1|3|Jul=1;alpha:SOV1|3|Jun=1;alpha:SOV1|3|Mar=1;alpha:SOV1|3|May=1;alpha:SOV1|3|Nov=1;alpha:SOV1|3|Oct=1;alpha:SOV1|3|Sep=1;eta:3=1;gamma_LT:SOV|3=1;gamma_ST:CTV|3|Nov=1
1.6,1.0,0.998875457538814,34.96064101385849,5,19231120.964653764,5811903.5,13419217.464653585,13401037.931326587,0.0,18179.53332720644,18793723.288208984,0,0,0,SOV|3:1,,alpha:SOV1|3|Apr=1;alpha:SOV1|3|Aug=1;alpha:SOV1|3|Dec=1;alpha:SOV1|3|Feb=1;alpha:SOV1|3|Jan=1;alpha:SOV1|3|Jul=1;alpha:SOV1|3|Jun=1;alpha:SOV1|3|Mar=1;alpha:SOV1|3|May=1;alpha:SOV1|3|Nov=1;alpha:SOV1|3|Oct=1;alpha:SOV1|3|Sep=1;eta:3=1;gamma_LT:SOV|3=1
1.6,1.0,0.998875457538814,34.96064101385849,6,18019034.16281593,6003036.0,12015998.16281574,11996588.014925048,1230.6145636878186,18179.53332720644,18760006.887772627,0,1,1,SOV|3:1,CTV|3|Jan:1,alpha:SOV1|3|Apr=1;alpha:SOV1|3|Aug=1;alpha:SOV1|3|Dec=1;alpha:SOV1|3|Feb=1;alpha:SOV1|3|Jan=1;alpha:SOV1|3|Jul=1;alpha:SOV1|3|Jun=1;alpha:SOV1|3|Mar=1;alpha:SOV1|3|May=1;alpha:SOV1|3|Nov=1;alpha:SOV1|3|Oct=1;alpha:SOV1|3|Sep=1;eta:3=1;gamma_LT:SOV|3=1;gamma_ST:CTV|3|Jan=1
1.6,1.5,1.4983087345866284,52.44080571053199,1,18934839.44224744,6576433.5,12358405.942247625,12326773.648242868,4363.075035116263,27269.21896947664,19228946.04981664,0,4,1,SOV|3:1,CTV|3|Feb:3;CTV|3|Jan:1,alpha:SOV1|3|Apr=1;alpha:SOV1|3|Aug=1;alpha:SOV1|3|Dec=1;alpha:SOV1|3|Feb=1;alpha:SOV1|3|Jan=1;alpha:SOV1|3|Jul=1;alpha:SOV1|3|Jun=1;alpha:SOV1|3|Mar=1;alpha:SOV1|3|May=1;alpha:SOV1|3|Nov=1;alpha:SOV1|3|Oct=1;alpha:SOV1|3|Sep=1;eta:3=1;gamma_LT:SOV|3=1;gamma_ST:CTV|3|Feb=3;gamma_ST:CTV|3|Jan=1
1.6,1.5,1.4983087345866284,52.44080571053199,2,19563340.51102011,6003036.0,13560304.511020292,13530853.754533092,2181.5375175581316,27269.21896947664,18792099.73887697,0,1,1,SOV|3:1,CTV|3|Jan:1,alpha:SOV1|3|Apr=1;alpha:SOV1|3|Aug=1;alpha:SOV1|3|Dec=1;alpha:SOV1|3|Feb=1;alpha:SOV1|3|Jan=1;alpha:SOV1|3|Jul=1;alpha:SOV1|3|Jun=1;alpha:SOV1|3|Mar=1;alpha:SOV1|3|May=1;alpha:SOV1|3|Nov=1;alpha:SOV1|3|Oct=1;alpha:SOV1|3|Sep=1;eta:3=1;gamma_LT:SOV|3=1;gamma_ST:CTV|3|Jan=1
1.6,1.5,1.4983087345866284,52.44080571053199,3,17395827.239186414,5811903.5,11583923.739186596,11556654.520216953,0.0,27269.21896947664,18802787.796455238,0,0,0,SOV|3:1,,alpha:SOV1|3|Apr=1;alpha:SOV1|3|Aug=1;alpha:SOV1|3|Dec=1;alpha:SOV1|3|Feb=1;alpha:SOV1|3|Jan=1;alpha:SOV1|3|Jul=1;alpha:SOV1|3|Jun=1;alpha:SOV1|3|Mar=1;alpha:SOV1|3|May=1;alpha:SOV1|3|Nov=1;alpha:SOV1|3|Oct=1;alpha:SOV1|3|Sep=1;eta:3=1;gamma_LT:SOV|3=1
1.6,1.5,1.4983087345866284,52.44080571053199,4,21245642.583103977,6003036.0,15242606.583104149,15213994.879508317,1342.4846261896191,27269.21896947664,18875450.76238329,0,1,1,SOV|3:1,CTV|3|Nov:1,alpha:SOV1|3|Apr=1;alpha:SOV1|3|Aug=1;alpha:SOV1|3|Dec=1;alpha:SOV1|3|Feb=1;alpha:SOV1|3|Jan=1;alpha:SOV1|3|Jul=1;alpha:SOV1|3|Jun=1;alpha:SOV1|3|Mar=1;alpha:SOV1|3|May=1;alpha:SOV1|3|Nov=1;alpha:SOV1|3|Oct=1;alpha:SOV1|3|Sep=1;eta:3=1;gamma_LT:SOV|3=1;gamma_ST:CTV|3|Nov=1
1.6,1.5,1.4983087345866284,52.44080571053199,5,19240210.650296036,5811903.5,13428307.150296219,13401037.931326576,0.0,27269.21896947664,18802787.796455238,0,0,0,SOV|3:1,,alpha:SOV1|3|Apr=1;alpha:SOV1|3|Aug=1;alpha:SOV1|3|Dec=1;alpha:SOV1|3|Feb=1;alpha:SOV1|3|Jan=1;alpha:SOV1|3|Jul=1;alpha:SOV1|3|Jun=1;alpha:SOV1|3|Mar=1;alpha:SOV1|3|May=1;alpha:SOV1|3|Nov=1;alpha:SOV1|3|Oct=1;alpha:SOV1|3|Sep=1;eta:3=1;gamma_LT:SOV|3=1
1.6,1.5,1.4983087345866284,52.44080571053199,6,18048962.654695217,6003036.0,12045926.654695407,12016979.329943027,1678.1057827370241,27269.21896947664,18792099.73887697,0,1,1,SOV|3:1,CTV|3|Jan:1,alpha:SOV1|3|Apr=1;alpha:SOV1|3|Aug=1;alpha:SOV1|3|Dec=1;alpha:SOV1|3|Feb=1;alpha:SOV1|3|Jan=1;alpha:SOV1|3|Jul=1;alpha:SOV1|3|Jun=1;alpha:SOV1|3|Mar=1;alpha:SOV1|3|May=1;alpha:SOV1|3|Nov=1;alpha:SOV1|3|Oct=1;alpha:SOV1|3|Sep=1;eta:3=1;gamma_LT:SOV|3=1;gamma_ST:CTV|3|Jan=1
1.6,2.0,1.997736669511238,69.92078343289333,1,19037618.358649123,6194168.5,12843449.858649258,12802616.121124323,4474.930139705174,36358.807385104534,18917523.788031526,0,2,1,SOV|3:1,CTV|3|Feb:1;CTV|3|Jan:1,alpha:SOV1|3|Apr=1;alpha:SOV1|3|Aug=1;alpha:SOV1|3|Dec=1;alpha:SOV1|3|Feb=1;alpha:SOV1|3|Jan=1;alpha:SOV1|3|Jul=1;alpha:SOV1|3|Jun=1;alpha:SOV1|3|Mar=1;alpha:SOV1|3|May=1;alpha:SOV1|3|Nov=1;alpha:SOV1|3|Oct=1;alpha:SOV1|3|Sep=1;eta:3=1;gamma_LT:SOV|3=1;gamma_ST:CTV|3|Feb=1;gamma_ST:CTV|3|Jan=1
1.6,2.0,1.997736669511238,69.92078343289333,2,19581523.56972574,6003036.0,13578487.569725879,13539220.057749841,2908.7045908083633,36358.807385104534,18818005.44137353,0,1,1,SOV|3:1,CTV|3|Jan:1,alpha:SOV1|3|Apr=1;alpha:SOV1|3|Aug=1;alpha:SOV1|3|Dec=1;alpha:SOV1|3|Feb=1;alpha:SOV1|3|Jan=1;alpha:SOV1|3|Jul=1;alpha:SOV1|3|Jun=1;alpha:SOV1|3|Mar=1;alpha:SOV1|3|May=1;alpha:SOV1|3|Nov=1;alpha:SOV1|3|Oct=1;alpha:SOV1|3|Sep=1;eta:3=1;gamma_LT:SOV|3=1;gamma_ST:CTV|3|Jan=1
1.6,2.0,1.997736669511238,69.92078343289333,3,17405265.06841665,5811903.5,11593361.56841679,11557002.76103156,0.0,36358.807385104534,18811914.613174994,0,0,0,SOV|3:1,,alpha:SOV1|3|Apr=1;alpha:SOV1|3|Aug=1;alpha:SOV1|3|Dec=1;alpha:SOV1|3|Feb=1;alpha:SOV1|3|Jan=1;alpha:SOV1|3|Jul=1;alpha:SOV1|3|Jun=1;alpha:SOV1|3|Mar=1;alpha:SOV1|3|May=1;alpha:SOV1|3|Nov=1;alpha:SOV1|3|Oct=1;alpha:SOV1|3|Sep=1;eta:3=1;gamma_LT:SOV|3=1
1.6,2.0,1.997736669511238,69.92078343289333,4,21264708.128969364,6003036.0,15261672.12896949,15223523.34952838,1789.9720558820695,36358.807385104534,18900833.97508046,0,1,1,SOV|3:1,CTV|3|Nov:1,alpha:SOV1|3|Apr=1;alpha:SOV1|3|Aug=1;alpha:SOV1|3|Dec=1;alpha:SOV1|3|Feb=1;alpha:SOV1|3|Jan=1;alpha:SOV1|3|Jul=1;alpha:SOV1|3|Jun=1;alpha:SOV1|3|Mar=1;alpha:SOV1|3|May=1;alpha:SOV1|3|Nov=1;alpha:SOV1|3|Oct=1;alpha:SOV1|3|Sep=1;eta:3=1;gamma_LT:SOV|3=1;gamma_ST:CTV|3|Nov=1
1.6,2.0,1.997736669511238,69.92078343289333,5,19249300.238711677,5811903.5,13437396.738711813,13401037.931326585,0.0,36358.807385104534,18811914.613174994,0,0,0,SOV|3:1,,alpha:SOV1|3|Apr=1;alpha:SOV1|3|Aug=1;alpha:SOV1|3|Dec=1;alpha:SOV1|3|Feb=1;alpha:SOV1|3|Jan=1;alpha:SOV1|3|Jul=1;alpha:SOV1|3|Jun=1;alpha:SOV1|3|Mar=1;alpha:SOV1|3|May=1;alpha:SOV1|3|Nov=1;alpha:SOV1|3|Oct=1;alpha:SOV1|3|Sep=1;eta:3=1;gamma_LT:SOV|3=1
1.6,2.0,1.997736669511238,69.92078343289333,6,18061690.50593848,5811903.5,12249787.00593861,12213428.198553381,0.0,36358.807385104534,18811914.613174994,0,0,0,SOV|3:1,,alpha:SOV1|3|Apr=1;alpha:SOV1|3|Aug=1;alpha:SOV1|3|Dec=1;alpha:SOV1|3|Feb=1;alpha:SOV1|3|Jan=1;alpha:SOV1|3|Jul=1;alpha:SOV1|3|Jun=1;alpha:SOV1|3|Mar=1;alpha:SOV1|3|May=1;alpha:SOV1|3|Nov=1;alpha:SOV1|3|Oct=1;alpha:SOV1|3|Sep=1;eta:3=1;gamma_LT:SOV|3=1
1.8,0.5,0.49943861910963483,17.48035166883722,1,18556555.147689234,6385301.0,12171254.147689233,12160374.376810582,1789.9880108889315,9089.782867795333,18823588.476957835,0,3,1,SOV|3:1,CTV|3|Feb:2;CTV|3|Jan:1,alpha:SOV1|3|Apr=1;alpha:SOV1|3|Aug=1;alpha:SOV1|3|Dec=1;alpha:SOV1|3|Feb=1;alpha:SOV1|3|Jan=1;alpha:SOV1|3|Jul=1;alpha:SOV1|3|Jun=1;alpha:SOV1|3|Mar=1;alpha:SOV1|3|May=1;alpha:SOV1|3|Nov=1;alpha:SOV1|3|Oct=1;alpha:SOV1|3|Sep=1;eta:3=1;gamma_LT:SOV|3=1;gamma_ST:CTV|3|Feb=2;gamma_ST:CTV|3|Jan=1
1.8,0.5,0.49943861910963483,17.48035166883722,2,19037245.906309336,6385301.0,12651944.906309325,12640449.827051934,2405.2963896320025,9089.782867795333,18695876.161541916,0,3,1,SOV|3:1,CTV|3|Jan:2;CTV|3|Nov:1,alpha:SOV1|3|Apr=1;alpha:SOV1|3|Aug=1;alpha:SOV1|3|Dec=1;alpha:SOV1|3|Feb=1;alpha:SOV1|3|Jan=1;alpha:SOV1|3|Jul=1;alpha:SOV1|3|Jun=1;alpha:SOV1|3|Mar=1;alpha:SOV1|3|May=1;alpha:SOV1|3|Nov=1;alpha:SOV1|3|Oct=1;alpha:SOV1|3|Sep=1;eta:3=1;gamma_LT:SOV|3=1;gamma_ST:CTV|3|Jan=2;gamma_ST:CTV|3|Nov=1
1.8,0.5,0.49943861910963483,17.48035166883722,3,16650144.638826264,4051768.5,12598376.138825992,12505968.00776414,91569.07418203633,839.0568801041865,20140494.06453739,2,2,1,CTV|3:2,CTV|3|Dec:2;SOV|3|Feb:1,alpha:SOV1|3|Feb=1;eta:3=1;gamma_LT:CTV|3=2;gamma_ST:CTV|3|Dec=2;gamma_ST:SOV|3|Feb=1
1.8,0.5,0.49943861910963483,17.48035166883722,4,20639277.504516304,6767566.0,13871711.504516277,13858873.934250724,3747.7873977987033,9089.782867795333,18577121.301492184,0,5,1,SOV|3:1,CTV|3|Dec:1;CTV|3|Feb:1;CTV|3|Jan:1;CTV|3|Mar:1;CTV|3|Nov:1,alpha:SOV1|3|Apr=1;alpha:SOV1|3|Aug=1;alpha:SOV1|3|Dec=1;alpha:SOV1|3|Feb=1;alpha:SOV1|3|Jan=1;alpha:SOV1|3|Jul=1;alpha:SOV1|3|Jun=1;alpha:SOV1|3|Mar=1;alpha:SOV1|3|May=1;alpha:SOV1|3|Nov=1;alpha:SOV1|3|Oct=1;alpha:SOV1|3|Sep=1;eta:3=1;gamma_LT:SOV|3=1;gamma_ST:CTV|3|Dec=1;gamma_ST:CTV|3|Feb=1;gamma_ST:CTV|3|Jan=1;gamma_ST:CTV|3|Mar=1;gamma_ST:CTV|3|Nov=1
1.8,0.5,0.49943861910963483,17.48035166883722,5,18596861.877754185,6576433.5,12020428.37775417,12008262.052992698,3076.5418937153527,9089.782867795333,18640030.728929542,0,4,1,SOV|3:1,CTV|3|Dec:2;CTV|3|Jan:1;CTV|3|Mar:1,alpha:SOV1|3|Apr=1;alpha:SOV1|3|Aug=1;alpha:SOV1|3|Dec=1;alpha:SOV1|3|Feb=1;alpha:SOV1|3|Jan=1;alpha:SOV1|3|Jul=1;alpha:SOV1|3|Jun=1;alpha:SOV1|3|Mar=1;alpha:SOV1|3|May=1;alpha:SOV1|3|Nov=1;alpha:SOV1|3|Oct=1;alpha:SOV1|3|Sep=1;eta:3=1;gamma_LT:SOV|3=1;gamma_ST:CTV|3|Dec=2;gamma_ST:CTV|3|Jan=1;gamma_ST:CTV|3|Mar=1
1.8,0.5,0.49943861910963483,17.48035166883722,6,17794727.14027039,6194168.5,11600558.640270378,11589566.995141048,1901.8622615694906,9089.782867795333,18423369.543527372,0,2,1,SOV|3:1,CTV|3|Dec:1;CTV|3|Jan:1,alpha:SOV1|3|Apr=1;alpha:SOV1|3|Aug=1;alpha:SOV1|3|Dec=1;alpha:SOV1|3|Feb=1;alpha:SOV1|3|Jan=1;alpha:SOV1|3|Jul=1;alpha:SOV1|3|Jun=1;alpha:SOV1|3|Mar=1;alpha:SOV1|3|May=1;alpha:SOV1|3|Nov=1;alpha:SOV1|3|Oct=1;alpha:SOV1|3|Sep=1;eta:3=1;gamma_LT:SOV|3=1;gamma_ST:CTV|3|Dec=1;gamma_ST:CTV|3|Jan=1
1.8,1.0,0.998875457538814,34.96064101385849,1,18675633.58297296,6576433.5,12099200.082972778,12077440.58000595,3579.969639819111,18179.53332720644,19056200.185805015,0,4,1,SOV|3:1,CTV|3|Feb:3;CTV|3|Jan:1,alpha:SOV1|3|Apr=1;alpha:SOV1|3|Aug=1;alpha:SOV1|3|Dec=1;alpha:SOV1|3|Feb=1;alpha:SOV1|3|Jan=1;alpha:SOV1|3|Jul=1;alpha:SOV1|3|Jun=1;alpha:SOV1|3|Mar=1;alpha:SOV1|3|May=1;alpha:SOV1|3|Nov=1;alpha:SOV1|3|Oct=1;alpha:SOV1|3|Sep=1;eta:3=1;gamma_LT:SOV|3=1;gamma_ST:CTV|3|Feb=3;gamma_ST:CTV|3|Jan=1
1.8,1.0,0.998875457538814,34.96064101385849,2,19148250.98873398,6385301.0,12762949.988733783,12740295.493357008,4474.962049773889,18179.53332720644,18762778.87524018,0,3,1,SOV|3:1,CTV|3|Jan:2;CTV|3|Nov:1,alpha:SOV1|3|Apr=1;alpha:SOV1|3|Aug=1;alpha:SOV1|3|Dec=1;alpha:SOV1|3|Feb=1;alpha:SOV1|3|Jan=1;alpha:SOV1|3|Jul=1;alpha:SOV1|3|Jun=1;alpha:SOV1|3|Mar=1;alpha:SOV1|3|May=1;alpha:SOV1|3|Nov=1;alpha:SOV1|3|Oct=1;alpha:SOV1|3|Sep=1;eta:3=1;gamma_LT:SOV|3=1;gamma_ST:CTV|3|Jan=2;gamma_ST:CTV|3|Nov=1
1.8,1.0,0.998875457538814,34.96064101385849,3,17081079.425067738,6194168.5,10886910.925067559,10865822.666408192,2908.725332353027,18179.53332720644,18674756.920920923,0,2,1,SOV|3:1,CTV|3|Dec:1;CTV|3|Feb:1,alpha:SOV1|3|Apr=1;alpha:SOV1|3|Aug=1;alpha:SOV1|3|Dec=1;alpha:SOV1|3|Feb=1;alpha:SOV1|3|Jan=1;alpha:SOV1|3|Jul=1;alpha:SOV1|3|Jun=1;alpha:SOV1|3|Mar=1;alpha:SOV1|3|May=1;alpha:SOV1|3|Nov=1;alpha:SOV1|3|Oct=1;alpha:SOV1|3|Sep=1;eta:3=1;gamma_LT:SOV|3=1;gamma_ST:CTV|3|Dec=1;gamma_ST:CTV|3|Feb=1
1.8,1.0,0.998875457538814,34.96064101385849,4,20766899.390512142,6767566.0,13999333.390511982,13974217.666007798,6936.1911771495315,18179.53332720644,18684903.332937833,0,5,1,SOV|3:1,CTV|3|Dec:1;CTV|3|Feb:1;CTV|3|Jan:1;CTV|3|Mar:1;CTV|3|Nov:1,alpha:SOV1|3|Apr=1;alpha:SOV1|3|Aug=1;alpha:SOV1|3|Dec=1;alpha:SOV1|3|Feb=1;alpha:SOV1|3|Jan=1;alpha:SOV1|3|Jul=1;alpha:SOV1|3|Jun=1;alpha:SOV1|3|Mar=1;alpha:SOV1|3|May=1;alpha:SOV1|3|Nov=1;alpha:SOV1|3|Oct=1;alpha:SOV1|3|Sep=1;eta:3=1;gamma_LT:SOV|3=1;gamma_ST:CTV|3|Dec=1;gamma_ST:CTV|3|Feb=1;gamma_ST:CTV|3|Jan=1;gamma_ST:CTV|3|Mar=1;gamma_ST:CTV|3|Nov=1
1.8,1.0,0.998875457538814,34.96064101385849,5,18805242.003246997,6385301.0,12419941.003246827,12397174.633818787,4586.836101018237,18179.53332720644,18627589.477283563,0,3,1,SOV|3:1,CTV|3|Dec:1;CTV|3|Jan:1;CTV|3|Mar:1,alpha:SOV1|3|Apr=1;alpha:SOV1|3|Aug=1;alpha:SOV1|3|Dec=1;alpha:SOV1|3|Feb=1;alpha:SOV1|3|Jan=1;alpha:SOV1|3|Jul=1;alpha:SOV1|3|Jun=1;alpha:SOV1|3|Mar=1;alpha:SOV1|3|May=1;alpha:SOV1|3|Nov=1;alpha:SOV1|3|Oct=1;alpha:SOV1|3|Sep=1;eta:3=1;gamma_LT:SOV|3=1;gamma_ST:CTV|3|Dec=1;gamma_ST:CTV|3|Jan=1;gamma_ST:CTV|3|Mar=1
1.8,1.0,0.998875457538814,34.96064101385849,6,17823430.282177992,6003036.0,11820394.282177802,11800536.63808213,1678.1107686652072,18179.53332720644,18674075.097609896,0,1,1,SOV|3:1,CTV|3|Jan:1,alpha:SOV1|3|Apr=1;alpha:SOV1|3|Aug=1;alpha:SOV1|3|Dec=1;alpha:SOV1|3|Feb=1;alpha:SOV1|3|Jan=1;alpha:SOV1|3|Jul=1;alpha:SOV1|3|Jun=1;alpha:SOV1|3|Mar=1;alpha:SOV1|3|May=1;alpha:SOV1|3|Nov=1;alpha:SOV1|3|Oct=1;alpha:SOV1|3|Sep=1;eta:3=1;gamma_LT:SOV|3=1;gamma_ST:CTV|3|Jan=1
1.8,1.5,1.4983087345866284,52.44080571053199,1,18785091.774576567,6576433.5,12208658.274576748,12176354.738258896,5034.3173482110715,27269.21896947664,19106724.634630807,0,4,1,SOV|3:1,CTV|3|Feb:3;CTV|3|Jan:1,alpha:SOV1|3|Apr=1;alpha:SOV1|3|Aug=1;alpha:SOV1|3|Dec=1;alpha:SOV1|3|Feb=1;alpha:SOV1|3|Jan=1;alpha:SOV1|3|Jul=1;alpha:SOV1|3|Jun=1;alpha:SOV1|3|Mar=1;alpha:SOV1|3|May=1;alpha:SOV1|3|Nov=1;alpha:SOV1|3|Oct=1;alpha:SOV1|3|Sep=1;eta:3=1;gamma_LT:SOV|3=1;gamma_ST:CTV|3|Feb=3;gamma_ST:CTV|3|Jan=1
1.8,1.5,1.4983087345866284,52.44080571053199,2,19274298.590744756,6385301.0,12888997.590744935,12855015.948644347,6712.423130948093,27269.21896947664,18813266.849407308,0,3,1,SOV|3:1,CTV|3|Jan:2;CTV|3|Nov:1,alpha:SOV1|3|Apr=1;alpha:SOV1|3|Aug=1;alpha:SOV1|3|Dec=1;alpha:SOV1|3|Feb=1;alpha:SOV1|3|Jan=1;alpha:SOV1|3|Jul=1;alpha:SOV1|3|Jun=1;alpha:SOV1|3|Mar=1;alpha:SOV1|3|May=1;alpha:SOV1|3|Nov=1;alpha:SOV1|3|Oct=1;alpha:SOV1|3|Sep=1;eta:3=1;gamma_LT:SOV|3=1;gamma_ST:CTV|3|Jan=2;gamma_ST:CTV|3|Nov=1
1.8,1.5,1.4983087345866284,52.44080571053199,3,17159567.031289086,6194168.5,10965398.53128927,10933766.237284513,4363.075035116263,27269.21896947664,18741697.889962286,0,2,1,SOV|3:1,CTV|3|Dec:1;CTV|3|Feb:1,alpha:SOV1|3|Apr=1;alpha:SOV1|3|Aug=1;alpha:SOV1|3|Dec=1;alpha:SOV1|3|Feb=1;alpha:SOV1|3|Jan=1;alpha:SOV1|3|Jul=1;alpha:SOV1|3|Jun=1;alpha:SOV1|3|Mar=1;alpha:SOV1|3|May=1;alpha:SOV1|3|Nov=1;alpha:SOV1|3|Oct=1;alpha:SOV1|3|Sep=1;eta:3=1;gamma_LT:SOV|3=1;gamma_ST:CTV|3|Dec=1;gamma_ST:CTV|3|Feb=1
1.8,1.5,1.4983087345866284,52.44080571053199,4,20978841.88797252,6385301.0,14593540.88797268,14559559.245872093,6712.423130948092,27269.21896947664,18589394.966468673,0,3,1,SOV|3:1,CTV|3|Dec:1;CTV|3|Jan:1;CTV|3|Nov:1,alpha:SOV1|3|Apr=1;alpha:SOV1|3|Aug=1;alpha:SOV1|3|Dec=1;alpha:SOV1|3|Feb=1;alpha:SOV1|3|Jan=1;alpha:SOV1|3|Jul=1;alpha:SOV1|3|Jun=1;alpha:SOV1|3|Mar=1;alpha:SOV1|3|May=1;alpha:SOV1|3|Nov=1;alpha:SOV1|3|Oct=1;alpha:SOV1|3|Sep=1;eta:3=1;gamma_LT:SOV|3=1;gamma_ST:CTV|3|Dec=1;gamma_ST:CTV|3|Jan=1;gamma_ST:CTV|3|Nov=1
1.8,1.5,1.4983087345866284,52.44080571053199,5,18891549.240404315,6385301.0,12506248.2404045,12472266.598303912,6712.423130948092,27269.21896947664,18713730.150191166,0,3,1,SOV|3:1,CTV|3|Dec:1;CTV|3|Jan:1;CTV|3|Mar:1,alpha:SOV1|3|Apr=1;alpha:SOV1|3|Aug=1;alpha:SOV1|3|Dec=1;alpha:SOV1|3|Feb=1;alpha:SOV1|3|Jan=1;alpha:SOV1|3|Jul=1;alpha:SOV1|3|Jun=1;alpha:SOV1|3|Mar=1;alpha:SOV1|3|May=1;alpha:SOV1|3|Nov=1;alpha:SOV1|3|Oct=1;alpha:SOV1|3|Sep=1;eta:3=1;gamma_LT:SOV|3=1;gamma_ST:CTV|3|Dec=1;gamma_ST:CTV|3|Jan=1;gamma_ST:CTV|3|Mar=1
1.8,1.5,1.4983087345866284,52.44080571053199,6,17878080.611928564,6003036.0,11875044.61192874,11845426.044863267,2349.348095831834,27269.21896947664,18708218.084227014,0,1,1,SOV|3:1,CTV|3|Jan:1,alpha:SOV1|3|Apr=1;alpha:SOV1|3|Aug=1;alpha:SOV1|3|Dec=1;alpha:SOV1|3|Feb=1;alpha:SOV1|3|Jan=1;alpha:SOV1|3|Jul=1;alpha:SOV1|3|Jun=1;alpha:SOV1|3|Mar=1;alpha:SOV1|3|May=1;alpha:SOV1|3|Nov=1;alpha:SOV1|3|Oct=1;alpha:SOV1|3|Sep=1;eta:3=1;gamma_LT:SOV|3=1;gamma_ST:CTV|3|Jan=1
1.8,2.0,1.997736669511238,69.92078343289333,1,18889460.520603195,6194168.5,12695292.020603329,12653787.043557439,5146.16966066095,36358.807385104534,18817825.604084983,0,2,1,SOV|3:1,CTV|3|Feb:1;CTV|3|Jan:1,alpha:SOV1|3|Apr=1;alpha:SOV1|3|Aug=1;alpha:SOV1|3|Dec=1;alpha:SOV1|3|Feb=1;alpha:SOV1|3|Jan=1;alpha:SOV1|3|Jul=1;alpha:SOV1|3|Jun=1;alpha:SOV1|3|Mar=1;alpha:SOV1|3|May=1;alpha:SOV1|3|Nov=1;alpha:SOV1|3|Oct=1;alpha:SOV1|3|Sep=1;eta:3=1;gamma_LT:SOV|3=1;gamma_ST:CTV|3|Feb=1;gamma_ST:CTV|3|Jan=1
1.8,2.0,1.997736669511238,69.92078343289333,2,19393037.779580962,6194168.5,13198869.279581085,13156021.823493283,6488.648702572503,36358.807385104534,18849168.063505363,0,2,1,SOV|3:1,CTV|3|Jan:2,alpha:SOV1|3|Apr=1;alpha:SOV1|3|Aug=1;alpha:SOV1|3|Dec=1;alpha:SOV1|3|Feb=1;alpha:SOV1|3|Jan=1;alpha:SOV1|3|Jul=1;alpha:SOV1|3|Jun=1;alpha:SOV1|3|Mar=1;alpha:SOV1|3|May=1;alpha:SOV1|3|Nov=1;alpha:SOV1|3|Oct=1;alpha:SOV1|3|Sep=1;eta:3=1;gamma_LT:SOV|3=1;gamma_ST:CTV|3|Jan=2
1.8,2.0,1.997736669511238,69.92078343289333,3,17234068.614181526,6003036.0,11231032.614181653,11190870.116177674,3803.6906187493983,36358.807385104534,18719194.052869517,0,1,1,SOV|3:1,CTV|3|Dec:1,alpha:SOV1|3|Apr=1;alpha:SOV1|3|Aug=1;alpha:SOV1|3|Dec=1;alpha:SOV1|3|Feb=1;alpha:SOV1|3|Jan=1;alpha:SOV1|3|Jul=1;alpha:SOV1|3|Jun=1;alpha:SOV1|3|Mar=1;alpha:SOV1|3|May=1;alpha:SOV1|3|Nov=1;alpha:SOV1|3|Oct=1;alpha:SOV1|3|Sep=1;eta:3=1;gamma_LT:SOV|3=1;gamma_ST:CTV|3|Dec=1
1.8,2.0,1.997736669511238,69.92078343289333,4,21059028.00135611,6385301.0,14673727.001356238,14628865.82670557,8502.36726543983,36358.807385104534,18664776.67034213,0,3,1,SOV|3:1,CTV|3|Dec:1;CTV|3|Jan:1;CTV|3|Nov:1,alpha:SOV1|3|Apr=1;alpha:SOV1|3|Aug=1;alpha:SOV1|3|Dec=1;alpha:SOV1|3|Feb=1;alpha:SOV1|3|Jan=1;alpha:SOV1|3|Jul=1;alpha:SOV1|3|Jun=1;alpha:SOV1|3|Mar=1;alpha:SOV1|3|May=1;alpha:SOV1|3|Nov=1;alpha:SOV1|3|Oct=1;alpha:SOV1|3|Sep=1;eta:3=1;gamma_LT:SOV|3=1;gamma_ST:CTV|3|Dec=1;gamma_ST:CTV|3|Jan=1;gamma_ST:CTV|3|Nov=1
1.8,2.0,1.997736669511238,69.92078343289333,5,18975617.58986702,6194168.5,12781449.08986715,12738601.633779349,6488.648702572503,36358.807385104534,18645836.870416414,0,2,1,SOV|3:1,CTV|3|Dec:1;CTV|3|Jan:1,alpha:SOV1|3|Apr=1;alpha:SOV1|3|Aug=1;alpha:SOV1|3|Dec=1;alpha:SOV1|3|Feb=1;alpha:SOV1|3|Jan=1;alpha:SOV1|3|Jul=1;alpha:SOV1|3|Jun=1;alpha:SOV1|3|Mar=1;alpha:SOV1|3|May=1;alpha:SOV1|3|Nov=1;alpha:SOV1|3|Oct=1;alpha:SOV1|3|Sep=1;eta:3=1;gamma_LT:SOV|3=1;gamma_ST:CTV|3|Dec=1;gamma_ST:CTV|3|Jan=1
1.8,2.0,1.997736669511238,69.92078343289333,6,17911350.82566851,6003036.0,11908314.825668642,11869047.313692605,2908.7045908083633,36358.807385104534,18738646.541902,0,1,1,SOV|3:1,CTV|3|Jan:1,alpha:SOV1|3|Apr=1;alpha:SOV1|3|Aug=1;alpha:SOV1|3|Dec=1;alpha:SOV1|3|Feb=1;alpha:SOV1|3|Jan=1;alpha:SOV1|3|Jul=1;alpha:SOV1|3|Jun=1;alpha:SOV1|3|Mar=1;alpha:SOV1|3|May=1;alpha:SOV1|3|Nov=1;alpha:SOV1|3|Oct=1;alpha:SOV1|3|Sep=1;eta:3=1;gamma_LT:SOV|3=1;gamma_ST:CTV|3|Jan=1
2.0,0.5,0.49943861910963483,17.48035166883722,1,15645341.589434015,3669315.0,11976026.589433732,11877241.626083108,98784.9633509323,0.0,16213982.558021551,2,4,1,CTV|3:2,CTV|3|Feb:2;CTV|3|Jan:2,eta:3=1;gamma_LT:CTV|3=2;gamma_ST:CTV|3|Feb=2;gamma_ST:CTV|3|Jan=2
2.0,0.5,0.49943861910963483,17.48035166883722,2,16180246.543615073,3478182.5,12702064.043614782,12604341.88564562,97722.15796946699,0.0,15906625.238600915,2,3,1,CTV|3:2,CTV|3|Jan:2;CTV|3|Nov:1,eta:3=1;gamma_LT:CTV|3=2;gamma_ST:CTV|3|Jan=2;gamma_ST:CTV|3|Nov=1
2.0,0.5,0.49943861910963483,17.48035166883722,3,13870111.262487037,3287050.0,10583061.262486758,10484444.110512154,98617.15197491147,0.0,15961446.146054486,2,2,1,CTV|3:2,CTV|3|Dec:1;CTV|3|Feb:1,eta:3=1;gamma_LT:CTV|3=2;gamma_ST:CTV|3|Dec=1;gamma_ST:CTV|3|Feb=1
2.0,0.5,0.49943861910963483,17.48035166883722,4,17707641.543901008,3669315.0,14038326.543900708,13939038.146422023,99288.39747899478,0.0,16026091.040641228,2,4,1,CTV|3:2,CTV|3|Jan:1;CTV|3|Nov:1;CTV|3|Oct:1;CTV|3|Sep:1,eta:3=1;gamma_LT:CTV|3=2;gamma_ST:CTV|3|Jan=1;gamma_ST:CTV|3|Nov=1;gamma_ST:CTV|3|Oct=1;gamma_ST:CTV|3|Sep=1
2.0,0.5,0.49943861910963483,17.48035166883722,5,15615322.098112693,3478182.5,12137139.59811242,12038354.634761795,98784.96335093227,0.0,15965272.186249748,2,3,1,CTV|3:2,CTV|3|Dec:2;CTV|3|Nov:1,eta:3=1;gamma_LT:CTV|3=2;gamma_ST:CTV|3|Dec=2;gamma_ST:CTV|3|Nov=1
2.0,0.5,0.49943861910963483,17.48035166883722,6,15045044.448993353,3478182.5,11566861.948993044,11469083.853898542,97778.09509480729,0.0,15762035.29886897,2,3,1,CTV|3:2,CTV|3|Dec:1;CTV|3|Feb:1;CTV|3|Jan:1,eta:3=1;gamma_LT:CTV|3=2;gamma_ST:CTV|3|Dec=1;gamma_ST:CTV|3|Feb=1;gamma_ST:CTV|3|Jan=1
2.0,1.0,0.998875457538814,34.96064101385849,1,16907731.48558486,4434033.5,12473697.98558529,12280547.436111476,191752.12383281134,1398.4256405543401,17363700.115931742,2,4,1,CTV|3:2,CTV|3|Dec:1;CTV|3|Feb:2;CTV|3|Nov:1;SOV|3|Jan:1,alpha:SOV1|3|Jan=1;eta:3=1;gamma_LT:CTV|3=2;gamma_ST:CTV|3|Dec=1;gamma_ST:CTV|3|Feb=2;gamma_ST:CTV|3|Nov=1;gamma_ST:SOV|3|Jan=1
2.0,1.0,0.998875457538814,34.96064101385849,2,17400639.453804743,4434033.5,12966605.953805137,12775888.664945925,188619.6503979696,2097.638460831511,17316186.904071413,2,4,1,CTV|3:2,CTV|3|Dec:1;CTV|3|Feb:1;CTV|3|Jan:2;SOV|3|Nov:1,alpha:SOV1|3|Nov=1;eta:3=1;gamma_LT:CTV|3=2;gamma_ST:CTV|3|Dec=1;gamma_ST:CTV|3|Feb=1;gamma_ST:CTV|3|Jan=2;gamma_ST:SOV|3|Nov=1
2.0,1.0,0.998875457538814,34.96064101385849,3,15041361.606427327,3478182.5,11563179.106427805,11361805.814187491,201373.2922398252,0.0,17739090.1775988,2,3,1,CTV|3:2,CTV|3|Dec:1;CTV|3|Feb:2,eta:3=1;gamma_LT:CTV|3=2;gamma_ST:CTV|3|Dec=1;gamma_ST:CTV|3|Feb=2
2.0,1.0,0.998875457538814,34.96064101385849,4,19039825.045915127,3669315.0,15370510.04591557,15169024.87962404,201485.16629106956,0.0,17711095.685334176,2,4,1,CTV|3:2,CTV|3|Jan:1;CTV|3|Nov:1;CTV|3|Oct:1;CTV|3|Sep:1,eta:3=1;gamma_LT:CTV|3=2;gamma_ST:CTV|3|Jan=1;gamma_ST:CTV|3|Nov=1;gamma_ST:CTV|3|Oct=1;gamma_ST:CTV|3|Sep=1
2.0,1.0,0.998875457538814,34.96064101385849,5,17082986.197608512,3860447.5,13222538.69760898,13018032.931933839,204505.76567466694,0.0,17334307.873651993,2,5,1,CTV|3:2,CTV|3|Dec:3;CTV|3|Jan:1;CTV|3|Nov:1,eta:3=1;gamma_LT:CTV|3=2;gamma_ST:CTV|3|Dec=3;gamma_ST:CTV|3|Jan=1;gamma_ST:CTV|3|Nov=1
2.0,1.0,0.998875457538814,34.96064101385849,6,16311921.504773133,4051768.5,12260153.004773544,12072708.031913191,186046.54721934962,1398.4256405543401,17481137.150070112,2,2,1,CTV|3:2,CTV|3|Dec:1;CTV|3|Feb:1;SOV|3|Jan:1,alpha:SOV1|3|Jan=1;eta:3=1;gamma_LT:CTV|3=2;gamma_ST:CTV|3|Dec=1;gamma_ST:CTV|3|Feb=1;gamma_ST:SOV|3|Jan=1
2.0,1.5,1.4983087345866284,52.44080571053199,1,17984784.931548435,4434033.5,13550751.431548284,13248440.674788363,300213.1245316504,2097.6322284212797,18761638.363047488,2,4,1,CTV|3:2,CTV|3|Dec:1;CTV|3|Feb:2;CTV|3|Nov:1;SOV|3|Jan:1,alpha:SOV1|3|Jan=1;eta:3=1;gamma_LT:CTV|3=2;gamma_ST:CTV|3|Dec=1;gamma_ST:CTV|3|Feb=2;gamma_ST:CTV|3|Nov=1;gamma_ST:SOV|3|Jan=1
2.0,1.5,1.4983087345866284,52.44080571053199,2,18311606.302607685,4816487.0,13495119.302607559,13212778.004662175,276887.4541516045,5453.8437938953275,18560376.359737452,2,2,1,CTV|3:2,CTV|3|Dec:1;CTV|3|Feb:1;SOV|3|Jan:1;SOV|3|Nov:1,alpha:SOV1|3|Jan=1;alpha:SOV1|3|Nov=1;eta:3=1;gamma_LT:CTV|3=2;gamma_ST:CTV|3|Dec=1;gamma_ST:CTV|3|Feb=1;gamma_ST:SOV|3|Jan=1;gamma_ST:SOV|3|Nov=1
2.0,1.5,1.4983087345866284,52.44080571053199,3,16066805.380587036,4242901.0,11823904.380586907,11521006.286898982,300380.9350139669,2517.1586741055357,19028271.701312304,2,3,1,CTV|3:2,CTV|3|Dec:2;CTV|3|Jan:1;SOV|3|Feb:1,alpha:SOV1|3|Feb=1;eta:3=1;gamma_LT:CTV|3=2;gamma_ST:CTV|3|Dec=2;gamma_ST:CTV|3|Jan=1;gamma_ST:SOV|3|Feb=1
2.0,1.5,1.4983087345866284,52.44080571053199,4,20421209.180796236,4357177.5,16064031.680796063,15740828.507041091,323203.1737551491,0.0,18931454.41736751,3,0,1,CTV|3:3,,eta:3=1;gamma_LT:CTV|3=3
2.0,1.5,1.4983087345866284,52.44080571053199,5,18562402.022842884,6576433.5,11985968.522843061,11948966.290333549,9733.013539874735,27269.21896947664,18676163.348704092,0,4,1,SOV|3:1,CTV|3|Dec:2;CTV|3|Jan:1;CTV|3|Mar:1,alpha:SOV1|3|Apr=1;alpha:SOV1|3|Aug=1;alpha:SOV1|3|Dec=1;alpha:SOV1|3|Feb=1;alpha:SOV1|3|Jan=1;alpha:SOV1|3|Jul=1;alpha:SOV1|3|Jun=1;alpha:SOV1|3|Mar=1;alpha:SOV1|3|May=1;alpha:SOV1|3|Nov=1;alpha:SOV1|3|Oct=1;alpha:SOV1|3|Sep=1;eta:3=1;gamma_LT:SOV|3=1;gamma_ST:CTV|3|Dec=2;gamma_ST:CTV|3|Jan=1;gamma_ST:CTV|3|Mar=1
2.0,1.5,1.4983087345866284,52.44080571053199,6,17458893.60412062,4816487.0,12642406.604120506,12368707.550956216,268664.7358161931,5034.3173482110715,18681167.115153134,2,2,1,CTV|3:2,CTV|3|Dec:1;CTV|3|Nov:1;SOV|3|Feb:1;SOV|3|Jan:1,alpha:SOV1|3|Feb=1;alpha:SOV1|3|Jan=1;eta:3=1;gamma_LT:CTV|3=2;gamma_ST:CTV|3|Dec=1;gamma_ST:CTV|3|Nov=1;gamma_ST:SOV|3|Feb=1;gamma_ST:SOV|3|Jan=1
2.0,2.0,1.997736669511238,69.92078343289333,1,18581098.383265495,6385301.0,12195797.383265633,12151383.701628935,8054.874251469314,36358.807385104534,18827347.929107495,0,3,1,SOV|3:1,CTV|3|Feb:2;CTV|3|Jan:1,alpha:SOV1|3|Apr=1;alpha:SOV1|3|Aug=1;alpha:SOV1|3|Dec=1;alpha:SOV1|3|Feb=1;alpha:SOV1|3|Jan=1;alpha:SOV1|3|Jul=1;alpha:SOV1|3|Jun=1;alpha:SOV1|3|Mar=1;alpha:SOV1|3|May=1;alpha:SOV1|3|Nov=1;alpha:SOV1|3|Oct=1;alpha:SOV1|3|Sep=1;eta:3=1;gamma_LT:SOV|3=1;gamma_ST:CTV|3|Feb=2;gamma_ST:CTV|3|Jan=1
2.0,2.0,1.997736669511238,69.92078343289333,2,19078046.457788263,6576433.5,12501612.957788384,12452948.092518965,12306.05788418923,36358.807385104534,18793759.6165941,0,4,1,SOV|3:1,CTV|3|Feb:1;CTV|3|Jan:2;CTV|3|Nov:1,alpha:SOV1|3|Apr=1;alpha:SOV1|3|Aug=1;alpha:SOV1|3|Dec=1;alpha:SOV1|3|Feb=1;alpha:SOV1|3|Jan=1;alpha:SOV1|3|Jul=1;alpha:SOV1|3|Jun=1;alpha:SOV1|3|Mar=1;alpha:SOV1|3|May=1;alpha:SOV1|3|Nov=1;alpha:SOV1|3|Oct=1;alpha:SOV1|3|Sep=1;eta:3=1;gamma_LT:SOV|3=1;gamma_ST:CTV|3|Feb=1;gamma_ST:CTV|3|Jan=2;gamma_ST:CTV|3|Nov=1
2.0,2.0,1.997736669511238,69.92078343289333,3,17089028.229852792,6194168.5,10894859.729852924,10851788.527258137,6712.3952095577615,36358.807385104534,18664626.954185307,0,2,1,SOV|3:1,CTV|3|Dec:1;CTV|3|Feb:1,alpha:SOV1|3|Apr=1;alpha:SOV1|3|Aug=1;alpha:SOV1|3|Dec=1;alpha:SOV1|3|Feb=1;alpha:SOV1|3|Jan=1;alpha:SOV1|3|Jul=1;alpha:SOV1|3|Jun=1;alpha:SOV1|3|Mar=1;alpha:SOV1|3|May=1;alpha:SOV1|3|Nov=1;alpha:SOV1|3|Oct=1;alpha:SOV1|3|Sep=1;eta:3=1;gamma_LT:SOV|3=1;gamma_ST:CTV|3|Dec=1;gamma_ST:CTV|3|Feb=1
2.0,2.0,1.997736669511238,69.92078343289333,4,20874883.365901228,6576433.5,14298449.86590135,14250008.747138916,12082.31137720397,36358.807385104534,18565704.890473057,0,4,1,SOV|3:1,CTV|3|Dec:1;CTV|3|Feb:1;CTV|3|Jan:1;CTV|3|Nov:1,alpha:SOV1|3|Apr=1;alpha:SOV1|3|Aug=1;alpha:SOV1|3|Dec=1;alpha:SOV1|3|Feb=1;alpha:SOV1|3|Jan=1;alpha:SOV1|3|Jul=1;alpha:SOV1|3|Jun=1;alpha:SOV1|3|Mar=1;alpha:SOV1|3|May=1;alpha:SOV1|3|Nov=1;alpha:SOV1|3|Oct=1;alpha:SOV1|3|Sep=1;eta:3=1;gamma_LT:SOV|3=1;gamma_ST:CTV|3|Dec=1;gamma_ST:CTV|3|Feb=1;gamma_ST:CTV|3|Jan=1;gamma_ST:CTV|3|Nov=1
2.0,2.0,1.997736669511238,69.92078343289333,5,18759330.73420207,6576433.5,12182897.23420222,12134232.3689328,12306.05788418923,36358.807385104534,18757062.91670297,0,4,1,SOV|3:1,CTV|3|Dec:2;CTV|3|Jan:1;CTV|3|Mar:1,alpha:SOV1|3|Apr=1;alpha:SOV1|3|Aug=1;alpha:SOV1|3|Dec=1;alpha:SOV1|3|Feb=1;alpha:SOV1|3|Jan=1;alpha:SOV1|3|Jul=1;alpha:SOV1|3|Jun=1;alpha:SOV1|3|Mar=1;alpha:SOV1|3|May=1;alpha:SOV1|3|Nov=1;alpha:SOV1|3|Oct=1;alpha:SOV1|3|Sep=1;eta:3=1;gamma_LT:SOV|3=1;gamma_ST:CTV|3|Dec=2;gamma_ST:CTV|3|Jan=1;gamma_ST:CTV|3|Mar=1
2.0,2.0,1.997736669511238,69.92078343289333,6,17871601.284485232,6003036.0,11868565.28448537,11828850.279495362,3356.1976047788808,36358.807385104534,18713491.89455172,0,1,1,SOV|3:1,CTV|3|Jan:1,alpha:SOV1|3|Apr=1;alpha:SOV1|3|Aug=1;alpha:SOV1|3|Dec=1;alpha:SOV1|3|Feb=1;alpha:SOV1|3|Jan=1;alpha:SOV1|3|Jul=1;alpha:SOV1|3|Jun=1;alpha:SOV1|3|Mar=1;alpha:SOV1|3|May=1;alpha:SOV1|3|Nov=1;alpha:SOV1|3|Oct=1;alpha:SOV1|3|Sep=1;eta:3=1;gamma_LT:SOV|3=1;gamma_ST:CTV|3|Jan=1
