instance_id,tree_size,objective,first_stage_cost,second_stage_cost,charter_cost_ST,charter_cost_LT,charter_cost_mob,downtime_cost,travel_cost_S,travel_cost_M,MIP_runtime,Con_total runtime,Con_eta runtime,Con_gamma_LT_runtime,Con_gamma_ST_runtime,Con_Master_runtime,Con_eta_n_iters,Con_eta_vars_fixed,Con_eta_judges_solved_min,Con_eta_gap_p90_max,Con_eta_unanimous_count,Con_gamma_LT_n_iters,Con_gamma_LT_vars_fixed,Con_gamma_LT_judges_solved_min,Con_gamma_LT_gap_p90_max,Con_gamma_LT_unanimous_count,Con_fix_history_json,MIPGap,has_solution,solve_status_code,solve_status,solve_outcome,gap_pruned,optimize_error,eta,gamma_LT,gamma_ST,alpha,scenarios,param_signature,seed,iss_pool,oos_pool
1,1,43593304.38775885,15069600.0,28523704.387759224,4657500.0,9056250.0,1355850.0,27344410.88373219,448138.55429475894,731154.9497319005,82.75547695159912,,,,,,,,,,,,,,,,,0.019655565678640873,True,2,OPTIMAL,solution_within_gap,False,,6:1,CTV|6:2;SOV|6:1,CTV|6|Apr:1;CTV|6|Feb:3;CTV|6|Jan:2;SOV|6|Dec:1;SOV|6|Feb:1;SOV|6|Jan:2;SOV|6|Mar:1;SOV|6|Nov:1,SOV1|6|Apr:1;SOV1|6|Aug:1;SOV1|6|Dec:1;SOV1|6|Feb:1;SOV1|6|Jan:1;SOV1|6|Jul:1;SOV1|6|Jun:1;SOV1|6|Mar:1;SOV1|6|May:1;SOV1|6|Nov:1;SOV1|6|Oct:1;SOV1|6|Sep:1;SOV2|6|Dec:1;SOV2|6|Feb:1;SOV2|6|Jan:1;SOV2|6|Mar:1;SOV2|6|Nov:1;SOV3|6|Jan:1,20,c02a83510c2620bf,200,1-500,501-1500
1,3,39020741.29991658,15306500.0,23714241.299916353,4743750.0,9056250.0,1506500.0,22615956.069402877,436060.4699458627,662224.7605678636,239.03460812568665,,,,,,,,,,,,,,,,,0.01850424581960587,True,2,OPTIMAL,solution_within_gap,False,,6:1,CTV|6:2;SOV|6:1,CTV|6|Apr:1;CTV|6|Dec:1;CTV|6|Jan:4;CTV|6|Sep:1;SOV|6|Dec:1;SOV|6|Feb:2;SOV|6|Jan:1;SOV|6|Nov:1;SOV|6|Oct:1,SOV1|6|Apr:1;SOV1|6|Aug:1;SOV1|6|Dec:1;SOV1|6|Feb:1;SOV1|6|Jan:1;SOV1|6|Jul:1;SOV1|6|Jun:1;SOV1|6|Mar:1;SOV1|6|May:1;SOV1|6|Nov:1;SOV1|6|Oct:1;SOV1|6|Sep:1;SOV2|6|Dec:1;SOV2|6|Feb:1;SOV2|6|Jan:1;SOV2|6|Nov:1;SOV2|6|Oct:1;SOV3|6|Feb:1,118;323;332,c02a83510c2620bf,200,1-500,501-1500
1,5,36007409.596120395,12569500.0,23437909.596118324,2760000.0,9056250.0,753250.0,22285352.418155074,457812.00154481357,694745.1764204681,1730.7217559814453,,,,,,,,,,,,,,,,,0.01539369005970046,True,2,OPTIMAL,solution_within_gap,False,,6:1,CTV|6:2;SOV|6:1,SOV|6|Dec:1;SOV|6|Feb:1;SOV|6|Jan:1;SOV|6|Nov:1,SOV1|6|Apr:1;SOV1|6|Aug:1;SOV1|6|Dec:1;SOV1|6|Feb:1;SOV1|6|Jan:1;SOV1|6|Jul:1;SOV1|6|Jun:1;SOV1|6|Mar:1;SOV1|6|May:1;SOV1|6|Nov:1;SOV1|6|Oct:1;SOV1|6|Sep:1;SOV2|6|Dec:1;SOV2|6|Feb:1;SOV2|6|Jan:1;SOV2|6|Nov:1,89;218;270;287;445,c02a83510c2620bf,200,1-500,501-1500
1,7,43675750.80661327,14240450.0,29435300.806615084,3450000.0,9961875.0,828575.0,28271642.130257104,465406.153423189,698252.5229329574,4763.3807508945465,,,,,,,,,,,,,,,,,0.019311880745755752,True,2,OPTIMAL,solution_within_gap,False,,6:1,CTV|6:3;SOV|6:1,SOV|6|Dec:1;SOV|6|Feb:1;SOV|6|Jan:1;SOV|6|Nov:1;SOV|6|Oct:1,SOV1|6|Apr:1;SOV1|6|Aug:1;SOV1|6|Dec:1;SOV1|6|Feb:1;SOV1|6|Jan:1;SOV1|6|Jul:1;SOV1|6|Jun:1;SOV1|6|Mar:1;SOV1|6|May:1;SOV1|6|Nov:1;SOV1|6|Oct:1;SOV1|6|Sep:1;SOV2|6|Dec:1;SOV2|6|Feb:1;SOV2|6|Jan:1;SOV2|6|Nov:1;SOV2|6|Oct:1,31;179;185;224;336;349;498,c02a83510c2620bf,200,1-500,501-1500
1,10,37993005.83416434,15620450.0,22372555.834168725,4830000.0,9961875.0,828575.0,21024943.153973855,482190.20452419703,865422.4756665882,14400.293284893036,,,,,,,,,,,,,,,,,0.036159222514808416,True,9,TIME_LIMIT,solution_within_gap,False,,5:1,CTV|5:3;SOV|5:1,SOV|5|Dec:1;SOV|5|Feb:1;SOV|5|Jan:1;SOV|5|Mar:1;SOV|5|Nov:1;SOV|5|Oct:1;SOV|5|Sep:1,SOV1|5|Apr:1;SOV1|5|Aug:1;SOV1|5|Dec:1;SOV1|5|Feb:1;SOV1|5|Jan:1;SOV1|5|Jul:1;SOV1|5|Jun:1;SOV1|5|Mar:1;SOV1|5|May:1;SOV1|5|Nov:1;SOV1|5|Oct:1;SOV1|5|Sep:1;SOV2|5|Dec:1;SOV2|5|Feb:1;SOV2|5|Jan:1;SOV2|5|Mar:1;SOV2|5|Nov:1;SOV2|5|Oct:1;SOV2|5|Sep:1,36;57;71;223;251;260;334;375;393;426,c02a83510c2620bf,200,1-500,501-1500
1,15,47044581.99992768,24600800.0,22443781.999926873,0.0,23546250.0,1054550.0,21632720.783047136,69178.32797849442,741882.8889023076,14402.11550116539,,,,,,,,,,,,,,,,,0.18904322013936342,True,9,TIME_LIMIT,solution_gap_high_or_unknown,True,,6:1,CTV|6:2;SOV|6:3,,SOV1|6|Apr:1;SOV1|6|Aug:1;SOV1|6|Dec:1;SOV1|6|Feb:1;SOV1|6|Jan:1;SOV1|6|Jul:1;SOV1|6|Jun:1;SOV1|6|Mar:1;SOV1|6|May:1;SOV1|6|Nov:1;SOV1|6|Oct:1;SOV1|6|Sep:1;SOV2|6|Apr:1;SOV2|6|Aug:1;SOV2|6|Dec:1;SOV2|6|Feb:1;SOV2|6|Jan:1;SOV2|6|Jul:1;SOV2|6|Jun:1;SOV2|6|Mar:1;SOV2|6|May:1;SOV2|6|Nov:1;SOV2|6|Oct:1;SOV2|6|Sep:1;SOV3|6|Apr:1;SOV3|6|Aug:1;SOV3|6|Dec:1;SOV3|6|Feb:1;SOV3|6|Jan:1;SOV3|6|Jul:1;SOV3|6|Jun:1;SOV3|6|Mar:1;SOV3|6|May:1;SOV3|6|Nov:1;SOV3|6|Oct:1;SOV3|6|Sep:1,18;90;131;229;275;305;323;325;349;356;363;377;406;412;447,c02a83510c2620bf,200,1-500,501-1500
2,1,38413998.54565507,14186400.0,24227598.545655273,4226250.0,9056250.0,903900.0,22809040.65728031,530487.1315738878,888070.7568008814,99.50245499610901,,,,,,,,,,,,,,,,,0.018607800072984022,True,2,OPTIMAL,solution_within_gap,False,,5:1,CTV|5:2;SOV|5:1,CTV|5|Apr:1;CTV|5|Aug:1;CTV|5|Dec:1;CTV|5|Jan:1;CTV|5|Jul:1;CTV|5|Jun:1;CTV|5|Mar:1;CTV|5|May:1;CTV|5|Sep:1;SOV|5|Dec:1;SOV|5|Feb:1;SOV|5|Jan:1;SOV|5|Nov:1;SOV|5|Oct:1,SOV1|5|Apr:1;SOV1|5|Aug:1;SOV1|5|Dec:1;SOV1|5|Feb:1;SOV1|5|Jan:1;SOV1|5|Jul:1;SOV1|5|Jun:1;SOV1|5|Mar:1;SOV1|5|May:1;SOV1|5|Nov:1;SOV1|5|Oct:1;SOV1|5|Sep:1;SOV2|5|Dec:1;SOV2|5|Feb:1;SOV2|5|Jan:1;SOV2|5|Nov:1;SOV2|5|Oct:1,212,c02a83510c2620bf,200,1-500,501-1500
2,3,34879297.02670162,12375150.0,22504147.026701372,2415000.0,9056250.0,903900.0,21280593.856435917,498906.98294255557,724646.1873231771,1679.8787081241608,,,,,,,,,,,,,,,,,0.019451823615510577,True,2,OPTIMAL,solution_within_gap,False,,6:1,CTV|6:2;SOV|6:1,CTV|6|Dec:2;CTV|6|Nov:1;CTV|6|Oct:1;SOV|6|Dec:1;SOV|6|Jan:1;SOV|6|Nov:1,SOV1|6|Apr:1;SOV1|6|Aug:1;SOV1|6|Dec:1;SOV1|6|Feb:1;SOV1|6|Jan:1;SOV1|6|Jul:1;SOV1|6|Jun:1;SOV1|6|Mar:1;SOV1|6|May:1;SOV1|6|Nov:1;SOV1|6|Oct:1;SOV1|6|Sep:1;SOV2|6|Dec:1;SOV2|6|Jan:1;SOV2|6|Nov:1,47;373;492,c02a83510c2620bf,200,1-500,501-1500
2,5,34927060.24437928,13259500.0,21667560.24437729,3450000.0,9056250.0,753250.0,20551903.374923125,431587.7258991036,684069.1435569685,2830.250447034836,,,,,,,,,,,,,,,,,0.01596654907144228,True,2,OPTIMAL,solution_within_gap,False,,6:1,CTV|6:2;SOV|6:1,SOV|6|Dec:1;SOV|6|Feb:1;SOV|6|Jan:1;SOV|6|Nov:1;SOV|6|Oct:1,SOV1|6|Apr:1;SOV1|6|Aug:1;SOV1|6|Dec:1;SOV1|6|Feb:1;SOV1|6|Jan:1;SOV1|6|Jul:1;SOV1|6|Jun:1;SOV1|6|Mar:1;SOV1|6|May:1;SOV1|6|Nov:1;SOV1|6|Oct:1;SOV1|6|Sep:1;SOV2|6|Dec:1;SOV2|6|Feb:1;SOV2|6|Jan:1;SOV2|6|Nov:1;SOV2|6|Oct:1,63;128;150;253;269,c02a83510c2620bf,200,1-500,501-1500
2,7,40133509.93082125,14197325.0,25936184.9308232,4312500.0,9056250.0,828575.0,24791567.925879575,414670.29398258415,729946.7109590949,7264.652312040329,,,,,,,,,,,,,,,,,0.012368130709504975,True,2,OPTIMAL,solution_within_gap,False,,6:1,CTV|6:2;SOV|6:1,CTV|6|Dec:1;CTV|6|Jan:1;SOV|6|Dec:1;SOV|6|Feb:1;SOV|6|Jan:1;SOV|6|Nov:1;SOV|6|Oct:1;SOV|6|Sep:1,SOV1|6|Apr:1;SOV1|6|Aug:1;SOV1|6|Dec:1;SOV1|6|Feb:1;SOV1|6|Jan:1;SOV1|6|Jul:1;SOV1|6|Jun:1;SOV1|6|Mar:1;SOV1|6|May:1;SOV1|6|Nov:1;SOV1|6|Oct:1;SOV1|6|Sep:1;SOV2|6|Dec:1;SOV2|6|Feb:1;SOV2|6|Jan:1;SOV2|6|Nov:1;SOV2|6|Oct:1;SOV2|6|Sep:1,52;62;145;308;315;342;443,c02a83510c2620bf,200,1-500,501-1500
2,10,37237395.828277275,13949500.0,23287895.82828192,4140000.0,9056250.0,753250.0,22167366.17681393,418314.1262822407,702215.5251810567,14342.956179141998,,,,,,,,,,,,,,,,,0.013629152421545054,True,2,OPTIMAL,solution_within_gap,False,,6:1,CTV|6:2;SOV|6:1,SOV|6|Dec:1;SOV|6|Feb:1;SOV|6|Jan:1;SOV|6|Nov:1;SOV|6|Oct:1;SOV|6|Sep:1,SOV1|6|Apr:1;SOV1|6|Aug:1;SOV1|6|Dec:1;SOV1|6|Feb:1;SOV1|6|Jan:1;SOV1|6|Jul:1;SOV1|6|Jun:1;SOV1|6|Mar:1;SOV1|6|May:1;SOV1|6|Nov:1;SOV1|6|Oct:1;SOV1|6|Sep:1;SOV2|6|Dec:1;SOV2|6|Feb:1;SOV2|6|Jan:1;SOV2|6|Nov:1;SOV2|6|Oct:1;SOV2|6|Sep:1,58;108;125;162;180;216;218;219;338;341,c02a83510c2620bf,200,1-500,501-1500
3,1,32275250.943948284,11167650.0,21107600.943948742,1207500.0,9056250.0,903900.0,19869520.147745006,553261.3441867577,684819.4520165258,39.933717012405396,,,,,,,,,,,,,,,,,0.01867284239860612,True,2,OPTIMAL,solution_within_gap,False,,6:1,CTV|6:2;SOV|6:1,CTV|6|Dec:2;CTV|6|Jan:2;CTV|6|Nov:1;CTV|6|Oct:1;SOV|6|Dec:1,SOV1|6|Apr:1;SOV1|6|Aug:1;SOV1|6|Dec:1;SOV1|6|Feb:1;SOV1|6|Jan:1;SOV1|6|Jul:1;SOV1|6|Jun:1;SOV1|6|Mar:1;SOV1|6|May:1;SOV1|6|Nov:1;SOV1|6|Oct:1;SOV1|6|Sep:1;SOV2|6|Dec:1,42,c02a83510c2620bf,200,1-500,501-1500
3,3,36117189.18676108,14111075.0,22006114.186760865,4226250.0,9056250.0,828575.0,20923238.68546306,403724.7165151836,679150.78478284,754.1158680915833,,,,,,,,,,,,,,,,,0.019082014501459417,True,2,OPTIMAL,solution_within_gap,False,,6:1,CTV|6:2;SOV|6:1,CTV|6|Mar:1;SOV|6|Dec:1;SOV|6|Feb:1;SOV|6|Jan:1;SOV|6|Nov:1;SOV|6|Oct:1;SOV|6|Sep:1,SOV1|6|Apr:1;SOV1|6|Aug:1;SOV1|6|Dec:1;SOV1|6|Feb:1;SOV1|6|Jan:1;SOV1|6|Jul:1;SOV1|6|Jun:1;SOV1|6|Mar:1;SOV1|6|May:1;SOV1|6|Nov:1;SOV1|6|Oct:1;SOV1|6|Sep:1;SOV2|6|Dec:1;SOV2|6|Feb:1;SOV2|6|Jan:1;SOV2|6|Nov:1;SOV2|6|Oct:1;SOV2|6|Sep:1,354;388;419,c02a83510c2620bf,200,1-500,501-1500
3,5,43474772.33310398,12860450.0,30614322.333101828,2070000.0,9961875.0,828575.0,29394821.61915771,489613.3179774315,729887.3959687452,2171.9988780021667,,,,,,,,,,,,,,,,,0.01994519155574152,True,2,OPTIMAL,solution_within_gap,False,,6:1,CTV|6:3;SOV|6:1,SOV|6|Dec:1;SOV|6|Feb:1;SOV|6|Jan:1,SOV1|6|Apr:1;SOV1|6|Aug:1;SOV1|6|Dec:1;SOV1|6|Feb:1;SOV1|6|Jan:1;SOV1|6|Jul:1;SOV1|6|Jun:1;SOV1|6|Mar:1;SOV1|6|May:1;SOV1|6|Nov:1;SOV1|6|Oct:1;SOV1|6|Sep:1;SOV2|6|Dec:1;SOV2|6|Feb:1;SOV2|6|Jan:1,45;52;231;235;276,c02a83510c2620bf,200,1-500,501-1500
3,7,42432483.44937216,14240450.0,28192033.449374042,3450000.0,9961875.0,828575.0,26966019.23238609,469116.3202246246,756897.8967614515,5582.673559188843,,,,,,,,,,,,,,,,,0.01896463627623912,True,2,OPTIMAL,solution_within_gap,False,,6:1,CTV|6:3;SOV|6:1,SOV|6|Dec:1;SOV|6|Feb:1;SOV|6|Jan:1;SOV|6|Nov:1;SOV|6|Oct:1,SOV1|6|Apr:1;SOV1|6|Aug:1;SOV1|6|Dec:1;SOV1|6|Feb:1;SOV1|6|Jan:1;SOV1|6|Jul:1;SOV1|6|Jun:1;SOV1|6|Mar:1;SOV1|6|May:1;SOV1|6|Nov:1;SOV1|6|Oct:1;SOV1|6|Sep:1;SOV2|6|Dec:1;SOV2|6|Feb:1;SOV2|6|Jan:1;SOV2|6|Nov:1;SOV2|6|Oct:1,31;97;222;224;251;393;455,c02a83510c2620bf,200,1-500,501-1500
3,10,38641985.02678168,12860450.0,25781535.026786763,2070000.0,9961875.0,828575.0,24563313.52553581,515479.50207890174,702741.9991669845,14400.460431098938,,,,,,,,,,,,,,,,,0.020348562208112098,True,9,TIME_LIMIT,solution_within_gap,False,,6:1,CTV|6:3;SOV|6:1,SOV|6|Dec:1;SOV|6|Jan:1;SOV|6|Nov:1,SOV1|6|Apr:1;SOV1|6|Aug:1;SOV1|6|Dec:1;SOV1|6|Feb:1;SOV1|6|Jan:1;SOV1|6|Jul:1;SOV1|6|Jun:1;SOV1|6|Mar:1;SOV1|6|May:1;SOV1|6|Nov:1;SOV1|6|Oct:1;SOV1|6|Sep:1;SOV2|6|Dec:1;SOV2|6|Jan:1;SOV2|6|Nov:1,39;52;155;160;209;211;217;238;244;499,c02a83510c2620bf,200,1-500,501-1500
4,1,44881801.077387124,14024250.0,30857551.077387527,4743750.0,8150625.0,1129875.0,29629269.758974638,451635.5304257251,776645.7879867413,52.83923411369324,,,,,,,,,,,,,,,,,0.017215169715727178,True,2,OPTIMAL,solution_within_gap,False,,6:1,CTV|6:1;SOV|6:1,CTV|6|Apr:2;CTV|6|Aug:2;CTV|6|Feb:1;CTV|6|Jul:2;CTV|6|Jun:2;CTV|6|Mar:2;CTV|6|May:2;CTV|6|Sep:2;SOV|6|Dec:1;SOV|6|Jan:2;SOV|6|Nov:1;SOV|6|Oct:1,SOV1|6|Apr:1;SOV1|6|Aug:1;SOV1|6|Dec:1;SOV1|6|Feb:1;SOV1|6|Jan:1;SOV1|6|Jul:1;SOV1|6|Jun:1;SOV1|6|Mar:1;SOV1|6|May:1;SOV1|6|Nov:1;SOV1|6|Oct:1;SOV1|6|Sep:1;SOV2|6|Dec:1;SOV2|6|Jan:1;SOV2|6|Nov:1;SOV2|6|Oct:1;SOV3|6|Jan:1,29,c02a83510c2620bf,200,1-500,501-1500
4,3,42074834.60357792,13151400.0,28923434.603577685,3191250.0,9056250.0,903900.0,27768363.621280976,471573.08158958046,683497.9007073338,768.1379570960999,,,,,,,,,,,,,,,,,0.019291436987625685,True,2,OPTIMAL,solution_within_gap,False,,6:1,CTV|6:2;SOV|6:1,CTV|6|Apr:1;CTV|6|Feb:1;CTV|6|Jan:2;CTV|6|Mar:1;SOV|6|Dec:1;SOV|6|Feb:1;SOV|6|Jan:1;SOV|6|Nov:1,SOV1|6|Apr:1;SOV1|6|Aug:1;SOV1|6|Dec:1;SOV1|6|Feb:1;SOV1|6|Jan:1;SOV1|6|Jul:1;SOV1|6|Jun:1;SOV1|6|Mar:1;SOV1|6|May:1;SOV1|6|Nov:1;SOV1|6|Oct:1;SOV1|6|Sep:1;SOV2|6|Dec:1;SOV2|6|Feb:1;SOV2|6|Jan:1;SOV2|6|Nov:1,88;458;468,c02a83510c2620bf,200,1-500,501-1500
4,5,37857456.07072308,13259500.0,24597956.07072107,3450000.0,9056250.0,753250.0,23466622.935612783,429946.003350847,701387.1317593697,1683.7237079143524,,,,,,,,,,,,,,,,,0.006937328008166525,True,2,OPTIMAL,solution_within_gap,False,,6:1,CTV|6:2;SOV|6:1,SOV|6|Dec:1;SOV|6|Feb:1;SOV|6|Jan:1;SOV|6|Nov:1;SOV|6|Oct:1,SOV1|6|Apr:1;SOV1|6|Aug:1;SOV1|6|Dec:1;SOV1|6|Feb:1;SOV1|6|Jan:1;SOV1|6|Jul:1;SOV1|6|Jun:1;SOV1|6|Mar:1;SOV1|6|May:1;SOV1|6|Nov:1;SOV1|6|Oct:1;SOV1|6|Sep:1;SOV2|6|Dec:1;SOV2|6|Feb:1;SOV2|6|Jan:1;SOV2|6|Nov:1;SOV2|6|Oct:1,85;164;220;221;298,c02a83510c2620bf,200,1-500,501-1500
4,7,34652373.886108086,14456075.0,20196298.88610986,4571250.0,9056250.0,828575.0,19076671.16223333,432826.2151335366,686801.5087412073,3495.028438091278,,,,,,,,,,,,,,,,,0.019721458793189112,True,2,OPTIMAL,solution_within_gap,False,,6:1,CTV|6:2;SOV|6:1,CTV|6|Apr:1;CTV|6|Jul:1;CTV|6|Jun:1;CTV|6|Mar:1;CTV|6|May:1;SOV|6|Dec:1;SOV|6|Feb:1;SOV|6|Jan:1;SOV|6|Nov:1;SOV|6|Oct:1;SOV|6|Sep:1,SOV1|6|Apr:1;SOV1|6|Aug:1;SOV1|6|Dec:1;SOV1|6|Feb:1;SOV1|6|Jan:1;SOV1|6|Jul:1;SOV1|6|Jun:1;SOV1|6|Mar:1;SOV1|6|May:1;SOV1|6|Nov:1;SOV1|6|Oct:1;SOV1|6|Sep:1;SOV2|6|Dec:1;SOV2|6|Feb:1;SOV2|6|Jan:1;SOV2|6|Nov:1;SOV2|6|Oct:1;SOV2|6|Sep:1,7;31;149;189;233;272;291,c02a83510c2620bf,200,1-500,501-1500
4,10,35370830.543898836,12569500.0,22801330.54390396,2760000.0,9056250.0,753250.0,21635367.865958,456103.5963108523,709859.0816299766,12017.105508089066,,,,,,,,,,,,,,,,,0.008741164557536025,True,2,OPTIMAL,solution_within_gap,False,,6:1,CTV|6:2;SOV|6:1,SOV|6|Dec:1;SOV|6|Feb:1;SOV|6|Jan:1;SOV|6|Nov:1,SOV1|6|Apr:1;SOV1|6|Aug:1;SOV1|6|Dec:1;SOV1|6|Feb:1;SOV1|6|Jan:1;SOV1|6|Jul:1;SOV1|6|Jun:1;SOV1|6|Mar:1;SOV1|6|May:1;SOV1|6|Nov:1;SOV1|6|Oct:1;SOV1|6|Sep:1;SOV2|6|Dec:1;SOV2|6|Feb:1;SOV2|6|Jan:1;SOV2|6|Nov:1,113;141;182;297;342;386;415;416;484;498,c02a83510c2620bf,200,1-500,501-1500
5,1,38866291.32352835,13560800.0,25305491.32352878,3450000.0,9056250.0,1054550.0,24224136.382434472,470422.3758983214,610932.5651955396,43.96124792098999,,,,,,,,,,,,,,,,,0.012438568551999226,True,2,OPTIMAL,solution_within_gap,False,,6:1,CTV|6:2;SOV|6:1,SOV|6|Dec:1;SOV|6|Feb:1;SOV|6|Jan:2;SOV|6|Mar:1,SOV1|6|Apr:1;SOV1|6|Aug:1;SOV1|6|Dec:1;SOV1|6|Feb:1;SOV1|6|Jan:1;SOV1|6|Jul:1;SOV1|6|Jun:1;SOV1|6|Mar:1;SOV1|6|May:1;SOV1|6|Nov:1;SOV1|6|Oct:1;SOV1|6|Sep:1;SOV2|6|Dec:1;SOV2|6|Feb:1;SOV2|6|Jan:1;SOV2|6|Mar:1;SOV3|6|Jan:1,301,c02a83510c2620bf,200,1-500,501-1500
5,3,42338673.72453799,14940800.047456445,27397873.67708131,4830000.04945,9056250.0,1054549.998006445,26334274.20109314,398667.9647530292,664931.5112353765,878.3885009288788,,,,,,,,,,,,,,,,,0.019453230728504762,True,2,OPTIMAL,solution_within_gap,False,,6:1,CTV|6:2;SOV|6:1,SOV|6|Dec:2;SOV|6|Feb:1;SOV|6|Jan:1;SOV|6|Nov:2;SOV|6|Oct:1,SOV1|6|Apr:1;SOV1|6|Aug:1;SOV1|6|Dec:1;SOV1|6|Feb:1;SOV1|6|Jan:1;SOV1|6|Jul:1;SOV1|6|Jun:1;SOV1|6|Mar:1;SOV1|6|May:1;SOV1|6|Nov:1;SOV1|6|Oct:1;SOV1|6|Sep:1;SOV2|6|Dec:1;SOV2|6|Feb:1;SOV2|6|Jan:1;SOV2|6|Nov:1;SOV2|6|Oct:1;SOV3|6|Dec:1;SOV3|6|Nov:1,14;22;80,c02a83510c2620bf,200,1-500,501-1500
5,5,38774344.65285039,11782325.0,26992019.652848206,1897500.0,9056250.0,828575.0,25751112.99461496,505827.25065979396,735079.4075755749,2156.27344083786,,,,,,,,,,,,,,,,,0.005721976795959116,True,2,OPTIMAL,solution_within_gap,False,,6:1,CTV|6:2;SOV|6:1,CTV|6|Dec:1;CTV|6|Feb:1;CTV|6|Jan:1;CTV|6|Nov:1;CTV|6|Oct:1;CTV|6|Sep:1;SOV|6|Dec:1;SOV|6|Nov:1,SOV1|6|Apr:1;SOV1|6|Aug:1;SOV1|6|Dec:1;SOV1|6|Feb:1;SOV1|6|Jan:1;SOV1|6|Jul:1;SOV1|6|Jun:1;SOV1|6|Mar:1;SOV1|6|May:1;SOV1|6|Nov:1;SOV1|6|Oct:1;SOV1|6|Sep:1;SOV2|6|Dec:1;SOV2|6|Nov:1,25;119;132;187;370,c02a83510c2620bf,200,1-500,501-1500
5,7,38394282.99406536,14250800.0,24143482.994067322,4140000.0,9056250.0,1054550.0,23025602.31840521,417663.29182969197,700217.3838304353,5199.010391950607,,,,,,,,,,,,,,,,,0.009430877775066862,True,2,OPTIMAL,solution_within_gap,False,,6:1,CTV|6:2;SOV|6:1,SOV|6|Dec:2;SOV|6|Feb:1;SOV|6|Jan:1;SOV|6|Nov:1;SOV|6|Oct:1,SOV1|6|Apr:1;SOV1|6|Aug:1;SOV1|6|Dec:1;SOV1|6|Feb:1;SOV1|6|Jan:1;SOV1|6|Jul:1;SOV1|6|Jun:1;SOV1|6|Mar:1;SOV1|6|May:1;SOV1|6|Nov:1;SOV1|6|Oct:1;SOV1|6|Sep:1;SOV2|6|Dec:1;SOV2|6|Feb:1;SOV2|6|Jan:1;SOV2|6|Nov:1;SOV2|6|Oct:1;SOV3|6|Dec:1,165;192;216;232;237;482;488,c02a83510c2620bf,200,1-500,501-1500
5,10,41688043.16166261,14111075.0,27576968.161666937,4226250.0,9056250.0,828575.0,26419492.41261422,410710.5796199156,746765.1694283728,13696.89806008339,,,,,,,,,,,,,,,,,0.017401342708708335,True,2,OPTIMAL,solution_within_gap,False,,6:1,CTV|6:2;SOV|6:1,CTV|6|Jan:1;SOV|6|Dec:1;SOV|6|Feb:1;SOV|6|Jan:1;SOV|6|Nov:1;SOV|6|Oct:1;SOV|6|Sep:1,SOV1|6|Apr:1;SOV1|6|Aug:1;SOV1|6|Dec:1;SOV1|6|Feb:1;SOV1|6|Jan:1;SOV1|6|Jul:1;SOV1|6|Jun:1;SOV1|6|Mar:1;SOV1|6|May:1;SOV1|6|Nov:1;SOV1|6|Oct:1;SOV1|6|Sep:1;SOV2|6|Dec:1;SOV2|6|Feb:1;SOV2|6|Jan:1;SOV2|6|Nov:1;SOV2|6|Oct:1;SOV2|6|Sep:1,27;152;165;171;175;290;367;370;425;472,c02a83510c2620bf,200,1-500,501-1500
6,1,37723727.3974753,14434225.0,23289502.397475418,4398750.0,9056250.0,979225.0,21737213.793130558,442373.47164542996,1109915.1326992798,125.80737209320068,,,,,,,,,,,,,,,,,0.019376248073028284,True,2,OPTIMAL,solution_within_gap,False,,5:1,CTV|5:2;SOV|5:1,CTV|5|Dec:3;SOV|5|Dec:1;SOV|5|Feb:1;SOV|5|Jan:1;SOV|5|Mar:1;SOV|5|Nov:1;SOV|5|Oct:1,SOV1|5|Apr:1;SOV1|5|Aug:1;SOV1|5|Dec:1;SOV1|5|Feb:1;SOV1|5|Jan:1;SOV1|5|Jul:1;SOV1|5|Jun:1;SOV1|5|Mar:1;SOV1|5|May:1;SOV1|5|Nov:1;SOV1|5|Oct:1;SOV1|5|Sep:1;SOV2|5|Dec:1;SOV2|5|Feb:1;SOV2|5|Jan:1;SOV2|5|Mar:1;SOV2|5|Nov:1;SOV2|5|Oct:1,47,c02a83510c2620bf,200,1-500,501-1500
6,3,36961365.21926065,13894875.0,23066490.219260346,3708750.0,9056250.0,1129875.0,21941710.32208231,465259.51697519404,659520.3802031159,753.9069271087646,,,,,,,,,,,,,,,,,0.01957867566425591,True,2,OPTIMAL,solution_within_gap,False,,6:1,CTV|6:2;SOV|6:1,CTV|6|Dec:1;CTV|6|Feb:1;CTV|6|Jan:1;SOV|6|Dec:2;SOV|6|Nov:1;SOV|6|Oct:1;SOV|6|Sep:1,SOV1|6|Apr:1;SOV1|6|Aug:1;SOV1|6|Dec:1;SOV1|6|Feb:1;SOV1|6|Jan:1;SOV1|6|Jul:1;SOV1|6|Jun:1;SOV1|6|Mar:1;SOV1|6|May:1;SOV1|6|Nov:1;SOV1|6|Oct:1;SOV1|6|Sep:1;SOV2|6|Dec:1;SOV2|6|Nov:1;SOV2|6|Oct:1;SOV2|6|Sep:1;SOV3|6|Dec:1,77;380;436,c02a83510c2620bf,200,1-500,501-1500
6,5,39475367.19079835,12731075.0,26744292.19079622,2846250.0,9056250.0,828575.0,25553890.035675272,465490.3662583577,724911.7888646064,2490.61660695076,,,,,,,,,,,,,,,,,0.013825669598321804,True,2,OPTIMAL,solution_within_gap,False,,6:1,CTV|6:2;SOV|6:1,CTV|6|Oct:1;SOV|6|Dec:1;SOV|6|Feb:1;SOV|6|Jan:1;SOV|6|Nov:1,SOV1|6|Apr:1;SOV1|6|Aug:1;SOV1|6|Dec:1;SOV1|6|Feb:1;SOV1|6|Jan:1;SOV1|6|Jul:1;SOV1|6|Jun:1;SOV1|6|Mar:1;SOV1|6|May:1;SOV1|6|Nov:1;SOV1|6|Oct:1;SOV1|6|Sep:1;SOV2|6|Dec:1;SOV2|6|Feb:1;SOV2|6|Jan:1;SOV2|6|Nov:1,127;257;293;425;427,c02a83510c2620bf,200,1-500,501-1500
6,7,41117490.60064727,13421075.0,27696415.600649305,3536250.0,9056250.0,828575.0,26524212.562569626,437743.1349746717,734459.9031030221,3551.635074853897,,,,,,,,,,,,,,,,,0.014668869474346584,True,2,OPTIMAL,solution_within_gap,False,,6:1,CTV|6:2;SOV|6:1,CTV|6|Jan:1;SOV|6|Dec:1;SOV|6|Feb:1;SOV|6|Jan:1;SOV|6|Nov:1;SOV|6|Oct:1,SOV1|6|Apr:1;SOV1|6|Aug:1;SOV1|6|Dec:1;SOV1|6|Feb:1;SOV1|6|Jan:1;SOV1|6|Jul:1;SOV1|6|Jun:1;SOV1|6|Mar:1;SOV1|6|May:1;SOV1|6|Nov:1;SOV1|6|Oct:1;SOV1|6|Sep:1;SOV2|6|Dec:1;SOV2|6|Feb:1;SOV2|6|Jan:1;SOV2|6|Nov:1;SOV2|6|Oct:1,30;67;171;235;347;428;461,c02a83510c2620bf,200,1-500,501-1500
6,10,37789879.87321276,11868575.0,25921304.873218086,1983750.0,9056250.0,828575.0,24715585.379218232,520528.40754053456,685191.0864541201,11087.71157002449,,,,,,,,,,,,,,,,,0.012822621160140399,True,2,OPTIMAL,solution_within_gap,False,,6:1,CTV|6:2;SOV|6:1,CTV|6|Dec:1;CTV|6|Feb:1;CTV|6|Jan:1;CTV|6|Mar:1;CTV|6|Nov:1;CTV|6|Oct:1;CTV|6|Sep:1;SOV|6|Dec:1;SOV|6|Jan:1,SOV1|6|Apr:1;SOV1|6|Aug:1;SOV1|6|Dec:1;SOV1|6|Feb:1;SOV1|6|Jan:1;SOV1|6|Jul:1;SOV1|6|Jun:1;SOV1|6|Mar:1;SOV1|6|May:1;SOV1|6|Nov:1;SOV1|6|Oct:1;SOV1|6|Sep:1;SOV2|6|Dec:1;SOV2|6|Jan:1,39;42;147;150;189;278;302;369;421;484,c02a83510c2620bf,200,1-500,501-1500
7,1,42374062.92715581,14346825.0,28027237.927156195,3708750.0,9056250.0,1581825.0,26826546.646573298,463172.3752018035,737518.9053806646,44.71493697166443,,,,,,,,,,,,,,,,,0.015792339272143536,True,2,OPTIMAL,solution_within_gap,False,,6:1,CTV|6:2;SOV|6:1,CTV|6|Mar:1;CTV|6|Nov:2;SOV|6|Dec:3;SOV|6|Nov:1;SOV|6|Oct:1,SOV1|6|Apr:1;SOV1|6|Aug:1;SOV1|6|Dec:1;SOV1|6|Feb:1;SOV1|6|Jan:1;SOV1|6|Jul:1;SOV1|6|Jun:1;SOV1|6|Mar:1;SOV1|6|May:1;SOV1|6|Nov:1;SOV1|6|Oct:1;SOV1|6|Sep:1;SOV2|6|Dec:1;SOV2|6|Nov:1;SOV2|6|Oct:1;SOV3|6|Dec:1;SOV4|6|Dec:1,331,c02a83510c2620bf,200,1-500,501-1500
7,3,36344958.25032587,12569500.0,23775458.250325583,2760000.0,9056250.0,753250.0,22596583.841476224,458340.95152752387,720533.4573221303,765.9923288822174,,,,,,,,,,,,,,,,,0.01853274613306539,True,2,OPTIMAL,solution_within_gap,False,,6:1,CTV|6:2;SOV|6:1,SOV|6|Dec:1;SOV|6|Feb:1;SOV|6|Jan:1;SOV|6|Nov:1,SOV1|6|Apr:1;SOV1|6|Aug:1;SOV1|6|Dec:1;SOV1|6|Feb:1;SOV1|6|Jan:1;SOV1|6|Jul:1;SOV1|6|Jun:1;SOV1|6|Mar:1;SOV1|6|May:1;SOV1|6|Nov:1;SOV1|6|Oct:1;SOV1|6|Sep:1;SOV2|6|Dec:1;SOV2|6|Feb:1;SOV2|6|Jan:1;SOV2|6|Nov:1,112;345;454,c02a83510c2620bf,200,1-500,501-1500
7,5,33065047.959376052,12569500.0,20495547.959373955,2760000.0,9056250.0,753250.0,19308949.97537639,456632.05102499673,729965.9329745931,2689.208571910858,,,,,,,,,,,,,,,,,0.00595818479746347,True,2,OPTIMAL,solution_within_gap,False,,6:1,CTV|6:2;SOV|6:1,SOV|6|Dec:1;SOV|6|Feb:1;SOV|6|Jan:1;SOV|6|Nov:1,SOV1|6|Apr:1;SOV1|6|Aug:1;SOV1|6|Dec:1;SOV1|6|Feb:1;SOV1|6|Jan:1;SOV1|6|Jul:1;SOV1|6|Jun:1;SOV1|6|Mar:1;SOV1|6|May:1;SOV1|6|Nov:1;SOV1|6|Oct:1;SOV1|6|Sep:1;SOV2|6|Dec:1;SOV2|6|Feb:1;SOV2|6|Jan:1;SOV2|6|Nov:1,12;35;148;182;500,c02a83510c2620bf,200,1-500,501-1500
7,7,40041119.00943768,13668900.0,26372219.00943952,3708750.0,9056250.0,903900.0,25240255.697960813,435716.72724633105,696246.5842305438,4072.3916471004486,,,,,,,,,,,,,,,,,0.01810789327452342,True,2,OPTIMAL,solution_within_gap,False,,6:1,CTV|6:2;SOV|6:1,CTV|6|May:1;CTV|6|Oct:1;CTV|6|Sep:1;SOV|6|Dec:1;SOV|6|Feb:1;SOV|6|Jan:1;SOV|6|Mar:1;SOV|6|Nov:1,SOV1|6|Apr:1;SOV1|6|Aug:1;SOV1|6|Dec:1;SOV1|6|Feb:1;SOV1|6|Jan:1;SOV1|6|Jul:1;SOV1|6|Jun:1;SOV1|6|Mar:1;SOV1|6|May:1;SOV1|6|Nov:1;SOV1|6|Oct:1;SOV1|6|Sep:1;SOV2|6|Dec:1;SOV2|6|Feb:1;SOV2|6|Jan:1;SOV2|6|Mar:1;SOV2|6|Nov:1,27;94;135;148;198;245;379,c02a83510c2620bf,200,1-500,501-1500
7,10,37538980.558278464,14918950.0,22620030.558283035,4657500.0,9056250.0,1205200.0,21517792.84504715,419730.124956224,682507.5882750907,14401.207454919815,,,,,,,,,,,,,,,,,0.02446050553139143,True,9,TIME_LIMIT,solution_within_gap,False,,6:1,CTV|6:2;SOV|6:1,CTV|6|Dec:6;SOV|6|Dec:1;SOV|6|Feb:1;SOV|6|Jan:1;SOV|6|Nov:1;SOV|6|Oct:1;SOV|6|Sep:1,SOV1|6|Apr:1;SOV1|6|Aug:1;SOV1|6|Dec:1;SOV1|6|Feb:1;SOV1|6|Jan:1;SOV1|6|Jul:1;SOV1|6|Jun:1;SOV1|6|Mar:1;SOV1|6|May:1;SOV1|6|Nov:1;SOV1|6|Oct:1;SOV1|6|Sep:1;SOV2|6|Dec:1;SOV2|6|Feb:1;SOV2|6|Jan:1;SOV2|6|Nov:1;SOV2|6|Oct:1;SOV2|6|Sep:1,14;52;109;162;164;168;253;360;425;437,c02a83510c2620bf,200,1-500,501-1500
8,1,32269209.030302413,12041075.0,20228134.030302882,2156250.0,9056250.0,828575.0,19102487.015120305,488355.37890236353,637291.6362797646,52.074965953826904,,,,,,,,,,,,,,,,,0.014536623814294092,True,2,OPTIMAL,solution_within_gap,False,,6:1,CTV|6:2;SOV|6:1,CTV|6|Dec:1;SOV|6|Dec:1;SOV|6|Jan:1;SOV|6|Nov:1,SOV1|6|Apr:1;SOV1|6|Aug:1;SOV1|6|Dec:1;SOV1|6|Feb:1;SOV1|6|Jan:1;SOV1|6|Jul:1;SOV1|6|Jun:1;SOV1|6|Mar:1;SOV1|6|May:1;SOV1|6|Nov:1;SOV1|6|Oct:1;SOV1|6|Sep:1;SOV2|6|Dec:1;SOV2|6|Jan:1;SOV2|6|Nov:1,373,c02a83510c2620bf,200,1-500,501-1500
8,3,31240551.67923274,12569500.0,18671051.6792325,2760000.0,9056250.0,753250.0,17477551.420316067,484179.9575357454,709320.3013809704,1311.1543951034546,,,,,,,,,,,,,,,,,0.00813304324976404,True,2,OPTIMAL,solution_within_gap,False,,6:1,CTV|6:2;SOV|6:1,SOV|6|Dec:1;SOV|6|Jan:1;SOV|6|Nov:1;SOV|6|Oct:1,SOV1|6|Apr:1;SOV1|6|Aug:1;SOV1|6|Dec:1;SOV1|6|Feb:1;SOV1|6|Jan:1;SOV1|6|Jul:1;SOV1|6|Jun:1;SOV1|6|Mar:1;SOV1|6|May:1;SOV1|6|Nov:1;SOV1|6|Oct:1;SOV1|6|Sep:1;SOV2|6|Dec:1;SOV2|6|Jan:1;SOV2|6|Nov:1;SOV2|6|Oct:1,30;317;492,c02a83510c2620bf,200,1-500,501-1500
8,5,34708813.30627619,13259500.0,21449313.30627414,3450000.0,9056250.0,753250.0,20281481.783497833,436806.56979198486,731024.95298625,1973.041533946991,,,,,,,,,,,,,,,,,0.01720015860269177,True,2,OPTIMAL,solution_within_gap,False,,6:1,CTV|6:2;SOV|6:1,SOV|6|Dec:1;SOV|6|Feb:1;SOV|6|Jan:1;SOV|6|Nov:1;SOV|6|Oct:1,SOV1|6|Apr:1;SOV1|6|Aug:1;SOV1|6|Dec:1;SOV1|6|Feb:1;SOV1|6|Jan:1;SOV1|6|Jul:1;SOV1|6|Jun:1;SOV1|6|Mar:1;SOV1|6|May:1;SOV1|6|Nov:1;SOV1|6|Oct:1;SOV1|6|Sep:1;SOV2|6|Dec:1;SOV2|6|Feb:1;SOV2|6|Jan:1;SOV2|6|Nov:1;SOV2|6|Oct:1,60;202;274;310;474,c02a83510c2620bf,200,1-500,501-1500
8,7,37518714.88055463,13679825.0,23838889.88055654,3795000.0,9056250.0,828575.0,22699681.524624445,448567.33240020456,690641.0235299829,7389.1163918972015,,,,,,,,,,,,,,,,,0.019059225185398234,True,2,OPTIMAL,solution_within_gap,False,,6:1,CTV|6:2;SOV|6:1,CTV|6|Apr:1;CTV|6|Feb:1;CTV|6|Jan:1;CTV|6|Mar:1;SOV|6|Dec:1;SOV|6|Feb:1;SOV|6|Jan:1;SOV|6|Nov:1;SOV|6|Oct:1,SOV1|6|Apr:1;SOV1|6|Aug:1;SOV1|6|Dec:1;SOV1|6|Feb:1;SOV1|6|Jan:1;SOV1|6|Jul:1;SOV1|6|Jun:1;SOV1|6|Mar:1;SOV1|6|May:1;SOV1|6|Nov:1;SOV1|6|Oct:1;SOV1|6|Sep:1;SOV2|6|Dec:1;SOV2|6|Feb:1;SOV2|6|Jan:1;SOV2|6|Nov:1;SOV2|6|Oct:1,13;138;212;292;401;432;493,c02a83510c2620bf,200,1-500,501-1500
8,10,37705921.760565,13259500.0,24446421.76056973,3450000.0,9056250.0,753250.0,23313785.611631956,431411.3888653461,701224.7600677329,12192.789336919785,,,,,,,,,,,,,,,,,0.019957594522235885,True,2,OPTIMAL,solution_within_gap,False,,6:1,CTV|6:2;SOV|6:1,SOV|6|Dec:1;SOV|6|Feb:1;SOV|6|Jan:1;SOV|6|Nov:1;SOV|6|Oct:1,SOV1|6|Apr:1;SOV1|6|Aug:1;SOV1|6|Dec:1;SOV1|6|Feb:1;SOV1|6|Jan:1;SOV1|6|Jul:1;SOV1|6|Jun:1;SOV1|6|Mar:1;SOV1|6|May:1;SOV1|6|Nov:1;SOV1|6|Oct:1;SOV1|6|Sep:1;SOV2|6|Dec:1;SOV2|6|Feb:1;SOV2|6|Jan:1;SOV2|6|Nov:1;SOV2|6|Oct:1,10;16;33;59;135;140;144;148;289;409,c02a83510c2620bf,200,1-500,501-1500
9,1,48587856.857984856,12375150.0,36212706.857984655,2415000.0,9056250.0,903900.0,35090727.91940453,473435.466019892,648543.4725604563,43.63246178627014,,,,,,,,,,,,,,,,,0.014551662927167612,True,2,OPTIMAL,solution_within_gap,False,,6:1,CTV|6:2;SOV|6:1,CTV|6|Feb:1;CTV|6|Jan:1;CTV|6|Mar:1;CTV|6|Nov:1;SOV|6|Dec:1;SOV|6|Nov:1;SOV|6|Oct:1,SOV1|6|Apr:1;SOV1|6|Aug:1;SOV1|6|Dec:1;SOV1|6|Feb:1;SOV1|6|Jan:1;SOV1|6|Jul:1;SOV1|6|Jun:1;SOV1|6|Mar:1;SOV1|6|May:1;SOV1|6|Nov:1;SOV1|6|Oct:1;SOV1|6|Sep:1;SOV2|6|Dec:1;SOV2|6|Nov:1;SOV2|6|Oct:1,379,c02a83510c2620bf,200,1-500,501-1500
9,3,39175690.66137426,13949500.0,25226190.661374003,4140000.0,9056250.0,753250.0,24114412.455526017,408139.8410687214,703638.3647795072,866.404098033905,,,,,,,,,,,,,,,,,0.013244102760154728,True,2,OPTIMAL,solution_within_gap,False,,6:1,CTV|6:2;SOV|6:1,SOV|6|Dec:1;SOV|6|Feb:1;SOV|6|Jan:1;SOV|6|Mar:1;SOV|6|Nov:1;SOV|6|Oct:1,SOV1|6|Apr:1;SOV1|6|Aug:1;SOV1|6|Dec:1;SOV1|6|Feb:1;SOV1|6|Jan:1;SOV1|6|Jul:1;SOV1|6|Jun:1;SOV1|6|Mar:1;SOV1|6|May:1;SOV1|6|Nov:1;SOV1|6|Oct:1;SOV1|6|Sep:1;SOV2|6|Dec:1;SOV2|6|Feb:1;SOV2|6|Jan:1;SOV2|6|Mar:1;SOV2|6|Nov:1;SOV2|6|Oct:1,74;361;424,c02a83510c2620bf,200,1-500,501-1500
9,5,34596435.469259486,12569500.0,22026935.469257418,2760000.0,9056250.0,753250.0,20845934.211257752,462471.1512096257,718530.1067920503,2710.4955019950867,,,,,,,,,,,,,,,,,0.011306435553206366,True,2,OPTIMAL,solution_within_gap,False,,6:1,CTV|6:2;SOV|6:1,SOV|6|Dec:1;SOV|6|Feb:1;SOV|6|Jan:1;SOV|6|Nov:1,SOV1|6|Apr:1;SOV1|6|Aug:1;SOV1|6|Dec:1;SOV1|6|Feb:1;SOV1|6|Jan:1;SOV1|6|Jul:1;SOV1|6|Jun:1;SOV1|6|Mar:1;SOV1|6|May:1;SOV1|6|Nov:1;SOV1|6|Oct:1;SOV1|6|Sep:1;SOV2|6|Dec:1;SOV2|6|Feb:1;SOV2|6|Jan:1;SOV2|6|Nov:1,7;153;296;431;498,c02a83510c2620bf,200,1-500,501-1500
9,7,38118367.843082085,13421075.0,24697292.84308402,3536250.0,9056250.0,828575.0,23544654.93671916,430530.7777595132,722107.1286033757,4337.329470157623,,,,,,,,,,,,,,,,,0.01991524106871348,True,2,OPTIMAL,solution_within_gap,False,,6:1,CTV|6:2;SOV|6:1,CTV|6|Jan:1;SOV|6|Dec:1;SOV|6|Feb:1;SOV|6|Jan:1;SOV|6|Nov:1;SOV|6|Oct:1,SOV1|6|Apr:1;SOV1|6|Aug:1;SOV1|6|Dec:1;SOV1|6|Feb:1;SOV1|6|Jan:1;SOV1|6|Jul:1;SOV1|6|Jun:1;SOV1|6|Mar:1;SOV1|6|May:1;SOV1|6|Nov:1;SOV1|6|Oct:1;SOV1|6|Sep:1;SOV2|6|Dec:1;SOV2|6|Feb:1;SOV2|6|Jan:1;SOV2|6|Nov:1;SOV2|6|Oct:1,64;117;159;174;271;447;469,c02a83510c2620bf,200,1-500,501-1500
9,10,38919402.620595895,14240450.0,24678952.62060009,3450000.0,9961875.0,828575.0,23224859.462845225,539270.8924932868,914822.2652574052,14400.745395183563,,,,,,,,,,,,,,,,,0.03400468606436313,True,9,TIME_LIMIT,solution_within_gap,False,,5:1,CTV|5:3;SOV|5:1,SOV|5|Dec:1;SOV|5|Feb:1;SOV|5|Jan:1;SOV|5|Nov:1;SOV|5|Oct:1,SOV1|5|Apr:1;SOV1|5|Aug:1;SOV1|5|Dec:1;SOV1|5|Feb:1;SOV1|5|Jan:1;SOV1|5|Jul:1;SOV1|5|Jun:1;SOV1|5|Mar:1;SOV1|5|May:1;SOV1|5|Nov:1;SOV1|5|Oct:1;SOV1|5|Sep:1;SOV2|5|Dec:1;SOV2|5|Feb:1;SOV2|5|Jan:1;SOV2|5|Nov:1;SOV2|5|Oct:1,66;102;112;223;362;390;391;404;448;470,c02a83510c2620bf,200,1-500,501-1500
10,1,30417048.376847994,10348850.0,20068198.376848474,690000.0,9056250.0,602600.0,18795238.803970605,590664.6085223429,682294.9643550507,47.005725145339966,,,,,,,,,,,,,,,,,0.018432924796166796,True,2,OPTIMAL,solution_within_gap,False,,6:1,CTV|6:2;SOV|6:1,CTV|6|Dec:2;CTV|6|Feb:1;CTV|6|Jan:1;CTV|6|Nov:2;CTV|6|Oct:2,SOV1|6|Apr:1;SOV1|6|Aug:1;SOV1|6|Dec:1;SOV1|6|Feb:1;SOV1|6|Jan:1;SOV1|6|Jul:1;SOV1|6|Jun:1;SOV1|6|Mar:1;SOV1|6|May:1;SOV1|6|Nov:1;SOV1|6|Oct:1;SOV1|6|Sep:1,187,c02a83510c2620bf,200,1-500,501-1500
10,3,43088306.37140976,13949500.0,29138806.371409584,4140000.0,9056250.0,753250.0,28002498.376851354,412735.6667062973,723572.3278521891,245.56522011756897,,,,,,,,,,,,,,,,,0.019114417522276928,True,2,OPTIMAL,solution_within_gap,False,,6:1,CTV|6:2;SOV|6:1,SOV|6|Dec:1;SOV|6|Feb:1;SOV|6|Jan:1;SOV|6|Nov:1;SOV|6|Oct:1;SOV|6|Sep:1,SOV1|6|Apr:1;SOV1|6|Aug:1;SOV1|6|Dec:1;SOV1|6|Feb:1;SOV1|6|Jan:1;SOV1|6|Jul:1;SOV1|6|Jun:1;SOV1|6|Mar:1;SOV1|6|May:1;SOV1|6|Nov:1;SOV1|6|Oct:1;SOV1|6|Sep:1;SOV2|6|Dec:1;SOV2|6|Feb:1;SOV2|6|Jan:1;SOV2|6|Nov:1;SOV2|6|Oct:1;SOV2|6|Sep:1,80;412;490,c02a83510c2620bf,200,1-500,501-1500
10,5,34562935.602886885,12569500.0,21993435.602884833,2760000.0,9056250.0,753250.0,20824989.723576266,453858.7450646914,714587.1342458446,2226.205240011215,,,,,,,,,,,,,,,,,0.014569200021225817,True,2,OPTIMAL,solution_within_gap,False,,6:1,CTV|6:2;SOV|6:1,SOV|6|Dec:1;SOV|6|Feb:1;SOV|6|Jan:1;SOV|6|Nov:1,SOV1|6|Apr:1;SOV1|6|Aug:1;SOV1|6|Dec:1;SOV1|6|Feb:1;SOV1|6|Jan:1;SOV1|6|Jul:1;SOV1|6|Jun:1;SOV1|6|Mar:1;SOV1|6|May:1;SOV1|6|Nov:1;SOV1|6|Oct:1;SOV1|6|Sep:1;SOV2|6|Dec:1;SOV2|6|Feb:1;SOV2|6|Jan:1;SOV2|6|Nov:1,38;216;446;475;476,c02a83510c2620bf,200,1-500,501-1500
10,7,36265865.49457509,14714825.0,21551040.49457821,4830000.0,9056250.0,828575.0,20124413.542846426,499187.39778821135,927439.553940728,4295.186506986618,,,,,,,,,,,,,,,,,0.019610910684962738,True,2,OPTIMAL,solution_within_gap,False,,5:1,CTV|5:2;SOV|5:1,CTV|5|Aug:1;CTV|5|Dec:1;CTV|5|Jul:1;CTV|5|Jun:1;CTV|5|May:1;CTV|5|Nov:1;CTV|5|Oct:1;CTV|5|Sep:1;SOV|5|Dec:1;SOV|5|Feb:1;SOV|5|Jan:1;SOV|5|Mar:1;SOV|5|Nov:1;SOV|5|Oct:1,SOV1|5|Apr:1;SOV1|5|Aug:1;SOV1|5|Dec:1;SOV1|5|Feb:1;SOV1|5|Jan:1;SOV1|5|Jul:1;SOV1|5|Jun:1;SOV1|5|Mar:1;SOV1|5|May:1;SOV1|5|Nov:1;SOV1|5|Oct:1;SOV1|5|Sep:1;SOV2|5|Dec:1;SOV2|5|Feb:1;SOV2|5|Jan:1;SOV2|5|Mar:1;SOV2|5|Nov:1;SOV2|5|Oct:1,105;196;209;221;374;410;485,c02a83510c2620bf,200,1-500,501-1500
10,10,36485895.51840922,15620450.0,20865445.518413585,4830000.0,9961875.0,828575.0,19537133.19524555,471306.5344908207,857005.7886730972,14401.41907119751,,,,,,,,,,,,,,,,,0.045965070616028135,True,9,TIME_LIMIT,solution_within_gap,False,,5:1,CTV|5:3;SOV|5:1,SOV|5|Dec:1;SOV|5|Feb:1;SOV|5|Jan:1;SOV|5|Mar:1;SOV|5|Nov:1;SOV|5|Oct:1;SOV|5|Sep:1,SOV1|5|Apr:1;SOV1|5|Aug:1;SOV1|5|Dec:1;SOV1|5|Feb:1;SOV1|5|Jan:1;SOV1|5|Jul:1;SOV1|5|Jun:1;SOV1|5|Mar:1;SOV1|5|May:1;SOV1|5|Nov:1;SOV1|5|Oct:1;SOV1|5|Sep:1;SOV2|5|Dec:1;SOV2|5|Feb:1;SOV2|5|Jan:1;SOV2|5|Mar:1;SOV2|5|Nov:1;SOV2|5|Oct:1;SOV2|5|Sep:1,10;11;79;170;182;195;234;291;360;426,c02a83510c2620bf,200,1-500,501-1500
11,1,37723727.3974753,14434225.0,23289502.397475418,4398750.0,9056250.0,979225.0,21737213.793130558,442373.47164542996,1109915.1326992798,125.94788193702698,,,,,,,,,,,,,,,,,0.019376248073028284,True,2,OPTIMAL,solution_within_gap,False,,5:1,CTV|5:2;SOV|5:1,CTV|5|Dec:3;SOV|5|Dec:1;SOV|5|Feb:1;SOV|5|Jan:1;SOV|5|Mar:1;SOV|5|Nov:1;SOV|5|Oct:1,SOV1|5|Apr:1;SOV1|5|Aug:1;SOV1|5|Dec:1;SOV1|5|Feb:1;SOV1|5|Jan:1;SOV1|5|Jul:1;SOV1|5|Jun:1;SOV1|5|Mar:1;SOV1|5|May:1;SOV1|5|Nov:1;SOV1|5|Oct:1;SOV1|5|Sep:1;SOV2|5|Dec:1;SOV2|5|Feb:1;SOV2|5|Jan:1;SOV2|5|Mar:1;SOV2|5|Nov:1;SOV2|5|Oct:1,47,c02a83510c2620bf,200,1-500,501-1500
11,3,41991374.96050738,13766075.0,28225299.96050689,3881250.0,9056250.0,828575.0,26782258.98288332,507153.2677989237,935887.709825129,892.7785999774933,,,,,,,,,,,,,,,,,0.01990387437912798,True,2,OPTIMAL,solution_within_gap,False,,5:1,CTV|5:2;SOV|5:1,CTV|5|Apr:1;CTV|5|Feb:1;CTV|5|Jan:1;CTV|5|Mar:1;CTV|5|May:1;SOV|5|Dec:1;SOV|5|Jan:1;SOV|5|Nov:1;SOV|5|Oct:1;SOV|5|Sep:1,SOV1|5|Apr:1;SOV1|5|Aug:1;SOV1|5|Dec:1;SOV1|5|Feb:1;SOV1|5|Jan:1;SOV1|5|Jul:1;SOV1|5|Jun:1;SOV1|5|Mar:1;SOV1|5|May:1;SOV1|5|Nov:1;SOV1|5|Oct:1;SOV1|5|Sep:1;SOV2|5|Dec:1;SOV2|5|Jan:1;SOV2|5|Nov:1;SOV2|5|Oct:1;SOV2|5|Sep:1,14;106;430,c02a83510c2620bf,200,1-500,501-1500
11,5,34882201.35673072,13259500.0,21622701.356728666,3450000.0,9056250.0,753250.0,20492161.248635825,449833.3217535594,680706.7863412517,2275.0756011009216,,,,,,,,,,,,,,,,,0.009327085098968133,True,2,OPTIMAL,solution_within_gap,False,,6:1,CTV|6:2;SOV|6:1,SOV|6|Dec:1;SOV|6|Feb:1;SOV|6|Jan:1;SOV|6|Nov:1;SOV|6|Oct:1,SOV1|6|Apr:1;SOV1|6|Aug:1;SOV1|6|Dec:1;SOV1|6|Feb:1;SOV1|6|Jan:1;SOV1|6|Jul:1;SOV1|6|Jun:1;SOV1|6|Mar:1;SOV1|6|May:1;SOV1|6|Nov:1;SOV1|6|Oct:1;SOV1|6|Sep:1;SOV2|6|Dec:1;SOV2|6|Feb:1;SOV2|6|Jan:1;SOV2|6|Nov:1;SOV2|6|Oct:1,28;122;417;418;474,c02a83510c2620bf,200,1-500,501-1500
11,7,38564719.621982224,13259500.0,25305219.621984266,3450000.0,9056250.0,753250.0,24170391.368416388,439440.0718442384,695388.1817215788,6828.845125198364,,,,,,,,,,,,,,,,,0.01777001664111011,True,2,OPTIMAL,solution_within_gap,False,,6:1,CTV|6:2;SOV|6:1,SOV|6|Dec:1;SOV|6|Feb:1;SOV|6|Jan:1;SOV|6|Mar:1;SOV|6|Nov:1,SOV1|6|Apr:1;SOV1|6|Aug:1;SOV1|6|Dec:1;SOV1|6|Feb:1;SOV1|6|Jan:1;SOV1|6|Jul:1;SOV1|6|Jun:1;SOV1|6|Mar:1;SOV1|6|May:1;SOV1|6|Nov:1;SOV1|6|Oct:1;SOV1|6|Sep:1;SOV2|6|Dec:1;SOV2|6|Feb:1;SOV2|6|Jan:1;SOV2|6|Mar:1;SOV2|6|Nov:1,16;81;228;302;314;387;409,c02a83510c2620bf,200,1-500,501-1500
11,10,37172826.05712402,13259500.0,23913326.057128876,3450000.0,9056250.0,753250.0,22780195.19179969,431232.3758893604,701898.4894349899,14401.00913310051,,,,,,,,,,,,,,,,,0.025487056786354562,True,9,TIME_LIMIT,solution_within_gap,False,,6:1,CTV|6:2;SOV|6:1,SOV|6|Dec:1;SOV|6|Feb:1;SOV|6|Jan:1;SOV|6|Nov:1;SOV|6|Oct:1,SOV1|6|Apr:1;SOV1|6|Aug:1;SOV1|6|Dec:1;SOV1|6|Feb:1;SOV1|6|Jan:1;SOV1|6|Jul:1;SOV1|6|Jun:1;SOV1|6|Mar:1;SOV1|6|May:1;SOV1|6|Nov:1;SOV1|6|Oct:1;SOV1|6|Sep:1;SOV2|6|Dec:1;SOV2|6|Feb:1;SOV2|6|Jan:1;SOV2|6|Nov:1;SOV2|6|Oct:1,25;118;255;266;277;315;354;384;414;415,c02a83510c2620bf,200,1-500,501-1500
12,1,45961805.070055224,12299825.0,33661980.07005565,2415000.0,9056250.0,828575.0,32489798.305829532,479422.56062729924,692759.2035983823,40.21275091171265,,,,,,,,,,,,,,,,,0.019326857893541934,True,2,OPTIMAL,solution_within_gap,False,,6:1,CTV|6:2;SOV|6:1,CTV|6|Aug:1;CTV|6|Jul:1;CTV|6|Oct:1;CTV|6|Sep:1;SOV|6|Dec:1;SOV|6|Jan:1;SOV|6|Nov:1,SOV1|6|Apr:1;SOV1|6|Aug:1;SOV1|6|Dec:1;SOV1|6|Feb:1;SOV1|6|Jan:1;SOV1|6|Jul:1;SOV1|6|Jun:1;SOV1|6|Mar:1;SOV1|6|May:1;SOV1|6|Nov:1;SOV1|6|Oct:1;SOV1|6|Sep:1;SOV2|6|Dec:1;SOV2|6|Jan:1;SOV2|6|Nov:1,236,c02a83510c2620bf,200,1-500,501-1500
12,3,33899882.18595445,12569500.0,21330382.185954254,2760000.0,9056250.0,753250.0,20141445.96420714,468035.10431807855,720901.1174292788,402.1177809238434,,,,,,,,,,,,,,,,,0.019691021840881392,True,2,OPTIMAL,solution_within_gap,False,,6:1,CTV|6:2;SOV|6:1,SOV|6|Dec:1;SOV|6|Jan:1;SOV|6|Nov:1;SOV|6|Oct:1,SOV1|6|Apr:1;SOV1|6|Aug:1;SOV1|6|Dec:1;SOV1|6|Feb:1;SOV1|6|Jan:1;SOV1|6|Jul:1;SOV1|6|Jun:1;SOV1|6|Mar:1;SOV1|6|May:1;SOV1|6|Nov:1;SOV1|6|Oct:1;SOV1|6|Sep:1;SOV2|6|Dec:1;SOV2|6|Jan:1;SOV2|6|Nov:1;SOV2|6|Oct:1,60;184;311,c02a83510c2620bf,200,1-500,501-1500
12,5,34553148.55285158,14358900.0,20194248.552849624,4398750.0,9056250.0,903900.0,19019971.880043726,425296.49635028845,748980.1764574457,2089.1248700618744,,,,,,,,,,,,,,,,,0.01996828618031067,True,2,OPTIMAL,solution_within_gap,False,,6:1,CTV|6:2;SOV|6:1,CTV|6|Dec:2;CTV|6|Jan:1;SOV|6|Dec:1;SOV|6|Feb:1;SOV|6|Jan:1;SOV|6|Mar:1;SOV|6|Nov:1;SOV|6|Oct:1,SOV1|6|Apr:1;SOV1|6|Aug:1;SOV1|6|Dec:1;SOV1|6|Feb:1;SOV1|6|Jan:1;SOV1|6|Jul:1;SOV1|6|Jun:1;SOV1|6|Mar:1;SOV1|6|May:1;SOV1|6|Nov:1;SOV1|6|Oct:1;SOV1|6|Sep:1;SOV2|6|Dec:1;SOV2|6|Feb:1;SOV2|6|Jan:1;SOV2|6|Mar:1;SOV2|6|Nov:1;SOV2|6|Oct:1,89;120;174;216;280,c02a83510c2620bf,200,1-500,501-1500
12,7,39603047.21013984,14930450.0,24672597.210141707,4140000.0,9961875.0,828575.0,23542406.079815093,439954.845766779,690236.284558024,3434.36154794693,,,,,,,,,,,,,,,,,0.019121167637360062,True,2,OPTIMAL,solution_within_gap,False,,6:1,CTV|6:3;SOV|6:1,SOV|6|Dec:1;SOV|6|Feb:1;SOV|6|Jan:1;SOV|6|Nov:1;SOV|6|Oct:1;SOV|6|Sep:1,SOV1|6|Apr:1;SOV1|6|Aug:1;SOV1|6|Dec:1;SOV1|6|Feb:1;SOV1|6|Jan:1;SOV1|6|Jul:1;SOV1|6|Jun:1;SOV1|6|Mar:1;SOV1|6|May:1;SOV1|6|Nov:1;SOV1|6|Oct:1;SOV1|6|Sep:1;SOV2|6|Dec:1;SOV2|6|Feb:1;SOV2|6|Jan:1;SOV2|6|Nov:1;SOV2|6|Oct:1;SOV2|6|Sep:1,5;115;116;145;251;343;391,c02a83510c2620bf,200,1-500,501-1500
12,10,38200254.47674681,14918950.0,23281304.476751264,4657500.0,9056250.0,1205200.0,22160874.462767128,415312.35652757564,705117.6574520527,13286.054443120956,,,,,,,,,,,,,,,,,0.014694138191296953,True,2,OPTIMAL,solution_within_gap,False,,6:1,CTV|6:2;SOV|6:1,CTV|6|Dec:6;SOV|6|Dec:1;SOV|6|Feb:1;SOV|6|Jan:1;SOV|6|Nov:1;SOV|6|Oct:1;SOV|6|Sep:1,SOV1|6|Apr:1;SOV1|6|Aug:1;SOV1|6|Dec:1;SOV1|6|Feb:1;SOV1|6|Jan:1;SOV1|6|Jul:1;SOV1|6|Jun:1;SOV1|6|Mar:1;SOV1|6|May:1;SOV1|6|Nov:1;SOV1|6|Oct:1;SOV1|6|Sep:1;SOV2|6|Dec:1;SOV2|6|Feb:1;SOV2|6|Jan:1;SOV2|6|Nov:1;SOV2|6|Oct:1;SOV2|6|Sep:1,105;162;164;168;219;233;253;337;432;447,c02a83510c2620bf,200,1-500,501-1500
13,1,28640738.22888379,12731075.0,15909663.22888341,2846250.0,9056250.0,828575.0,14766935.760863557,459666.2713853055,683061.1966349388,50.48436999320984,,,,,,,,,,,,,,,,,0.008052984026965816,True,2,OPTIMAL,solution_within_gap,False,,6:1,CTV|6:2;SOV|6:1,CTV|6|Dec:1;SOV|6|Dec:1;SOV|6|Jan:1;SOV|6|Nov:1;SOV|6|Oct:1,SOV1|6|Apr:1;SOV1|6|Aug:1;SOV1|6|Dec:1;SOV1|6|Feb:1;SOV1|6|Jan:1;SOV1|6|Jul:1;SOV1|6|Jun:1;SOV1|6|Mar:1;SOV1|6|May:1;SOV1|6|Nov:1;SOV1|6|Oct:1;SOV1|6|Sep:1;SOV2|6|Dec:1;SOV2|6|Jan:1;SOV2|6|Nov:1;SOV2|6|Oct:1,140,c02a83510c2620bf,200,1-500,501-1500
13,3,38699370.70456605,12731075.0,25968295.704565823,2846250.0,9056250.0,828575.0,24794076.329963762,460736.01227056753,713483.3623317367,731.9019439220428,,,,,,,,,,,,,,,,,0.017359986390164436,True,2,OPTIMAL,solution_within_gap,False,,6:1,CTV|6:2;SOV|6:1,CTV|6|Oct:1;SOV|6|Dec:1;SOV|6|Feb:1;SOV|6|Jan:1;SOV|6|Nov:1,SOV1|6|Apr:1;SOV1|6|Aug:1;SOV1|6|Dec:1;SOV1|6|Feb:1;SOV1|6|Jan:1;SOV1|6|Jul:1;SOV1|6|Jun:1;SOV1|6|Mar:1;SOV1|6|May:1;SOV1|6|Nov:1;SOV1|6|Oct:1;SOV1|6|Sep:1;SOV2|6|Dec:1;SOV2|6|Feb:1;SOV2|6|Jan:1;SOV2|6|Nov:1,115;232;287,c02a83510c2620bf,200,1-500,501-1500
13,5,37802416.54058002,14714825.0,23087591.540578097,4830000.0,9056250.0,828575.0,21992411.43445599,439878.35775891406,655301.748365103,2019.766872882843,,,,,,,,,,,,,,,,,0.019016556454708598,True,2,OPTIMAL,solution_within_gap,False,,6:1,CTV|6:2;SOV|6:1,CTV|6|Apr:1;CTV|6|Dec:1;CTV|6|Feb:1;CTV|6|Jan:1;CTV|6|Jul:1;CTV|6|Jun:1;CTV|6|Mar:1;CTV|6|May:1;SOV|6|Dec:1;SOV|6|Feb:1;SOV|6|Jan:1;SOV|6|Nov:1;SOV|6|Oct:1;SOV|6|Sep:1,SOV1|6|Apr:1;SOV1|6|Aug:1;SOV1|6|Dec:1;SOV1|6|Feb:1;SOV1|6|Jan:1;SOV1|6|Jul:1;SOV1|6|Jun:1;SOV1|6|Mar:1;SOV1|6|May:1;SOV1|6|Nov:1;SOV1|6|Oct:1;SOV1|6|Sep:1;SOV2|6|Dec:1;SOV2|6|Feb:1;SOV2|6|Jan:1;SOV2|6|Nov:1;SOV2|6|Oct:1;SOV2|6|Sep:1,78;135;258;303;395,c02a83510c2620bf,200,1-500,501-1500
13,7,36434884.03391999,13259500.0,23175384.033921927,3450000.0,9056250.0,753250.0,22039869.34607358,435219.28411332483,700295.4037330169,5901.913619995117,,,,,,,,,,,,,,,,,0.015945612659412117,True,2,OPTIMAL,solution_within_gap,False,,6:1,CTV|6:2;SOV|6:1,SOV|6|Dec:1;SOV|6|Feb:1;SOV|6|Jan:1;SOV|6|Nov:1;SOV|6|Oct:1,SOV1|6|Apr:1;SOV1|6|Aug:1;SOV1|6|Dec:1;SOV1|6|Feb:1;SOV1|6|Jan:1;SOV1|6|Jul:1;SOV1|6|Jun:1;SOV1|6|Mar:1;SOV1|6|May:1;SOV1|6|Nov:1;SOV1|6|Oct:1;SOV1|6|Sep:1;SOV2|6|Dec:1;SOV2|6|Feb:1;SOV2|6|Jan:1;SOV2|6|Nov:1;SOV2|6|Oct:1,9;125;251;263;296;302;425,c02a83510c2620bf,200,1-500,501-1500
13,10,39415445.06107886,11879500.0,27535945.061084148,2070000.0,9056250.0,753250.0,26344996.19474509,475459.2298226393,715489.636511172,11455.533825874329,,,,,,,,,,,,,,,,,0.01923502731410428,True,2,OPTIMAL,solution_within_gap,False,,6:1,CTV|6:2;SOV|6:1,SOV|6|Dec:1;SOV|6|Feb:1;SOV|6|Jan:1,SOV1|6|Apr:1;SOV1|6|Aug:1;SOV1|6|Dec:1;SOV1|6|Feb:1;SOV1|6|Jan:1;SOV1|6|Jul:1;SOV1|6|Jun:1;SOV1|6|Mar:1;SOV1|6|May:1;SOV1|6|Nov:1;SOV1|6|Oct:1;SOV1|6|Sep:1;SOV2|6|Dec:1;SOV2|6|Feb:1;SOV2|6|Jan:1,48;84;101;112;182;210;266;334;426;431,c02a83510c2620bf,200,1-500,501-1500
14,1,32564854.75009858,11437325.0,21127529.750099022,1552500.0,9056250.0,828575.0,19807196.225624755,522670.74149037,797662.782983472,133.48308396339417,,,,,,,,,,,,,,,,,0.01778352205826609,True,2,OPTIMAL,solution_within_gap,False,,6:1,CTV|6:2;SOV|6:1,CTV|6|Dec:1;CTV|6|Jan:1;SOV|6|Feb:1;SOV|6|Jan:1,SOV1|6|Apr:1;SOV1|6|Aug:1;SOV1|6|Dec:1;SOV1|6|Feb:1;SOV1|6|Jan:1;SOV1|6|Jul:1;SOV1|6|Jun:1;SOV1|6|Mar:1;SOV1|6|May:1;SOV1|6|Nov:1;SOV1|6|Oct:1;SOV1|6|Sep:1;SOV2|6|Feb:1;SOV2|6|Jan:1,48,c02a83510c2620bf,200,1-500,501-1500
14,3,32316733.35899742,12569500.0,19747233.35899717,2760000.0,9056250.0,753250.0,18585470.391143903,464515.40035569214,697247.5674978431,253.96043992042542,,,,,,,,,,,,,,,,,0.014623029582400032,True,2,OPTIMAL,solution_within_gap,False,,6:1,CTV|6:2;SOV|6:1,SOV|6|Dec:1;SOV|6|Feb:1;SOV|6|Jan:1;SOV|6|Nov:1,SOV1|6|Apr:1;SOV1|6|Aug:1;SOV1|6|Dec:1;SOV1|6|Feb:1;SOV1|6|Jan:1;SOV1|6|Jul:1;SOV1|6|Jun:1;SOV1|6|Mar:1;SOV1|6|May:1;SOV1|6|Nov:1;SOV1|6|Oct:1;SOV1|6|Sep:1;SOV2|6|Dec:1;SOV2|6|Feb:1;SOV2|6|Jan:1;SOV2|6|Nov:1,252;384;422,c02a83510c2620bf,200,1-500,501-1500
14,5,36715350.86531757,13032375.0,23682975.865315422,2846250.0,9056250.0,1129875.0,22545140.489383165,489160.6833210699,648674.6926132834,2424.8441121578217,,,,,,,,,,,,,,,,,0.012160159213846609,True,2,OPTIMAL,solution_within_gap,False,,6:1,CTV|6:2;SOV|6:1,CTV|6|Oct:1;SOV|6|Dec:2;SOV|6|Jan:1;SOV|6|Nov:1,SOV1|6|Apr:1;SOV1|6|Aug:1;SOV1|6|Dec:1;SOV1|6|Feb:1;SOV1|6|Jan:1;SOV1|6|Jul:1;SOV1|6|Jun:1;SOV1|6|Mar:1;SOV1|6|May:1;SOV1|6|Nov:1;SOV1|6|Oct:1;SOV1|6|Sep:1;SOV2|6|Dec:1;SOV2|6|Jan:1;SOV2|6|Nov:1;SOV3|6|Dec:1,78;142;317;373;394,c02a83510c2620bf,200,1-500,501-1500
14,7,37431388.05516009,13259500.0,24171888.055162147,3450000.0,9056250.0,753250.0,23033107.95737297,435817.0896324875,702963.0081546496,3294.398036956787,,,,,,,,,,,,,,,,,0.009921795525971553,True,2,OPTIMAL,solution_within_gap,False,,6:1,CTV|6:2;SOV|6:1,SOV|6|Dec:1;SOV|6|Feb:1;SOV|6|Jan:1;SOV|6|Nov:1;SOV|6|Oct:1,SOV1|6|Apr:1;SOV1|6|Aug:1;SOV1|6|Dec:1;SOV1|6|Feb:1;SOV1|6|Jan:1;SOV1|6|Jul:1;SOV1|6|Jun:1;SOV1|6|Mar:1;SOV1|6|May:1;SOV1|6|Nov:1;SOV1|6|Oct:1;SOV1|6|Sep:1;SOV2|6|Dec:1;SOV2|6|Feb:1;SOV2|6|Jan:1;SOV2|6|Nov:1;SOV2|6|Oct:1,54;261;286;385;442;472;481,c02a83510c2620bf,200,1-500,501-1500
14,10,37343539.051981285,13550450.0,23793089.051986117,2760000.0,9961875.0,828575.0,22607243.315233033,494866.7567895472,690978.9799586406,14401.253919839859,,,,,,,,,,,,,,,,,0.04019570184793757,True,9,TIME_LIMIT,solution_within_gap,False,,6:1,CTV|6:3;SOV|6:1,SOV|6|Dec:1;SOV|6|Jan:1;SOV|6|Nov:1;SOV|6|Oct:1,SOV1|6|Apr:1;SOV1|6|Aug:1;SOV1|6|Dec:1;SOV1|6|Feb:1;SOV1|6|Jan:1;SOV1|6|Jul:1;SOV1|6|Jun:1;SOV1|6|Mar:1;SOV1|6|May:1;SOV1|6|Nov:1;SOV1|6|Oct:1;SOV1|6|Sep:1;SOV2|6|Dec:1;SOV2|6|Jan:1;SOV2|6|Nov:1;SOV2|6|Oct:1,6;115;180;187;322;366;380;428;446;450,c02a83510c2620bf,200,1-500,501-1500
15,1,33702737.03382993,13302050.0,20400687.033830367,3191250.0,9056250.0,1054550.0,19227794.652892277,481741.4031652905,691150.9777723677,135.13029098510742,,,,,,,,,,,,,,,,,0.017003262062881195,True,2,OPTIMAL,solution_within_gap,False,,6:1,CTV|6:2;SOV|6:1,CTV|6|Dec:3;CTV|6|Jan:1;CTV|6|May:1;SOV|6|Dec:1;SOV|6|Jan:1;SOV|6|Nov:1;SOV|6|Oct:1,SOV1|6|Apr:1;SOV1|6|Aug:1;SOV1|6|Dec:1;SOV1|6|Feb:1;SOV1|6|Jan:1;SOV1|6|Jul:1;SOV1|6|Jun:1;SOV1|6|Mar:1;SOV1|6|May:1;SOV1|6|Nov:1;SOV1|6|Oct:1;SOV1|6|Sep:1;SOV2|6|Dec:1;SOV2|6|Jan:1;SOV2|6|Nov:1;SOV2|6|Oct:1,196,c02a83510c2620bf,200,1-500,501-1500
15,3,35668498.33251127,14003550.0,21664948.332511034,5175000.0,8150625.0,677925.0,20530151.32994304,417059.91032054444,717737.0922476738,862.2072241306305,,,,,,,,,,,,,,,,,0.01174935418349535,True,2,OPTIMAL,solution_within_gap,False,,6:1,CTV|6:1;SOV|6:1,CTV|6|Apr:1;CTV|6|Aug:1;CTV|6|Dec:1;CTV|6|Feb:1;CTV|6|Jan:1;CTV|6|Jul:1;CTV|6|Jun:1;CTV|6|Mar:1;CTV|6|May:1;CTV|6|Nov:1;CTV|6|Oct:1;CTV|6|Sep:1;SOV|6|Dec:1;SOV|6|Feb:1;SOV|6|Jan:1;SOV|6|Nov:1;SOV|6|Oct:1;SOV|6|Sep:1,SOV1|6|Apr:1;SOV1|6|Aug:1;SOV1|6|Dec:1;SOV1|6|Feb:1;SOV1|6|Jan:1;SOV1|6|Jul:1;SOV1|6|Jun:1;SOV1|6|Mar:1;SOV1|6|May:1;SOV1|6|Nov:1;SOV1|6|Oct:1;SOV1|6|Sep:1;SOV2|6|Dec:1;SOV2|6|Feb:1;SOV2|6|Jan:1;SOV2|6|Nov:1;SOV2|6|Oct:1;SOV2|6|Sep:1,129;165;169,c02a83510c2620bf,200,1-500,501-1500
15,5,34410699.45814009,12461400.0,21949299.45813789,2501250.0,9056250.0,903900.0,20745943.188328527,504377.0795784387,698979.1902330256,3763.230458021164,,,,,,,,,,,,,,,,,0.01627702529480731,True,2,OPTIMAL,solution_within_gap,False,,6:1,CTV|6:2;SOV|6:1,CTV|6|Aug:1;CTV|6|Feb:1;CTV|6|Jan:1;CTV|6|Oct:1;CTV|6|Sep:1;SOV|6|Dec:1;SOV|6|Jan:1;SOV|6|Nov:1,SOV1|6|Apr:1;SOV1|6|Aug:1;SOV1|6|Dec:1;SOV1|6|Feb:1;SOV1|6|Jan:1;SOV1|6|Jul:1;SOV1|6|Jun:1;SOV1|6|Mar:1;SOV1|6|May:1;SOV1|6|Nov:1;SOV1|6|Oct:1;SOV1|6|Sep:1;SOV2|6|Dec:1;SOV2|6|Jan:1;SOV2|6|Nov:1,10;151;317;413;494,c02a83510c2620bf,200,1-500,501-1500
15,7,37490320.83697601,13421075.0,24069245.836978015,3536250.0,9056250.0,828575.0,22899824.718317166,426566.0599888478,742855.058670008,4889.850919008255,,,,,,,,,,,,,,,,,0.019549475735927316,True,2,OPTIMAL,solution_within_gap,False,,6:1,CTV|6:2;SOV|6:1,CTV|6|Mar:1;SOV|6|Dec:1;SOV|6|Feb:1;SOV|6|Jan:1;SOV|6|Nov:1;SOV|6|Oct:1,SOV1|6|Apr:1;SOV1|6|Aug:1;SOV1|6|Dec:1;SOV1|6|Feb:1;SOV1|6|Jan:1;SOV1|6|Jul:1;SOV1|6|Jun:1;SOV1|6|Mar:1;SOV1|6|May:1;SOV1|6|Nov:1;SOV1|6|Oct:1;SOV1|6|Sep:1;SOV2|6|Dec:1;SOV2|6|Feb:1;SOV2|6|Jan:1;SOV2|6|Nov:1;SOV2|6|Oct:1,89;154;202;224;256;374;498,c02a83510c2620bf,200,1-500,501-1500
15,10,35624632.44223985,13421075.0,22203557.442244623,3536250.0,9056250.0,828575.0,21055779.877618548,437334.4509309731,710443.1136902812,12014.779630184174,,,,,,,,,,,,,,,,,0.019702865492754226,True,2,OPTIMAL,solution_within_gap,False,,6:1,CTV|6:2;SOV|6:1,CTV|6|Jul:1;SOV|6|Dec:1;SOV|6|Feb:1;SOV|6|Jan:1;SOV|6|Nov:1;SOV|6|Oct:1,SOV1|6|Apr:1;SOV1|6|Aug:1;SOV1|6|Dec:1;SOV1|6|Feb:1;SOV1|6|Jan:1;SOV1|6|Jul:1;SOV1|6|Jun:1;SOV1|6|Mar:1;SOV1|6|May:1;SOV1|6|Nov:1;SOV1|6|Oct:1;SOV1|6|Sep:1;SOV2|6|Dec:1;SOV2|6|Feb:1;SOV2|6|Jan:1;SOV2|6|Nov:1;SOV2|6|Oct:1,37;47;189;211;257;350;426;447;454;460,c02a83510c2620bf,200,1-500,501-1500
16,1,42741119.48307566,14046100.0,28695019.483076084,4916250.0,8150625.0,979225.0,27551558.63365966,381673.6672335973,761787.1821824403,44.14099192619324,,,,,,,,,,,,,,,,,0.00261616929842674,True,2,OPTIMAL,solution_within_gap,False,,6:1,CTV|6:1;SOV|6:1,CTV|6|Apr:1;CTV|6|Aug:1;CTV|6|Dec:3;CTV|6|Jul:1;CTV|6|Jun:1;CTV|6|Mar:1;CTV|6|May:1;SOV|6|Dec:1;SOV|6|Feb:1;SOV|6|Jan:1;SOV|6|Nov:1;SOV|6|Oct:1;SOV|6|Sep:1,SOV1|6|Apr:1;SOV1|6|Aug:1;SOV1|6|Dec:1;SOV1|6|Feb:1;SOV1|6|Jan:1;SOV1|6|Jul:1;SOV1|6|Jun:1;SOV1|6|Mar:1;SOV1|6|May:1;SOV1|6|Nov:1;SOV1|6|Oct:1;SOV1|6|Sep:1;SOV2|6|Dec:1;SOV2|6|Feb:1;SOV2|6|Jan:1;SOV2|6|Nov:1;SOV2|6|Oct:1;SOV2|6|Sep:1,249,c02a83510c2620bf,200,1-500,501-1500
16,3,38305957.279134646,14801075.0,23504882.27913446,4916250.0,9056250.0,828575.0,22441030.837611485,396733.82475314714,667117.6167699976,943.2832479476929,,,,,,,,,,,,,,,,,0.017779619912316826,True,2,OPTIMAL,solution_within_gap,False,,6:1,CTV|6:2;SOV|6:1,CTV|6|Jun:1;SOV|6|Dec:1;SOV|6|Feb:1;SOV|6|Jan:1;SOV|6|Mar:1;SOV|6|Nov:1;SOV|6|Oct:1;SOV|6|Sep:1,SOV1|6|Apr:1;SOV1|6|Aug:1;SOV1|6|Dec:1;SOV1|6|Feb:1;SOV1|6|Jan:1;SOV1|6|Jul:1;SOV1|6|Jun:1;SOV1|6|Mar:1;SOV1|6|May:1;SOV1|6|Nov:1;SOV1|6|Oct:1;SOV1|6|Sep:1;SOV2|6|Dec:1;SOV2|6|Feb:1;SOV2|6|Jan:1;SOV2|6|Mar:1;SOV2|6|Nov:1;SOV2|6|Oct:1;SOV2|6|Sep:1,200;255;256,c02a83510c2620bf,200,1-500,501-1500
16,5,35775766.826449364,14197325.0,21578441.826447397,4312500.0,9056250.0,828575.0,20471043.622435857,410319.7240749634,697078.479938464,1738.4158267974854,,,,,,,,,,,,,,,,,0.010192408809403093,True,2,OPTIMAL,solution_within_gap,False,,6:1,CTV|6:2;SOV|6:1,CTV|6|Apr:1;CTV|6|Mar:1;SOV|6|Dec:1;SOV|6|Feb:1;SOV|6|Jan:1;SOV|6|Nov:1;SOV|6|Oct:1;SOV|6|Sep:1,SOV1|6|Apr:1;SOV1|6|Aug:1;SOV1|6|Dec:1;SOV1|6|Feb:1;SOV1|6|Jan:1;SOV1|6|Jul:1;SOV1|6|Jun:1;SOV1|6|Mar:1;SOV1|6|May:1;SOV1|6|Nov:1;SOV1|6|Oct:1;SOV1|6|Sep:1;SOV2|6|Dec:1;SOV2|6|Feb:1;SOV2|6|Jan:1;SOV2|6|Nov:1;SOV2|6|Oct:1;SOV2|6|Sep:1,80;160;327;334;402,c02a83510c2620bf,200,1-500,501-1500
16,7,37807913.712792754,14930450.0,22877463.71279457,4140000.0,9961875.0,828575.0,21764480.56862775,444706.4373297872,668276.7068352791,3490.206104040146,,,,,,,,,,,,,,,,,0.015041319671747932,True,2,OPTIMAL,solution_within_gap,False,,6:1,CTV|6:3;SOV|6:1,SOV|6|Dec:1;SOV|6|Feb:1;SOV|6|Jan:1;SOV|6|Nov:1;SOV|6|Oct:1;SOV|6|Sep:1,SOV1|6|Apr:1;SOV1|6|Aug:1;SOV1|6|Dec:1;SOV1|6|Feb:1;SOV1|6|Jan:1;SOV1|6|Jul:1;SOV1|6|Jun:1;SOV1|6|Mar:1;SOV1|6|May:1;SOV1|6|Nov:1;SOV1|6|Oct:1;SOV1|6|Sep:1;SOV2|6|Dec:1;SOV2|6|Feb:1;SOV2|6|Jan:1;SOV2|6|Nov:1;SOV2|6|Oct:1;SOV2|6|Sep:1,140;303;335;343;389;408;417,c02a83510c2620bf,200,1-500,501-1500
16,10,39916775.95249585,13755150.0,26161625.95250053,3795000.0,9056250.0,903900.0,25027259.182656214,449902.08908015926,684464.6807593415,14401.006189107895,,,,,,,,,,,,,,,,,0.02347140830079286,True,9,TIME_LIMIT,solution_within_gap,False,,6:1,CTV|6:2;SOV|6:1,CTV|6|Dec:1;CTV|6|Feb:1;CTV|6|Jan:1;CTV|6|Sep:1;SOV|6|Dec:1;SOV|6|Feb:1;SOV|6|Jan:1;SOV|6|Nov:1;SOV|6|Oct:1,SOV1|6|Apr:1;SOV1|6|Aug:1;SOV1|6|Dec:1;SOV1|6|Feb:1;SOV1|6|Jan:1;SOV1|6|Jul:1;SOV1|6|Jun:1;SOV1|6|Mar:1;SOV1|6|May:1;SOV1|6|Nov:1;SOV1|6|Oct:1;SOV1|6|Sep:1;SOV2|6|Dec:1;SOV2|6|Feb:1;SOV2|6|Jan:1;SOV2|6|Nov:1;SOV2|6|Oct:1,72;125;188;199;212;240;268;284;449;474,c02a83510c2620bf,200,1-500,501-1500
17,1,30804491.75897493,12569500.0,18234991.758975394,2760000.0,9056250.0,753250.0,17092073.37068752,485106.18899354065,657812.1992938749,39.0505747795105,,,,,,,,,,,,,,,,,0.01680912950107602,True,2,OPTIMAL,solution_within_gap,False,,6:1,CTV|6:2;SOV|6:1,SOV|6|Dec:1;SOV|6|Nov:1;SOV|6|Oct:1;SOV|6|Sep:1,SOV1|6|Apr:1;SOV1|6|Aug:1;SOV1|6|Dec:1;SOV1|6|Feb:1;SOV1|6|Jan:1;SOV1|6|Jul:1;SOV1|6|Jun:1;SOV1|6|Mar:1;SOV1|6|May:1;SOV1|6|Nov:1;SOV1|6|Oct:1;SOV1|6|Sep:1;SOV2|6|Dec:1;SOV2|6|Nov:1;SOV2|6|Oct:1;SOV2|6|Sep:1,312,c02a83510c2620bf,200,1-500,501-1500
17,3,36916615.366105035,12386075.0,24530540.366104767,2501250.0,9056250.0,828575.0,23361916.516551178,487202.18969329045,681421.6598605515,858.3962199687958,,,,,,,,,,,,,,,,,0.01989733497370524,True,2,OPTIMAL,solution_within_gap,False,,6:1,CTV|6:2;SOV|6:1,CTV|6|Dec:1;CTV|6|Feb:1;CTV|6|Jan:1;CTV|6|Nov:1;CTV|6|Oct:1;SOV|6|Dec:1;SOV|6|Jan:1;SOV|6|Nov:1,SOV1|6|Apr:1;SOV1|6|Aug:1;SOV1|6|Dec:1;SOV1|6|Feb:1;SOV1|6|Jan:1;SOV1|6|Jul:1;SOV1|6|Jun:1;SOV1|6|Mar:1;SOV1|6|May:1;SOV1|6|Nov:1;SOV1|6|Oct:1;SOV1|6|Sep:1;SOV2|6|Dec:1;SOV2|6|Jan:1;SOV2|6|Nov:1,19;321;464,c02a83510c2620bf,200,1-500,501-1500
17,5,32791521.903255478,12569500.0,20222021.90325334,2760000.0,9056250.0,753250.0,19060045.154300682,464019.92395368335,697956.8250009767,3201.7624411582947,,,,,,,,,,,,,,,,,0.019182019855237663,True,2,OPTIMAL,solution_within_gap,False,,6:1,CTV|6:2;SOV|6:1,SOV|6|Dec:1;SOV|6|Jan:1;SOV|6|Nov:1;SOV|6|Oct:1,SOV1|6|Apr:1;SOV1|6|Aug:1;SOV1|6|Dec:1;SOV1|6|Feb:1;SOV1|6|Jan:1;SOV1|6|Jul:1;SOV1|6|Jun:1;SOV1|6|Mar:1;SOV1|6|May:1;SOV1|6|Nov:1;SOV1|6|Oct:1;SOV1|6|Sep:1;SOV2|6|Dec:1;SOV2|6|Jan:1;SOV2|6|Nov:1;SOV2|6|Oct:1,14;118;122;209;246,c02a83510c2620bf,200,1-500,501-1500
17,7,36791299.51310302,13259500.0,23531799.51310502,3450000.0,9056250.0,753250.0,22399246.689607177,428918.9958347251,703633.8276611932,7003.85334610939,,,,,,,,,,,,,,,,,0.014932390805431881,True,2,OPTIMAL,solution_within_gap,False,,6:1,CTV|6:2;SOV|6:1,SOV|6|Dec:1;SOV|6|Feb:1;SOV|6|Jan:1;SOV|6|Nov:1;SOV|6|Oct:1,SOV1|6|Apr:1;SOV1|6|Aug:1;SOV1|6|Dec:1;SOV1|6|Feb:1;SOV1|6|Jan:1;SOV1|6|Jul:1;SOV1|6|Jun:1;SOV1|6|Mar:1;SOV1|6|May:1;SOV1|6|Nov:1;SOV1|6|Oct:1;SOV1|6|Sep:1;SOV2|6|Dec:1;SOV2|6|Feb:1;SOV2|6|Jan:1;SOV2|6|Nov:1;SOV2|6|Oct:1,56;57;125;370;393;432;466,c02a83510c2620bf,200,1-500,501-1500
17,10,41296170.02879329,13852325.0,27443845.02879782,3967500.0,9056250.0,828575.0,26305508.14082545,450271.82407295465,688065.0638948249,11230.252072811127,,,,,,,,,,,,,,,,,0.014128301305661348,True,2,OPTIMAL,solution_within_gap,False,,6:1,CTV|6:2;SOV|6:1,CTV|6|Apr:1;CTV|6|Dec:1;CTV|6|Feb:1;CTV|6|Jan:1;CTV|6|Mar:1;CTV|6|May:1;SOV|6|Dec:1;SOV|6|Jan:1;SOV|6|Nov:1;SOV|6|Oct:1;SOV|6|Sep:1,SOV1|6|Apr:1;SOV1|6|Aug:1;SOV1|6|Dec:1;SOV1|6|Feb:1;SOV1|6|Jan:1;SOV1|6|Jul:1;SOV1|6|Jun:1;SOV1|6|Mar:1;SOV1|6|May:1;SOV1|6|Nov:1;SOV1|6|Oct:1;SOV1|6|Sep:1;SOV2|6|Dec:1;SOV2|6|Jan:1;SOV2|6|Nov:1;SOV2|6|Oct:1;SOV2|6|Sep:1,2;90;150;183;196;220;275;330;407;473,c02a83510c2620bf,200,1-500,501-1500
18,1,43291252.0186917,14498625.0,28792627.018692095,4312500.0,9056250.0,1129875.0,27612134.261250116,454875.57112335326,725617.1863182153,34.686172008514404,,,,,,,,,,,,,,,,,0.019328406489516038,True,2,OPTIMAL,solution_within_gap,False,,6:1,CTV|6:2;SOV|6:1,CTV|6|Feb:1;CTV|6|Mar:1;SOV|6|Dec:1;SOV|6|Jan:1;SOV|6|Nov:2;SOV|6|Oct:2,SOV1|6|Apr:1;SOV1|6|Aug:1;SOV1|6|Dec:1;SOV1|6|Feb:1;SOV1|6|Jan:1;SOV1|6|Jul:1;SOV1|6|Jun:1;SOV1|6|Mar:1;SOV1|6|May:1;SOV1|6|Nov:1;SOV1|6|Oct:1;SOV1|6|Sep:1;SOV2|6|Dec:1;SOV2|6|Jan:1;SOV2|6|Nov:1;SOV2|6|Oct:1;SOV3|6|Nov:1;SOV3|6|Oct:1,208,c02a83510c2620bf,200,1-500,501-1500
18,3,39284862.066497415,13550450.0,25734412.066497087,2760000.0,9961875.0,828575.0,24529684.429166824,508567.5582390014,696160.0790915724,757.5158879756927,,,,,,,,,,,,,,,,,0.017910324783636838,True,2,OPTIMAL,solution_within_gap,False,,6:1,CTV|6:3;SOV|6:1,SOV|6|Dec:1;SOV|6|Feb:1;SOV|6|Jan:1;SOV|6|Nov:1,SOV1|6|Apr:1;SOV1|6|Aug:1;SOV1|6|Dec:1;SOV1|6|Feb:1;SOV1|6|Jan:1;SOV1|6|Jul:1;SOV1|6|Jun:1;SOV1|6|Mar:1;SOV1|6|May:1;SOV1|6|Nov:1;SOV1|6|Oct:1;SOV1|6|Sep:1;SOV2|6|Dec:1;SOV2|6|Feb:1;SOV2|6|Jan:1;SOV2|6|Nov:1,31;441;484,c02a83510c2620bf,200,1-500,501-1500
18,5,38255009.08548492,13259500.0,24995509.085483003,3450000.0,9056250.0,753250.0,23847914.99447947,444403.2905709031,703190.8004345245,2463.907649040222,,,,,,,,,,,,,,,,,0.018167062423320668,True,2,OPTIMAL,solution_within_gap,False,,6:1,CTV|6:2;SOV|6:1,SOV|6|Dec:1;SOV|6|Feb:1;SOV|6|Jan:1;SOV|6|Nov:1;SOV|6|Oct:1,SOV1|6|Apr:1;SOV1|6|Aug:1;SOV1|6|Dec:1;SOV1|6|Feb:1;SOV1|6|Jan:1;SOV1|6|Jul:1;SOV1|6|Jun:1;SOV1|6|Mar:1;SOV1|6|May:1;SOV1|6|Nov:1;SOV1|6|Oct:1;SOV1|6|Sep:1;SOV2|6|Dec:1;SOV2|6|Feb:1;SOV2|6|Jan:1;SOV2|6|Nov:1;SOV2|6|Oct:1,34;179;187;216;442,c02a83510c2620bf,200,1-500,501-1500
18,7,41000549.98315178,13259500.0,27741049.98315372,3450000.0,9056250.0,753250.0,26559726.039664697,433075.6339916541,748248.3094953612,4789.764541864395,,,,,,,,,,,,,,,,,0.01680209243146668,True,2,OPTIMAL,solution_within_gap,False,,6:1,CTV|6:2;SOV|6:1,SOV|6|Dec:1;SOV|6|Feb:1;SOV|6|Jan:1;SOV|6|Nov:1;SOV|6|Oct:1,SOV1|6|Apr:1;SOV1|6|Aug:1;SOV1|6|Dec:1;SOV1|6|Feb:1;SOV1|6|Jan:1;SOV1|6|Jul:1;SOV1|6|Jun:1;SOV1|6|Mar:1;SOV1|6|May:1;SOV1|6|Nov:1;SOV1|6|Oct:1;SOV1|6|Sep:1;SOV2|6|Dec:1;SOV2|6|Feb:1;SOV2|6|Jan:1;SOV2|6|Nov:1;SOV2|6|Oct:1,108;161;183;215;313;433;497,c02a83510c2620bf,200,1-500,501-1500
18,10,36349162.99249688,12817325.0,23531837.992501993,2932500.0,9056250.0,828575.0,22364140.160999194,459710.89387568453,707986.9376220449,14401.087665081024,,,,,,,,,,,,,,,,,0.026113752449128596,True,9,TIME_LIMIT,solution_within_gap,False,,6:1,CTV|6:2;SOV|6:1,CTV|6|Oct:1;CTV|6|Sep:1;SOV|6|Dec:1;SOV|6|Feb:1;SOV|6|Jan:1;SOV|6|Nov:1,SOV1|6|Apr:1;SOV1|6|Aug:1;SOV1|6|Dec:1;SOV1|6|Feb:1;SOV1|6|Jan:1;SOV1|6|Jul:1;SOV1|6|Jun:1;SOV1|6|Mar:1;SOV1|6|May:1;SOV1|6|Nov:1;SOV1|6|Oct:1;SOV1|6|Sep:1;SOV2|6|Dec:1;SOV2|6|Feb:1;SOV2|6|Jan:1;SOV2|6|Nov:1,21;79;91;209;261;263;343;360;437;460,c02a83510c2620bf,200,1-500,501-1500
19,1,41461377.15590245,13755150.0,27706227.15590284,3795000.0,9056250.0,903900.0,26555584.41269755,426861.5903457211,723781.1528591851,72.46523714065552,,,,,,,,,,,,,,,,,0.019752466812419486,True,2,OPTIMAL,solution_within_gap,False,,6:1,CTV|6:2;SOV|6:1,CTV|6|Aug:1;CTV|6|Dec:1;CTV|6|Jan:1;CTV|6|Nov:1;SOV|6|Dec:1;SOV|6|Jan:1;SOV|6|Nov:1;SOV|6|Oct:1;SOV|6|Sep:1,SOV1|6|Apr:1;SOV1|6|Aug:1;SOV1|6|Dec:1;SOV1|6|Feb:1;SOV1|6|Jan:1;SOV1|6|Jul:1;SOV1|6|Jun:1;SOV1|6|Mar:1;SOV1|6|May:1;SOV1|6|Nov:1;SOV1|6|Oct:1;SOV1|6|Sep:1;SOV2|6|Dec:1;SOV2|6|Jan:1;SOV2|6|Nov:1;SOV2|6|Oct:1;SOV2|6|Sep:1,339,c02a83510c2620bf,200,1-500,501-1500
19,3,37111488.75208497,15792375.0,21319113.752084617,5606250.0,9056250.0,1129875.0,19941812.612693533,397232.4807185485,980068.6586729415,774.2766392230988,,,,,,,,,,,,,,,,,0.018108396350090195,True,2,OPTIMAL,solution_within_gap,False,,5:1,CTV|5:2;SOV|5:1,CTV|5|Jun:1;SOV|5|Dec:2;SOV|5|Feb:1;SOV|5|Jan:1;SOV|5|Mar:1;SOV|5|Nov:1;SOV|5|Oct:1;SOV|5|Sep:1,SOV1|5|Apr:1;SOV1|5|Aug:1;SOV1|5|Dec:1;SOV1|5|Feb:1;SOV1|5|Jan:1;SOV1|5|Jul:1;SOV1|5|Jun:1;SOV1|5|Mar:1;SOV1|5|May:1;SOV1|5|Nov:1;SOV1|5|Oct:1;SOV1|5|Sep:1;SOV2|5|Dec:1;SOV2|5|Feb:1;SOV2|5|Jan:1;SOV2|5|Mar:1;SOV2|5|Nov:1;SOV2|5|Oct:1;SOV2|5|Sep:1;SOV3|5|Dec:1,162;219;384,c02a83510c2620bf,200,1-500,501-1500
19,5,35381227.82443719,12731075.0,22650152.824435033,2846250.0,9056250.0,828575.0,21489751.682104476,460225.9634607791,700175.1788718087,2352.814292907715,,,,,,,,,,,,,,,,,0.018240894378023946,True,2,OPTIMAL,solution_within_gap,False,,6:1,CTV|6:2;SOV|6:1,CTV|6|Feb:1;SOV|6|Dec:1;SOV|6|Jan:1;SOV|6|Nov:1;SOV|6|Oct:1,SOV1|6|Apr:1;SOV1|6|Aug:1;SOV1|6|Dec:1;SOV1|6|Feb:1;SOV1|6|Jan:1;SOV1|6|Jul:1;SOV1|6|Jun:1;SOV1|6|Mar:1;SOV1|6|May:1;SOV1|6|Nov:1;SOV1|6|Oct:1;SOV1|6|Sep:1;SOV2|6|Dec:1;SOV2|6|Jan:1;SOV2|6|Nov:1;SOV2|6|Oct:1,30;108;118;161;318,c02a83510c2620bf,200,1-500,501-1500
19,7,34563447.229718566,12731075.0,21832372.22972055,2846250.0,9056250.0,828575.0,20674053.115276895,461242.9885719166,697076.1258697027,5853.801660060883,,,,,,,,,,,,,,,,,0.016926589799259747,True,2,OPTIMAL,solution_within_gap,False,,6:1,CTV|6:2;SOV|6:1,CTV|6|Sep:1;SOV|6|Dec:1;SOV|6|Jan:1;SOV|6|Nov:1;SOV|6|Oct:1,SOV1|6|Apr:1;SOV1|6|Aug:1;SOV1|6|Dec:1;SOV1|6|Feb:1;SOV1|6|Jan:1;SOV1|6|Jul:1;SOV1|6|Jun:1;SOV1|6|Mar:1;SOV1|6|May:1;SOV1|6|Nov:1;SOV1|6|Oct:1;SOV1|6|Sep:1;SOV2|6|Dec:1;SOV2|6|Jan:1;SOV2|6|Nov:1;SOV2|6|Oct:1,144;241;244;373;398;425;462,c02a83510c2620bf,200,1-500,501-1500
19,10,37989431.28219448,13593575.0,24395856.282199286,3708750.0,9056250.0,828575.0,23263175.382040072,437741.84223029244,694939.057924116,10792.730045080185,,,,,,,,,,,,,,,,,0.018033824022555118,True,2,OPTIMAL,solution_within_gap,False,,6:1,CTV|6:2;SOV|6:1,CTV|6|Dec:1;CTV|6|Jan:1;CTV|6|Nov:1;SOV|6|Dec:1;SOV|6|Feb:1;SOV|6|Jan:1;SOV|6|Nov:1;SOV|6|Oct:1,SOV1|6|Apr:1;SOV1|6|Aug:1;SOV1|6|Dec:1;SOV1|6|Feb:1;SOV1|6|Jan:1;SOV1|6|Jul:1;SOV1|6|Jun:1;SOV1|6|Mar:1;SOV1|6|May:1;SOV1|6|Nov:1;SOV1|6|Oct:1;SOV1|6|Sep:1;SOV2|6|Dec:1;SOV2|6|Feb:1;SOV2|6|Jan:1;SOV2|6|Nov:1;SOV2|6|Oct:1,28;54;58;118;144;329;358;361;444;451,c02a83510c2620bf,200,1-500,501-1500
20,1,42575323.00576334,13981125.0,28594198.005763676,3795000.0,9056250.0,1129875.0,27329529.302701794,436287.41693429725,828381.286127221,115.5100429058075,,,,,,,,,,,,,,,,,0.012275502007340759,True,2,OPTIMAL,solution_within_gap,False,,6:1,CTV|6:2;SOV|6:1,CTV|6|Dec:1;CTV|6|Nov:1;CTV|6|Oct:1;CTV|6|Sep:1;SOV|6|Dec:1;SOV|6|Feb:1;SOV|6|Jan:1;SOV|6|Mar:1;SOV|6|Oct:1,SOV1|6|Apr:1;SOV1|6|Aug:1;SOV1|6|Dec:1;SOV1|6|Feb:1;SOV1|6|Jan:1;SOV1|6|Jul:1;SOV1|6|Jun:1;SOV1|6|Mar:1;SOV1|6|May:1;SOV1|6|Nov:1;SOV1|6|Oct:1;SOV1|6|Sep:1;SOV2|6|Dec:1;SOV2|6|Feb:1;SOV2|6|Jan:1;SOV2|6|Mar:1;SOV2|6|Oct:1,393,c02a83510c2620bf,200,1-500,501-1500
20,3,38973831.48878588,13712025.0,25261806.488785565,2846250.0,9961875.0,903900.0,24141720.118744154,493122.4822722054,626963.8877695259,233.61575388908386,,,,,,,,,,,,,,,,,0.01971265511022445,True,2,OPTIMAL,solution_within_gap,False,,6:1,CTV|6:3;SOV|6:1,CTV|6|Jan:1;SOV|6|Dec:1;SOV|6|Feb:1;SOV|6|Jan:1;SOV|6|Nov:1,SOV1|6|Apr:1;SOV1|6|Aug:1;SOV1|6|Dec:1;SOV1|6|Feb:1;SOV1|6|Jan:1;SOV1|6|Jul:1;SOV1|6|Jun:1;SOV1|6|Mar:1;SOV1|6|May:1;SOV1|6|Nov:1;SOV1|6|Oct:1;SOV1|6|Sep:1;SOV2|6|Dec:1;SOV2|6|Feb:1;SOV2|6|Jan:1;SOV2|6|Nov:1,92;228;307,c02a83510c2620bf,200,1-500,501-1500
20,5,36218832.380005546,14412375.0,21806457.380003616,4226250.0,9056250.0,1129875.0,20673162.17026777,429191.05929018505,704104.150447562,3205.6540060043335,,,,,,,,,,,,,,,,,0.01949182005623737,True,2,OPTIMAL,solution_within_gap,False,,6:1,CTV|6:2;SOV|6:1,CTV|6|Sep:1;SOV|6|Dec:2;SOV|6|Feb:1;SOV|6|Jan:1;SOV|6|Mar:1;SOV|6|Nov:1,SOV1|6|Apr:1;SOV1|6|Aug:1;SOV1|6|Dec:1;SOV1|6|Feb:1;SOV1|6|Jan:1;SOV1|6|Jul:1;SOV1|6|Jun:1;SOV1|6|Mar:1;SOV1|6|May:1;SOV1|6|Nov:1;SOV1|6|Oct:1;SOV1|6|Sep:1;SOV2|6|Dec:1;SOV2|6|Feb:1;SOV2|6|Jan:1;SOV2|6|Mar:1;SOV2|6|Nov:1;SOV3|6|Dec:1,24;127;311;427;461,c02a83510c2620bf,200,1-500,501-1500
20,7,40135460.42988248,12213575.0,27921885.429884583,2328750.0,9056250.0,828575.0,26713352.386170745,484310.8494901217,724222.1942216244,4062.8205449581146,,,,,,,,,,,,,,,,,0.009187433937230127,True,2,OPTIMAL,solution_within_gap,False,,6:1,CTV|6:2;SOV|6:1,CTV|6|Dec:1;CTV|6|Nov:1;CTV|6|Oct:1;SOV|6|Dec:1;SOV|6|Feb:1;SOV|6|Jan:1,SOV1|6|Apr:1;SOV1|6|Aug:1;SOV1|6|Dec:1;SOV1|6|Feb:1;SOV1|6|Jan:1;SOV1|6|Jul:1;SOV1|6|Jun:1;SOV1|6|Mar:1;SOV1|6|May:1;SOV1|6|Nov:1;SOV1|6|Oct:1;SOV1|6|Sep:1;SOV2|6|Dec:1;SOV2|6|Feb:1;SOV2|6|Jan:1,17;51;167;310;381;400;493,c02a83510c2620bf,200,1-500,501-1500
20,10,39478957.76923568,17054500.0,22424457.76923845,0.0,16301250.0,753250.0,21434109.687093604,249903.52989058697,740444.5522515723,14400.298451900482,,,,,,,,,,,,,,,,,0.0536690280087234,True,9,TIME_LIMIT,solution_within_gap,False,,6:1,CTV|6:2;SOV|6:2,,SOV1|6|Apr:1;SOV1|6|Aug:1;SOV1|6|Dec:1;SOV1|6|Feb:1;SOV1|6|Jan:1;SOV1|6|Jul:1;SOV1|6|Jun:1;SOV1|6|Mar:1;SOV1|6|May:1;SOV1|6|Nov:1;SOV1|6|Oct:1;SOV1|6|Sep:1;SOV2|6|Apr:1;SOV2|6|Aug:1;SOV2|6|Dec:1;SOV2|6|Feb:1;SOV2|6|Jan:1;SOV2|6|Jul:1;SOV2|6|Jun:1;SOV2|6|Mar:1;SOV2|6|May:1;SOV2|6|Nov:1;SOV2|6|Oct:1;SOV2|6|Sep:1,3;173;205;227;328;362;375;470;479;494,c02a83510c2620bf,200,1-500,501-1500
