tree_size,count,instances,objective,first_stage_cost,second_stage_cost,charter_cost_ST,charter_cost_LT,charter_cost_mob,downtime_cost,travel_cost_S,travel_cost_M,runtime,MIPGap,eta,gamma_LT,gamma_ST,alpha,param_signature,seed,iss_pool,oos_pool,iss_file
1,1,1,17973071.36430903,8527250.0,9445821.364309024,0.0,8150625.0,376625.0,9365698.933449447,12463.448420525967,67658.98243903408,0.2684970076084137,0.0022058731413877163,5:1,CTV|5:1;SOV|5:1,nan,SOV1|5|Apr:1;SOV1|5|Aug:1;SOV1|5|Dec:1;SOV1|5|Feb:1;SOV1|5|Jan:1;SOV1|5|Jul:1;SOV1|5|Jun:1;SOV1|5|Mar:1;SOV1|5|May:1;SOV1|5|Nov:1;SOV1|5|Oct:1;SOV1|5|Sep:1,27aa1acfa7197c4d,200,1-500,501-1500,results/stability/1W1B/con_mp/ISS.csv
1,1,2,17883975.399711173,6694150.0,11189825.39971123,5261250.0,905625.0,527275.0,11074360.901507473,73762.10336828446,41702.39483542164,0.23667090368270874,0.004116123468402299,5:1,CTV|5:1,CTV|5|Aug:1;CTV|5|Dec:1;CTV|5|Jan:1;CTV|5|Jul:1;CTV|5|Sep:1;SOV|5|Apr:1;SOV|5|Dec:1;SOV|5|Feb:1;SOV|5|Jan:1;SOV|5|Mar:1;SOV|5|Nov:1;SOV|5|Oct:1,SOV1|5|Apr:1;SOV1|5|Dec:1;SOV1|5|Feb:1;SOV1|5|Jan:1;SOV1|5|Mar:1;SOV1|5|Nov:1;SOV1|5|Oct:1,27aa1acfa7197c4d,200,1-500,501-1500,results/stability/1W1B/con_mp/ISS.csv
1,1,3,18220776.99233808,6112250.0,12108526.992338125,4830000.0,905625.0,376625.0,11998527.427782377,69161.46805886694,40838.09649686366,0.24687274527549743,0.0047840528092377545,5:1,CTV|5:1,SOV|5|Apr:1;SOV|5|Dec:1;SOV|5|Feb:1;SOV|5|Jan:1;SOV|5|Mar:1;SOV|5|Nov:1;SOV|5|Oct:1,SOV1|5|Apr:1;SOV1|5|Dec:1;SOV1|5|Feb:1;SOV1|5|Jan:1;SOV1|5|Mar:1;SOV1|5|Nov:1;SOV1|5|Oct:1,27aa1acfa7197c4d,200,1-500,501-1500,results/stability/1W1B/con_mp/ISS.csv
1,1,4,17889517.804142274,5712625.0,12176892.804142313,4053750.0,905625.0,753250.0,12048538.530313361,97435.50826408667,30918.76556480884,0.2179402599334717,0.004986173988404623,5:1,CTV|5:1,CTV|5|Apr:1;CTV|5|Aug:1;CTV|5|Jan:3;CTV|5|Mar:1;CTV|5|Sep:1;SOV|5|Dec:1;SOV|5|Feb:1;SOV|5|Jan:1;SOV|5|Nov:1;SOV|5|Oct:1,SOV1|5|Dec:1;SOV1|5|Feb:1;SOV1|5|Jan:1;SOV1|5|Nov:1;SOV1|5|Oct:1,27aa1acfa7197c4d,200,1-500,501-1500,results/stability/1W1B/con_mp/ISS.csv
1,1,5,20550244.430346053,5863275.0,14686969.430346105,4053750.0,905625.0,903900.0,14559356.882913921,96233.99525117641,31378.552180960338,0.21629443430900575,0.004649960083116536,5:1,CTV|5:1,CTV|5|Apr:1;CTV|5|Dec:1;CTV|5|Mar:1;CTV|5|Nov:1;CTV|5|Oct:2;CTV|5|Sep:1;SOV|5|Aug:1;SOV|5|Dec:1;SOV|5|Feb:1;SOV|5|Jan:1;SOV|5|Mar:1,SOV1|5|Aug:1;SOV1|5|Dec:1;SOV1|5|Feb:1;SOV1|5|Jan:1;SOV1|5|Mar:1,27aa1acfa7197c4d,200,1-500,501-1500,results/stability/1W1B/con_mp/ISS.csv
1,2,6;11,19650720.644446693,7157025.0,12493695.644446691,5347500.0,905625.0,903900.0,12375979.288676556,75034.08781830812,42682.26795181006,0.2255390627384186,0.0038580163494936555,5:1,CTV|5:1,CTV|5|Apr:1;CTV|5|Dec:2;CTV|5|Jul:1;CTV|5|Jun:1;CTV|5|May:1;SOV|5|Aug:1;SOV|5|Feb:1;SOV|5|Jan:1;SOV|5|Mar:1;SOV|5|Nov:1;SOV|5|Oct:1;SOV|5|Sep:1,SOV1|5|Aug:1;SOV1|5|Feb:1;SOV1|5|Jan:1;SOV1|5|Mar:1;SOV1|5|Nov:1;SOV1|5|Oct:1;SOV1|5|Sep:1,27aa1acfa7197c4d,200,1-500,501-1500,results/stability/1W1B/con_mp/ISS.csv
1,1,7,23674243.65577541,7167375.0,16506868.65577547,6037500.0,0.0,1129875.0,16390977.803350968,78738.58634230602,37152.26608214098,0.22026397347450255,0.004221945633563687,5:1,nan,CTV|5|Apr:1;CTV|5|Aug:1;CTV|5|Feb:2;CTV|5|Jan:2;CTV|5|Jul:1;CTV|5|Jun:1;CTV|5|Mar:3;CTV|5|May:1;CTV|5|Oct:1;CTV|5|Sep:1;SOV|5|Aug:1;SOV|5|Dec:2;SOV|5|Jul:1;SOV|5|Jun:1;SOV|5|Nov:1;SOV|5|Oct:1,SOV1|5|Aug:1;SOV1|5|Dec:1;SOV1|5|Jul:1;SOV1|5|Jun:1;SOV1|5|Nov:1;SOV1|5|Oct:1;SOV2|5|Dec:1,27aa1acfa7197c4d,200,1-500,501-1500,results/stability/1W1B/con_mp/ISS.csv
1,1,8,20846511.36380375,3934150.0,16912361.36380378,2501250.0,905625.0,527275.0,16775685.368270107,117824.74427143893,18851.251262210193,0.1965614206790924,0.005233116675792303,5:1,CTV|5:1,CTV|5|Apr:1;CTV|5|Aug:1;CTV|5|Mar:1;CTV|5|Oct:1;CTV|5|Sep:1;SOV|5|Dec:1;SOV|5|Jan:1;SOV|5|Nov:1,SOV1|5|Dec:1;SOV1|5|Jan:1;SOV1|5|Nov:1,27aa1acfa7197c4d,200,1-500,501-1500,results/stability/1W1B/con_mp/ISS.csv
1,1,9,19590368.507095166,5507350.0,14083018.507095227,3622500.0,905625.0,979225.0,13944730.381192809,111389.35260994436,26898.773292446513,0.19735001564025878,0.004709190355398279,5:1,CTV|5:1,CTV|5|Apr:1;CTV|5|Aug:1;CTV|5|Jan:1;CTV|5|Jul:1;CTV|5|Jun:1;CTV|5|Mar:2;CTV|5|May:1;CTV|5|Sep:2;SOV|5|Dec:1;SOV|5|Feb:1;SOV|5|Nov:1;SOV|5|Oct:1,SOV1|5|Dec:1;SOV1|5|Feb:1;SOV1|5|Nov:1;SOV1|5|Oct:1,27aa1acfa7197c4d,200,1-500,501-1500,results/stability/1W1B/con_mp/ISS.csv
1,1,10,25746924.47670815,5410175.0,20336749.476708166,3450000.0,905625.0,1054550.0,20205363.580279544,105049.92205430611,26335.974374315767,0.21046265316009521,0.0043906566737459745,5:1,CTV|5:1,CTV|5|Apr:1;CTV|5|Jul:1;CTV|5|May:1;CTV|5|Nov:3;CTV|5|Oct:2;SOV|5|Feb:1;SOV|5|Jan:1;SOV|5|Mar:1;SOV|5|Sep:1,SOV1|5|Feb:1;SOV1|5|Jan:1;SOV1|5|Mar:1;SOV1|5|Sep:1,27aa1acfa7197c4d,200,1-500,501-1500,results/stability/1W1B/con_mp/ISS.csv
1,1,12,17702149.171158668,6510725.0,11191424.171158709,5002500.0,905625.0,602600.0,11064672.734168017,89601.68340370491,37149.75358697047,0.2100410351753235,0.004506053428223068,5:1,CTV|5:1,CTV|5|Apr:1;CTV|5|Aug:1;CTV|5|Jul:3;CTV|5|Jun:3;CTV|5|Mar:1;CTV|5|May:1;SOV|5|Dec:1;SOV|5|Feb:1;SOV|5|Jan:1;SOV|5|Nov:1;SOV|5|Oct:1;SOV|5|Sep:1,SOV1|5|Dec:1;SOV1|5|Feb:1;SOV1|5|Jan:1;SOV1|5|Nov:1;SOV1|5|Oct:1;SOV1|5|Sep:1,27aa1acfa7197c4d,200,1-500,501-1500,results/stability/1W1B/con_mp/ISS.csv
1,1,13,17953601.83034673,5141650.0,12811951.830346756,3708750.0,905625.0,527275.0,12685984.507977782,95219.40647571541,30747.915893233432,0.22349108958244324,0.005138803869729329,5:1,CTV|5:1,CTV|5|Jul:1;CTV|5|Jun:1;CTV|5|Sep:1;SOV|5|Dec:1;SOV|5|Feb:1;SOV|5|Jan:1;SOV|5|Nov:1;SOV|5|Oct:1,SOV1|5|Dec:1;SOV1|5|Feb:1;SOV1|5|Jan:1;SOV1|5|Nov:1;SOV1|5|Oct:1,27aa1acfa7197c4d,200,1-500,501-1500,results/stability/1W1B/con_mp/ISS.csv
1,1,14,19630723.02571687,5184775.0,14445948.025716893,2846250.0,1811250.0,527275.0,14304178.648643574,113353.0566980164,28416.32037526334,0.19093435168266296,0.005089451734205835,5:1,CTV|5:2,CTV|5|Nov:1;SOV|5|Dec:1;SOV|5|Feb:1;SOV|5|Jan:1;SOV|5|Mar:1,SOV1|5|Dec:1;SOV1|5|Feb:1;SOV1|5|Jan:1;SOV1|5|Mar:1,27aa1acfa7197c4d,200,1-500,501-1500,results/stability/1W1B/con_mp/ISS.csv
1,1,15,22182478.703058176,4235450.0,17947028.703058224,2501250.0,905625.0,828575.0,17805099.620445106,128801.29534861755,13127.787264434286,0.18754169702529908,0.004904577932488282,5:1,CTV|5:1,CTV|5|Apr:1;CTV|5|Aug:2;CTV|5|Dec:3;CTV|5|Feb:1;CTV|5|Jan:3;CTV|5|Mar:1;CTV|5|May:2;SOV|5|Nov:1;SOV|5|Oct:1,SOV1|5|Nov:1;SOV1|5|Oct:1,27aa1acfa7197c4d,200,1-500,501-1500,results/stability/1W1B/con_mp/ISS.csv
1,1,16,17988092.050975498,5885700.0,12102392.05097554,5433750.0,0.0,451950.0,11982022.12208053,84539.23527235404,35830.693622601466,0.20921001887321472,0.004247643817188355,5:1,nan,CTV|5|Apr:2;CTV|5|Aug:2;CTV|5|Dec:1;CTV|5|Jul:2;CTV|5|Jun:2;CTV|5|Mar:1;CTV|5|May:2;CTV|5|Nov:1;CTV|5|Oct:1;CTV|5|Sep:1;SOV|5|Dec:1;SOV|5|Feb:1;SOV|5|Jan:1;SOV|5|Nov:1;SOV|5|Oct:1;SOV|5|Sep:1,SOV1|5|Dec:1;SOV1|5|Feb:1;SOV1|5|Jan:1;SOV1|5|Nov:1;SOV1|5|Oct:1;SOV1|5|Sep:1,27aa1acfa7197c4d,200,1-500,501-1500,results/stability/1W1B/con_mp/ISS.csv
1,1,17,18717464.32065805,5713200.0,13004264.320658064,3450000.0,1811250.0,451950.0,12869555.851987358,102902.79231076932,31805.67635989838,0.1950833351612091,0.004879272419545957,5:1,CTV|5:2,SOV|5|Dec:1;SOV|5|Jan:1;SOV|5|Nov:1;SOV|5|Oct:1;SOV|5|Sep:1,SOV1|5|Dec:1;SOV1|5|Jan:1;SOV1|5|Nov:1;SOV1|5|Oct:1;SOV1|5|Sep:1,27aa1acfa7197c4d,200,1-500,501-1500,results/stability/1W1B/con_mp/ISS.csv
1,1,18,19656123.207311146,5777600.0,13878523.207311194,3363750.0,1811250.0,602600.0,13736788.248720123,114979.39752331152,26755.56106774282,0.17720980286598206,0.004751141001228508,5:1,CTV|5:2,CTV|5|Apr:1;CTV|5|Feb:2;CTV|5|Jan:2;CTV|5|Mar:1;CTV|5|May:1;SOV|5|Dec:1;SOV|5|Nov:1;SOV|5|Oct:1;SOV|5|Sep:1,SOV1|5|Dec:1;SOV1|5|Nov:1;SOV1|5|Oct:1;SOV1|5|Sep:1,27aa1acfa7197c4d,200,1-500,501-1500,results/stability/1W1B/con_mp/ISS.csv
1,1,19,19250757.6617977,6251975.0,12998782.661797717,4743750.0,905625.0,602600.0,12877609.909647582,86522.93125747901,34649.82089259563,0.21862306690216066,0.004375528004774105,5:1,CTV|5:1,CTV|5|Apr:2;CTV|5|Feb:1;CTV|5|Jul:1;CTV|5|Mar:1;CTV|5|May:2;SOV|5|Aug:1;SOV|5|Dec:1;SOV|5|Jan:1;SOV|5|Nov:1;SOV|5|Oct:1;SOV|5|Sep:1,SOV1|5|Aug:1;SOV1|5|Dec:1;SOV1|5|Jan:1;SOV1|5|Nov:1;SOV1|5|Oct:1;SOV1|5|Sep:1,27aa1acfa7197c4d,200,1-500,501-1500,results/stability/1W1B/con_mp/ISS.csv
1,1,20,20080533.4819044,6467025.0,13613508.481904438,4657500.0,905625.0,903900.0,13490670.755938778,84720.6617381139,38117.06422750833,0.22175063610076903,0.004760446238632878,5:1,CTV|5:1,CTV|5|Dec:1;CTV|5|Jun:1;CTV|5|Mar:1;CTV|5|Nov:1;CTV|5|Oct:1;CTV|5|Sep:1;SOV|5|Aug:1;SOV|5|Dec:1;SOV|5|Feb:1;SOV|5|Jan:1;SOV|5|Oct:1;SOV|5|Sep:1,SOV1|5|Aug:1;SOV1|5|Dec:1;SOV1|5|Feb:1;SOV1|5|Jan:1;SOV1|5|Oct:1;SOV1|5|Sep:1,27aa1acfa7197c4d,200,1-500,501-1500,results/stability/1W1B/con_mp/ISS.csv
3,1,1,17523610.757622924,5917900.0,11605710.757622957,4485000.0,905625.0,527275.0,11483905.937333047,85700.26469373099,36104.555596156155,0.22462817931175233,0.004519887789665734,5:1,CTV|5:1,CTV|5|Apr:1;CTV|5|Jun:1;CTV|5|May:1;CTV|5|Sep:1;SOV|5|Dec:1;SOV|5|Feb:1;SOV|5|Jan:1;SOV|5|Mar:1;SOV|5|Nov:1;SOV|5|Oct:1,SOV1|5|Dec:1;SOV1|5|Feb:1;SOV1|5|Jan:1;SOV1|5|Mar:1;SOV1|5|Nov:1;SOV1|5|Oct:1,27aa1acfa7197c4d,200,1-500,501-1500,results/stability/1W1B/con_mp/ISS.csv
3,1,2,19249973.167083994,6241050.0,13008923.167084033,4657500.0,905625.0,677925.0,12889046.632805139,85550.82526325666,34325.70901563643,0.2190962438583374,0.004492476062114866,5:1,CTV|5:1,CTV|5|Apr:1;CTV|5|Dec:2;CTV|5|Feb:1;CTV|5|Jun:1;CTV|5|Mar:1;SOV|5|Aug:1;SOV|5|Dec:1;SOV|5|Jan:1;SOV|5|Nov:1;SOV|5|Oct:1;SOV|5|Sep:1,SOV1|5|Aug:1;SOV1|5|Dec:1;SOV1|5|Jan:1;SOV1|5|Nov:1;SOV1|5|Oct:1;SOV1|5|Sep:1,27aa1acfa7197c4d,200,1-500,501-1500,results/stability/1W1B/con_mp/ISS.csv
3,1,3,17369856.807580438,6155375.0,11214481.807580484,5778750.0,0.0,376625.0,11088058.170161258,89354.28367766895,37069.353741523206,0.21069415497779848,0.0045639343357316755,5:1,nan,CTV|5|Apr:2;CTV|5|Aug:2;CTV|5|Dec:1;CTV|5|Feb:1;CTV|5|Jan:1;CTV|5|Jul:2;CTV|5|Jun:2;CTV|5|Mar:2;CTV|5|May:2;CTV|5|Nov:1;CTV|5|Oct:1;CTV|5|Sep:2;SOV|5|Dec:1;SOV|5|Feb:1;SOV|5|Jan:1;SOV|5|Nov:1;SOV|5|Oct:1;SOV|5|Sep:1,SOV1|5|Dec:1;SOV1|5|Feb:1;SOV1|5|Jan:1;SOV1|5|Nov:1;SOV1|5|Oct:1;SOV1|5|Sep:1,27aa1acfa7197c4d,200,1-500,501-1500,results/stability/1W1B/con_mp/ISS.csv
3,1,4,18368922.847017284,5723550.0,12645372.847017325,4140000.0,905625.0,677925.0,12514792.759120297,98784.46151776577,31795.62637921797,0.21261179542541503,0.004667596678692416,5:1,CTV|5:1,CTV|5|Apr:2;CTV|5|Jan:1;CTV|5|Jul:1;CTV|5|Jun:1;CTV|5|May:1;CTV|5|Oct:1;CTV|5|Sep:1;SOV|5|Dec:1;SOV|5|Feb:1;SOV|5|Jan:1;SOV|5|Mar:1;SOV|5|Nov:1,SOV1|5|Dec:1;SOV1|5|Feb:1;SOV1|5|Jan:1;SOV1|5|Mar:1;SOV1|5|Nov:1,27aa1acfa7197c4d,200,1-500,501-1500,results/stability/1W1B/con_mp/ISS.csv
3,1,5,17463662.20867634,5400400.0,12063262.20867635,3967500.0,905625.0,527275.0,11932793.278428564,99175.80290258622,31293.1273451726,0.20947302484512328,0.004929075654270023,5:1,CTV|5:1,CTV|5|Apr:1;CTV|5|Aug:1;CTV|5|Jul:1;CTV|5|Jun:1;CTV|5|Mar:1;CTV|5|Sep:1;SOV|5|Dec:1;SOV|5|Feb:1;SOV|5|Jan:1;SOV|5|Nov:1;SOV|5|Oct:1,SOV1|5|Dec:1;SOV1|5|Feb:1;SOV1|5|Jan:1;SOV1|5|Nov:1;SOV1|5|Oct:1,27aa1acfa7197c4d,200,1-500,501-1500,results/stability/1W1B/con_mp/ISS.csv
3,1,6,17296800.56847998,5928825.0,11367975.568479996,4571250.0,905625.0,451950.0,11244323.969683696,87449.05588847843,36202.54290779504,0.2182656388282776,0.0047568959776209665,5:1,CTV|5:1,CTV|5|Apr:1;CTV|5|Jul:1;CTV|5|Jun:1;CTV|5|Mar:1;CTV|5|May:1;SOV|5|Dec:1;SOV|5|Feb:1;SOV|5|Jan:1;SOV|5|Nov:1;SOV|5|Oct:1;SOV|5|Sep:1,SOV1|5|Dec:1;SOV1|5|Feb:1;SOV1|5|Jan:1;SOV1|5|Nov:1;SOV1|5|Oct:1;SOV1|5|Sep:1,27aa1acfa7197c4d,200,1-500,501-1500,results/stability/1W1B/con_mp/ISS.csv
3,1,7,17444935.653318517,6349150.0,11095785.653318537,4916250.0,905625.0,527275.0,10966594.570009477,90714.73227215404,38476.35103685011,0.20797201085090639,0.004795209988315651,5:1,CTV|5:1,CTV|5|Apr:1;CTV|5|Aug:1;CTV|5|Dec:1;CTV|5|Jan:1;CTV|5|Jul:1;CTV|5|Jun:1;CTV|5|Mar:1;CTV|5|May:1;CTV|5|Nov:1;SOV|5|Dec:1;SOV|5|Feb:1;SOV|5|Jan:1;SOV|5|Nov:1;SOV|5|Oct:1;SOV|5|Sep:1,SOV1|5|Dec:1;SOV1|5|Feb:1;SOV1|5|Jan:1;SOV1|5|Nov:1;SOV1|5|Oct:1;SOV1|5|Sep:1,27aa1acfa7197c4d,200,1-500,501-1500,results/stability/1W1B/con_mp/ISS.csv
3,1,8,18774859.46176126,5023200.0,13751659.46176127,2760000.0,1811250.0,451950.0,13612227.20499368,113631.4438644852,25800.81290305686,0.18757730531692504,0.005055457477399525,5:1,CTV|5:2,SOV|5|Dec:1;SOV|5|Jan:1;SOV|5|Nov:1;SOV|5|Oct:1,SOV1|5|Dec:1;SOV1|5|Jan:1;SOV1|5|Nov:1;SOV1|5|Oct:1,27aa1acfa7197c4d,200,1-500,501-1500,results/stability/1W1B/con_mp/ISS.csv
3,1,9,17536406.12644779,6575700.0,10960706.126447812,6123750.0,0.0,451950.0,10844890.986579422,74431.83191957398,41383.307948802845,0.22376627540588379,0.0040121119142624935,5:1,nan,CTV|5|Apr:1;CTV|5|Aug:2;CTV|5|Dec:1;CTV|5|Feb:1;CTV|5|Jan:1;CTV|5|Jul:2;CTV|5|Jun:2;CTV|5|Mar:1;CTV|5|May:2;CTV|5|Oct:1;CTV|5|Sep:1;SOV|5|Dec:1;SOV|5|Feb:1;SOV|5|Jan:1;SOV|5|Mar:1;SOV|5|Nov:1;SOV|5|Oct:1;SOV|5|Sep:1,SOV1|5|Dec:1;SOV1|5|Feb:1;SOV1|5|Jan:1;SOV1|5|Mar:1;SOV1|5|Nov:1;SOV1|5|Oct:1;SOV1|5|Sep:1,27aa1acfa7197c4d,200,1-500,501-1500,results/stability/1W1B/con_mp/ISS.csv
3,1,10,17870477.83862302,7740075.0,10130402.838623043,6382500.0,905625.0,451950.0,10028812.825038692,49960.750331339754,51629.26325298769,0.2455423505306244,0.003308904510201475,5:1,CTV|5:1,CTV|5|Jul:1;CTV|5|Jun:1;SOV|5|Apr:1;SOV|5|Aug:1;SOV|5|Dec:1;SOV|5|Feb:1;SOV|5|Jan:1;SOV|5|Mar:1;SOV|5|Nov:1;SOV|5|Oct:1;SOV|5|Sep:1,SOV1|5|Apr:1;SOV1|5|Aug:1;SOV1|5|Dec:1;SOV1|5|Feb:1;SOV1|5|Jan:1;SOV1|5|Mar:1;SOV1|5|Nov:1;SOV1|5|Oct:1;SOV1|5|Sep:1,27aa1acfa7197c4d,200,1-500,501-1500,results/stability/1W1B/con_mp/ISS.csv
3,1,11,20585016.708361115,5066325.0,15518691.708361141,3708750.0,905625.0,451950.0,15395005.488462036,94430.7261369582,29255.493762118425,0.22020817399024964,0.005079299409090311,5:1,CTV|5:1,CTV|5|Aug:1;CTV|5|Jul:1;CTV|5|Jun:1;SOV|5|Dec:1;SOV|5|Jan:1;SOV|5|Nov:1;SOV|5|Oct:1;SOV|5|Sep:1,SOV1|5|Dec:1;SOV1|5|Jan:1;SOV1|5|Nov:1;SOV1|5|Oct:1;SOV1|5|Sep:1,27aa1acfa7197c4d,200,1-500,501-1500,results/stability/1W1B/con_mp/ISS.csv
3,1,12,18025534.716571175,5422250.0,12603284.716571217,4140000.0,905625.0,376625.0,12486461.36372153,80809.2470796135,36014.105770028,0.23665194869041442,0.00546905523657692,5:1,CTV|5:1,SOV|5|Dec:1;SOV|5|Feb:1;SOV|5|Jan:1;SOV|5|Mar:1;SOV|5|Nov:1;SOV|5|Oct:1,SOV1|5|Dec:1;SOV1|5|Feb:1;SOV1|5|Jan:1;SOV1|5|Mar:1;SOV1|5|Nov:1;SOV1|5|Oct:1,27aa1acfa7197c4d,200,1-500,501-1500,results/stability/1W1B/con_mp/ISS.csv
3,1,13,17412282.94852998,6607900.0,10804382.948530028,5175000.0,905625.0,527275.0,10688547.276443018,74537.78897395714,41297.88311301516,0.22797082352638245,0.004308397275901918,5:1,CTV|5:1,CTV|5|Apr:1;CTV|5|Dec:1;CTV|5|Jun:1;CTV|5|May:1;SOV|5|Dec:1;SOV|5|Feb:1;SOV|5|Jan:1;SOV|5|Mar:1;SOV|5|Nov:1;SOV|5|Oct:1;SOV|5|Sep:1,SOV1|5|Dec:1;SOV1|5|Feb:1;SOV1|5|Jan:1;SOV1|5|Mar:1;SOV1|5|Nov:1;SOV1|5|Oct:1;SOV1|5|Sep:1,27aa1acfa7197c4d,200,1-500,501-1500,results/stability/1W1B/con_mp/ISS.csv
3,1,14,17253413.69465378,6618825.0,10634588.69465381,5261250.0,905625.0,451950.0,10514629.275050344,77282.17664196476,42677.24296146964,0.22314471554756166,0.004296452828549366,5:1,CTV|5:1,CTV|5|Apr:1;CTV|5|Aug:1;CTV|5|Jul:1;CTV|5|Jun:1;CTV|5|May:1;SOV|5|Dec:1;SOV|5|Feb:1;SOV|5|Jan:1;SOV|5|Mar:1;SOV|5|Nov:1;SOV|5|Oct:1;SOV|5|Sep:1,SOV1|5|Dec:1;SOV1|5|Feb:1;SOV1|5|Jan:1;SOV1|5|Mar:1;SOV1|5|Nov:1;SOV1|5|Oct:1;SOV1|5|Sep:1,27aa1acfa7197c4d,200,1-500,501-1500,results/stability/1W1B/con_mp/ISS.csv
3,1,15,17558447.41826859,5993225.0,11565222.418268623,4485000.0,905625.0,602600.0,11443101.550400743,86076.61215576158,36044.25571207075,0.22308558464050293,0.004869991799161601,5:1,CTV|5:1,CTV|5|Aug:1;CTV|5|Jul:1;CTV|5|Mar:1;CTV|5|May:1;SOV|5|Dec:1;SOV|5|Feb:1;SOV|5|Jan:1;SOV|5|Nov:1;SOV|5|Oct:1;SOV|5|Sep:1,SOV1|5|Dec:1;SOV1|5|Feb:1;SOV1|5|Jan:1;SOV1|5|Nov:1;SOV1|5|Oct:1;SOV1|5|Sep:1,27aa1acfa7197c4d,200,1-500,501-1500,results/stability/1W1B/con_mp/ISS.csv
3,1,16,17617125.912509352,6651025.0,10966100.912509393,6123750.0,0.0,527275.0,10850682.922482401,73999.50714579383,41418.48288118603,0.21217184734344482,0.004328217592555229,5:1,nan,CTV|5|Apr:2;CTV|5|Aug:1;CTV|5|Dec:2;CTV|5|Feb:1;CTV|5|Jan:1;CTV|5|Jul:2;CTV|5|Jun:2;CTV|5|Mar:1;CTV|5|May:2;CTV|5|Sep:1;SOV|5|Dec:1;SOV|5|Feb:1;SOV|5|Jan:1;SOV|5|Mar:1;SOV|5|Nov:1;SOV|5|Oct:1;SOV|5|Sep:1,SOV1|5|Dec:1;SOV1|5|Feb:1;SOV1|5|Jan:1;SOV1|5|Mar:1;SOV1|5|Nov:1;SOV1|5|Oct:1;SOV1|5|Sep:1,27aa1acfa7197c4d,200,1-500,501-1500,results/stability/1W1B/con_mp/ISS.csv
3,1,17,19858646.15628001,4365400.0,15493246.156280067,2932500.0,905625.0,527275.0,15349723.057577927,122463.36418525806,21059.73451683957,0.18774243307113647,0.005066930276723523,5:1,CTV|5:1,CTV|5|Apr:1;CTV|5|Aug:2;CTV|5|Jul:1;CTV|5|Jun:1;CTV|5|Mar:1;CTV|5|May:1;CTV|5|Nov:1;CTV|5|Oct:1;CTV|5|Sep:1;SOV|5|Dec:1;SOV|5|Feb:1;SOV|5|Jan:1,SOV1|5|Dec:1;SOV1|5|Feb:1;SOV1|5|Jan:1,27aa1acfa7197c4d,200,1-500,501-1500,results/stability/1W1B/con_mp/ISS.csv
3,1,18,17850107.182229098,6532575.0,11317532.182229154,5175000.0,905625.0,451950.0,11201681.110978164,74477.81328279675,41373.25796812198,0.22726777935028075,0.004255489004713477,5:1,CTV|5:1,CTV|5|Apr:1;CTV|5|Jul:1;CTV|5|Jun:1;CTV|5|May:1;SOV|5|Aug:1;SOV|5|Dec:1;SOV|5|Feb:1;SOV|5|Jan:1;SOV|5|Nov:1;SOV|5|Oct:1;SOV|5|Sep:1,SOV1|5|Aug:1;SOV1|5|Dec:1;SOV1|5|Feb:1;SOV1|5|Jan:1;SOV1|5|Nov:1;SOV1|5|Oct:1;SOV1|5|Sep:1,27aa1acfa7197c4d,200,1-500,501-1500,results/stability/1W1B/con_mp/ISS.csv
3,1,19,17291512.237520374,5842575.0,11448937.237520395,4485000.0,905625.0,451950.0,11326620.759746306,86330.00945091352,35986.46832315555,0.22243285608291627,0.004615853806604391,5:1,CTV|5:1,CTV|5|Apr:1;CTV|5|Jun:1;CTV|5|Mar:1;CTV|5|May:1;SOV|5|Dec:1;SOV|5|Feb:1;SOV|5|Jan:1;SOV|5|Nov:1;SOV|5|Oct:1;SOV|5|Sep:1,SOV1|5|Dec:1;SOV1|5|Feb:1;SOV1|5|Jan:1;SOV1|5|Nov:1;SOV1|5|Oct:1;SOV1|5|Sep:1,27aa1acfa7197c4d,200,1-500,501-1500,results/stability/1W1B/con_mp/ISS.csv
3,1,20,17655495.631436486,5529775.0,12125720.63143653,5002500.0,0.0,527275.0,11996016.566855524,98443.59967300511,31260.464907959653,0.21421344542503357,0.004844451984345298,5:1,nan,CTV|5|Apr:2;CTV|5|Aug:2;CTV|5|Dec:1;CTV|5|Feb:1;CTV|5|Jan:2;CTV|5|Jul:2;CTV|5|Jun:1;CTV|5|Mar:2;CTV|5|May:1;CTV|5|Nov:1;CTV|5|Oct:1;CTV|5|Sep:2;SOV|5|Dec:1;SOV|5|Feb:1;SOV|5|Jan:1;SOV|5|Nov:1;SOV|5|Oct:1,SOV1|5|Dec:1;SOV1|5|Feb:1;SOV1|5|Jan:1;SOV1|5|Nov:1;SOV1|5|Oct:1,27aa1acfa7197c4d,200,1-500,501-1500,results/stability/1W1B/con_mp/ISS.csv
5,4,1;8;13;20,17253413.69465378,6618825.0,10634588.69465381,5261250.0,905625.0,451950.0,10514629.275050344,77282.17664196476,42677.24296146964,0.22314471554756166,0.004296452828549366,5:1,CTV|5:1,CTV|5|Apr:1;CTV|5|Aug:1;CTV|5|Jul:1;CTV|5|Jun:1;CTV|5|May:1;SOV|5|Dec:1;SOV|5|Feb:1;SOV|5|Jan:1;SOV|5|Mar:1;SOV|5|Nov:1;SOV|5|Oct:1;SOV|5|Sep:1,SOV1|5|Dec:1;SOV1|5|Feb:1;SOV1|5|Jan:1;SOV1|5|Mar:1;SOV1|5|Nov:1;SOV1|5|Oct:1;SOV1|5|Sep:1,27aa1acfa7197c4d,200,1-500,501-1500,results/stability/1W1B/con_mp/ISS.csv
5,3,2;6;10,17239485.996089797,6015075.0,11224410.996089846,4657500.0,905625.0,451950.0,11098453.912814083,89025.91676856662,36931.166507160735,0.21379852318763734,0.004515470816241452,5:1,CTV|5:1,CTV|5|Apr:1;CTV|5|Aug:1;CTV|5|Jul:1;CTV|5|Jun:1;CTV|5|Mar:1;CTV|5|May:1;SOV|5|Dec:1;SOV|5|Feb:1;SOV|5|Jan:1;SOV|5|Nov:1;SOV|5|Oct:1;SOV|5|Sep:1,SOV1|5|Dec:1;SOV1|5|Feb:1;SOV1|5|Jan:1;SOV1|5|Nov:1;SOV1|5|Oct:1;SOV1|5|Sep:1,27aa1acfa7197c4d,200,1-500,501-1500,results/stability/1W1B/con_mp/ISS.csv
5,1,3,17535455.660465665,6855725.0,10679730.660465673,5347500.0,905625.0,602600.0,10561425.3271987,76140.63932021476,42164.69394674337,0.22672110986709595,0.004205884500418327,5:1,CTV|5:1,CTV|5|Apr:1;CTV|5|Jan:2;CTV|5|Jul:1;CTV|5|Jun:1;CTV|5|May:1;SOV|5|Dec:1;SOV|5|Feb:1;SOV|5|Jan:1;SOV|5|Mar:1;SOV|5|Nov:1;SOV|5|Oct:1;SOV|5|Sep:1,SOV1|5|Dec:1;SOV1|5|Feb:1;SOV1|5|Jan:1;SOV1|5|Mar:1;SOV1|5|Nov:1;SOV1|5|Oct:1;SOV1|5|Sep:1,27aa1acfa7197c4d,200,1-500,501-1500,results/stability/1W1B/con_mp/ISS.csv
5,1,4,17302137.398410793,6446325.0,10855812.398410838,5088750.0,905625.0,451950.0,10740699.514450552,74108.96278216132,41003.92117809864,0.23354953241348267,0.0042062449044997985,5:1,CTV|5:1,CTV|5|Apr:1;CTV|5|Jun:1;CTV|5|May:1;SOV|5|Dec:1;SOV|5|Feb:1;SOV|5|Jan:1;SOV|5|Mar:1;SOV|5|Nov:1;SOV|5|Oct:1;SOV|5|Sep:1,SOV1|5|Dec:1;SOV1|5|Feb:1;SOV1|5|Jan:1;SOV1|5|Mar:1;SOV1|5|Nov:1;SOV1|5|Oct:1;SOV1|5|Sep:1,27aa1acfa7197c4d,200,1-500,501-1500,results/stability/1W1B/con_mp/ISS.csv
5,1,5,17558467.758199196,5756325.0,11802142.75819923,4398750.0,905625.0,451950.0,11681625.132410737,84453.27011502424,36064.35567343254,0.22978468918800354,0.004721912243702519,5:1,CTV|5:1,CTV|5|Aug:1;CTV|5|Jul:1;CTV|5|Sep:1;SOV|5|Dec:1;SOV|5|Feb:1;SOV|5|Jan:1;SOV|5|Mar:1;SOV|5|Nov:1;SOV|5|Oct:1,SOV1|5|Dec:1;SOV1|5|Feb:1;SOV1|5|Jan:1;SOV1|5|Mar:1;SOV1|5|Nov:1;SOV1|5|Oct:1,27aa1acfa7197c4d,200,1-500,501-1500,results/stability/1W1B/con_mp/ISS.csv
5,1,7,17560012.62327796,5670075.0,11889937.623277996,4312500.0,905625.0,451950.0,11770604.73351854,83401.69633001466,35931.193429410516,0.23278787660598754,0.004869625159540657,5:1,CTV|5:1,CTV|5|Aug:1;CTV|5|Sep:1;SOV|5|Dec:1;SOV|5|Feb:1;SOV|5|Jan:1;SOV|5|Mar:1;SOV|5|Nov:1;SOV|5|Oct:1,SOV1|5|Dec:1;SOV1|5|Feb:1;SOV1|5|Jan:1;SOV1|5|Mar:1;SOV1|5|Nov:1;SOV1|5|Oct:1,27aa1acfa7197c4d,200,1-500,501-1500,results/stability/1W1B/con_mp/ISS.csv
5,1,9,17653950.09797999,6338225.0,11315725.09798003,4830000.0,905625.0,602600.0,11189454.53365364,88947.44857263203,37323.11575371606,0.21314107704162596,0.0043876156040395685,5:1,CTV|5:1,CTV|5|Apr:1;CTV|5|Aug:1;CTV|5|Dec:2;CTV|5|Jul:1;CTV|5|Jun:1;CTV|5|May:1;CTV|5|Sep:1;SOV|5|Dec:1;SOV|5|Feb:1;SOV|5|Jan:1;SOV|5|Mar:1;SOV|5|Nov:1;SOV|5|Oct:1,SOV1|5|Dec:1;SOV1|5|Feb:1;SOV1|5|Jan:1;SOV1|5|Mar:1;SOV1|5|Nov:1;SOV1|5|Oct:1,27aa1acfa7197c4d,200,1-500,501-1500,results/stability/1W1B/con_mp/ISS.csv
5,1,11,17402937.599675253,6176650.0,11226287.59967528,4743750.0,905625.0,527275.0,11100557.55951145,88638.07396573048,37091.96619805526,0.21264208722114564,0.004955674365761308,5:1,CTV|5:1,CTV|5|Apr:1;CTV|5|Aug:1;CTV|5|Feb:1;CTV|5|Jan:1;CTV|5|Jun:1;CTV|5|Mar:1;CTV|5|May:1;SOV|5|Dec:1;SOV|5|Feb:1;SOV|5|Jan:1;SOV|5|Nov:1;SOV|5|Oct:1;SOV|5|Sep:1,SOV1|5|Dec:1;SOV1|5|Feb:1;SOV1|5|Jan:1;SOV1|5|Nov:1;SOV1|5|Oct:1;SOV1|5|Sep:1,27aa1acfa7197c4d,200,1-500,501-1500,results/stability/1W1B/con_mp/ISS.csv
5,1,12,17550220.14857073,5626950.0,11923270.14857076,5175000.0,0.0,451950.0,11790226.74827187,101004.06188812136,32039.33841072989,0.2014197943210602,0.004771722020442507,5:1,nan,CTV|5|Apr:2;CTV|5|Aug:2;CTV|5|Dec:2;CTV|5|Feb:1;CTV|5|Jan:1;CTV|5|Jul:2;CTV|5|Jun:2;CTV|5|Mar:2;CTV|5|May:2;CTV|5|Nov:1;CTV|5|Oct:1;CTV|5|Sep:2;SOV|5|Dec:1;SOV|5|Feb:1;SOV|5|Jan:1;SOV|5|Nov:1;SOV|5|Oct:1,SOV1|5|Dec:1;SOV1|5|Feb:1;SOV1|5|Jan:1;SOV1|5|Nov:1;SOV1|5|Oct:1,27aa1acfa7197c4d,200,1-500,501-1500,results/stability/1W1B/con_mp/ISS.csv
5,1,14,18608334.97019805,5411325.0,13197009.970198072,4053750.0,905625.0,451950.0,13066336.555262728,100390.31064858142,30283.1042867411,0.20477302289009094,0.004599162280205196,5:1,CTV|5:1,CTV|5|Apr:1;CTV|5|Aug:1;CTV|5|Feb:1;CTV|5|Jul:1;CTV|5|Jun:1;CTV|5|Mar:1;CTV|5|May:1;SOV|5|Dec:1;SOV|5|Jan:1;SOV|5|Nov:1;SOV|5|Oct:1;SOV|5|Sep:1,SOV1|5|Dec:1;SOV1|5|Jan:1;SOV1|5|Nov:1;SOV1|5|Oct:1;SOV1|5|Sep:1,27aa1acfa7197c4d,200,1-500,501-1500,results/stability/1W1B/con_mp/ISS.csv
5,1,15,17364116.092838623,6780400.0,10583716.092838643,5347500.0,905625.0,527275.0,10462738.76148222,77867.93922562977,43109.39213074863,0.21656617283821106,0.004425716201363851,5:1,CTV|5:1,CTV|5|Apr:1;CTV|5|Aug:1;CTV|5|Dec:1;CTV|5|Jul:1;CTV|5|Jun:1;CTV|5|May:1;SOV|5|Dec:1;SOV|5|Feb:1;SOV|5|Jan:1;SOV|5|Mar:1;SOV|5|Nov:1;SOV|5|Oct:1;SOV|5|Sep:1,SOV1|5|Dec:1;SOV1|5|Feb:1;SOV1|5|Jan:1;SOV1|5|Mar:1;SOV1|5|Nov:1;SOV1|5|Oct:1;SOV1|5|Sep:1,27aa1acfa7197c4d,200,1-500,501-1500,results/stability/1W1B/con_mp/ISS.csv
5,1,16,17359583.751479357,6586625.0,10772958.751479387,6210000.0,0.0,376625.0,10656011.273263484,75415.93305202833,41531.54516384622,0.2285620975494385,0.0041891178542534145,5:1,nan,CTV|5|Apr:2;CTV|5|Aug:1;CTV|5|Dec:1;CTV|5|Feb:1;CTV|5|Jan:1;CTV|5|Jul:2;CTV|5|Jun:2;CTV|5|Mar:1;CTV|5|May:2;CTV|5|Nov:1;CTV|5|Oct:1;CTV|5|Sep:1;SOV|5|Dec:1;SOV|5|Feb:1;SOV|5|Jan:1;SOV|5|Mar:1;SOV|5|Nov:1;SOV|5|Oct:1;SOV|5|Sep:1,SOV1|5|Dec:1;SOV1|5|Feb:1;SOV1|5|Jan:1;SOV1|5|Mar:1;SOV1|5|Nov:1;SOV1|5|Oct:1;SOV1|5|Sep:1,27aa1acfa7197c4d,200,1-500,501-1500,results/stability/1W1B/con_mp/ISS.csv
5,1,17,17398485.741540514,6015075.0,11383410.741540523,4657500.0,905625.0,451950.0,11257473.852782385,88578.5980719965,37358.290686099244,0.21282337546348573,0.004535763526982423,5:1,CTV|5:1,CTV|5|Apr:1;CTV|5|Aug:1;CTV|5|Jul:1;CTV|5|Jun:1;CTV|5|May:1;CTV|5|Sep:1;SOV|5|Dec:1;SOV|5|Feb:1;SOV|5|Jan:1;SOV|5|Mar:1;SOV|5|Nov:1;SOV|5|Oct:1,SOV1|5|Dec:1;SOV1|5|Feb:1;SOV1|5|Jan:1;SOV1|5|Mar:1;SOV1|5|Nov:1;SOV1|5|Oct:1,27aa1acfa7197c4d,200,1-500,501-1500,results/stability/1W1B/con_mp/ISS.csv
5,1,18,17383338.84372722,6866650.0,10516688.843727253,5433750.0,905625.0,527275.0,10395132.773967205,78265.7779769928,43290.29178300495,0.2178620445728302,0.004345158772150861,5:1,CTV|5:1,CTV|5|Apr:1;CTV|5|Aug:1;CTV|5|Dec:1;CTV|5|Jan:1;CTV|5|Jul:1;CTV|5|Jun:1;CTV|5|May:1;SOV|5|Dec:1;SOV|5|Feb:1;SOV|5|Jan:1;SOV|5|Mar:1;SOV|5|Nov:1;SOV|5|Oct:1;SOV|5|Sep:1,SOV1|5|Dec:1;SOV1|5|Feb:1;SOV1|5|Jan:1;SOV1|5|Mar:1;SOV1|5|Nov:1;SOV1|5|Oct:1;SOV1|5|Sep:1,27aa1acfa7197c4d,200,1-500,501-1500,results/stability/1W1B/con_mp/ISS.csv
5,1,19,17388314.544009667,5411325.0,11976989.54400971,4053750.0,905625.0,451950.0,11844169.904369408,100752.66378267453,32066.975857602396,0.2040451683998108,0.004909542215327078,5:1,CTV|5:1,CTV|5|Apr:1;CTV|5|Aug:1;CTV|5|Jul:1;CTV|5|Jun:1;CTV|5|Mar:1;CTV|5|May:1;CTV|5|Sep:1;SOV|5|Dec:1;SOV|5|Feb:1;SOV|5|Jan:1;SOV|5|Nov:1;SOV|5|Oct:1,SOV1|5|Dec:1;SOV1|5|Feb:1;SOV1|5|Jan:1;SOV1|5|Nov:1;SOV1|5|Oct:1,27aa1acfa7197c4d,200,1-500,501-1500,results/stability/1W1B/con_mp/ISS.csv
7,1,1,17731418.129706327,7481325.0,10250093.129706372,6123750.0,905625.0,451950.0,10135538.316850722,65890.29390350087,48664.51895211838,0.22530124735832213,0.003948021936656576,5:1,CTV|5:1,CTV|5|Apr:1;CTV|5|Feb:1;CTV|5|Jan:1;CTV|5|Jul:1;CTV|5|Jun:1;CTV|5|Mar:1;CTV|5|May:1;SOV|5|Aug:1;SOV|5|Dec:1;SOV|5|Feb:1;SOV|5|Jan:1;SOV|5|Mar:1;SOV|5|Nov:1;SOV|5|Oct:1;SOV|5|Sep:1,SOV1|5|Aug:1;SOV1|5|Dec:1;SOV1|5|Feb:1;SOV1|5|Jan:1;SOV1|5|Mar:1;SOV1|5|Nov:1;SOV1|5|Oct:1;SOV1|5|Sep:1,27aa1acfa7197c4d,200,1-500,501-1500,results/stability/1W1B/con_mp/ISS.csv
7,1,2,17348561.82543003,6780400.0,10568161.825430041,5347500.0,905625.0,527275.0,10447578.83424301,77752.48602014633,42830.50516685347,0.21916599702835082,0.0043695169967058155,5:1,CTV|5:1,CTV|5|Apr:1;CTV|5|Aug:1;CTV|5|Jan:1;CTV|5|Jul:1;CTV|5|Jun:1;CTV|5|May:1;SOV|5|Dec:1;SOV|5|Feb:1;SOV|5|Jan:1;SOV|5|Mar:1;SOV|5|Nov:1;SOV|5|Oct:1;SOV|5|Sep:1,SOV1|5|Dec:1;SOV1|5|Feb:1;SOV1|5|Jan:1;SOV1|5|Mar:1;SOV1|5|Nov:1;SOV1|5|Oct:1;SOV1|5|Sep:1,27aa1acfa7197c4d,200,1-500,501-1500,results/stability/1W1B/con_mp/ISS.csv
7,1,3,17348776.009721074,6176650.0,11172126.009721115,4743750.0,905625.0,527275.0,11045265.225158352,89545.20629452907,37315.57826820542,0.20809648847579956,0.004544678918074837,5:1,CTV|5:1,CTV|5|Apr:1;CTV|5|Aug:1;CTV|5|Dec:1;CTV|5|Jul:1;CTV|5|Jun:1;CTV|5|Mar:1;CTV|5|May:1;SOV|5|Dec:1;SOV|5|Feb:1;SOV|5|Jan:1;SOV|5|Nov:1;SOV|5|Oct:1;SOV|5|Sep:1,SOV1|5|Dec:1;SOV1|5|Feb:1;SOV1|5|Jan:1;SOV1|5|Nov:1;SOV1|5|Oct:1;SOV1|5|Sep:1,27aa1acfa7197c4d,200,1-500,501-1500,results/stability/1W1B/con_mp/ISS.csv
7,1,4,17448941.717557114,6575700.0,10873241.717557136,6123750.0,0.0,451950.0,10756941.976805756,74861.15790879613,41438.58284254785,0.21216050148010254,0.0039282652796340635,5:1,nan,CTV|5|Apr:2;CTV|5|Aug:2;CTV|5|Dec:1;CTV|5|Feb:1;CTV|5|Jan:1;CTV|5|Jul:2;CTV|5|Jun:2;CTV|5|Mar:1;CTV|5|May:2;CTV|5|Sep:1;SOV|5|Dec:1;SOV|5|Feb:1;SOV|5|Jan:1;SOV|5|Mar:1;SOV|5|Nov:1;SOV|5|Oct:1;SOV|5|Sep:1,SOV1|5|Dec:1;SOV1|5|Feb:1;SOV1|5|Jan:1;SOV1|5|Mar:1;SOV1|5|Nov:1;SOV1|5|Oct:1;SOV1|5|Sep:1,27aa1acfa7197c4d,200,1-500,501-1500,results/stability/1W1B/con_mp/ISS.csv
7,1,5,17861357.38530598,6996025.0,10865332.385306012,6468750.0,0.0,527275.0,10745620.595065251,77170.22201846568,42541.56822227738,0.2170887794494629,0.004274656436922557,5:1,nan,CTV|5|Apr:2;CTV|5|Aug:1;CTV|5|Dec:3;CTV|5|Feb:1;CTV|5|Jan:1;CTV|5|Jul:2;CTV|5|Jun:2;CTV|5|Mar:2;CTV|5|May:2;CTV|5|Nov:1;CTV|5|Oct:1;CTV|5|Sep:1;SOV|5|Aug:1;SOV|5|Dec:1;SOV|5|Feb:1;SOV|5|Jan:1;SOV|5|Nov:1;SOV|5|Oct:1;SOV|5|Sep:1,SOV1|5|Aug:1;SOV1|5|Dec:1;SOV1|5|Feb:1;SOV1|5|Jan:1;SOV1|5|Nov:1;SOV1|5|Oct:1;SOV1|5|Sep:1,27aa1acfa7197c4d,200,1-500,501-1500,results/stability/1W1B/con_mp/ISS.csv
7,1,6,17518063.064552277,7028225.0,10489838.064552313,5520000.0,905625.0,602600.0,10368034.338413522,78372.73462622859,43430.99151253765,0.21848173022270204,0.004203828243448041,5:1,CTV|5:1,CTV|5|Apr:1;CTV|5|Aug:1;CTV|5|Dec:1;CTV|5|Jan:2;CTV|5|Jul:1;CTV|5|Jun:1;CTV|5|May:1;SOV|5|Dec:1;SOV|5|Feb:1;SOV|5|Jan:1;SOV|5|Mar:1;SOV|5|Nov:1;SOV|5|Oct:1;SOV|5|Sep:1,SOV1|5|Dec:1;SOV1|5|Feb:1;SOV1|5|Jan:1;SOV1|5|Mar:1;SOV1|5|Nov:1;SOV1|5|Oct:1;SOV1|5|Sep:1,27aa1acfa7197c4d,200,1-500,501-1500,results/stability/1W1B/con_mp/ISS.csv
7,3,7;13;15,17253413.69465378,6618825.0,10634588.69465381,5261250.0,905625.0,451950.0,10514629.275050344,77282.17664196476,42677.24296146964,0.22314471554756166,0.004296452828549366,5:1,CTV|5:1,CTV|5|Apr:1;CTV|5|Aug:1;CTV|5|Jul:1;CTV|5|Jun:1;CTV|5|May:1;SOV|5|Dec:1;SOV|5|Feb:1;SOV|5|Jan:1;SOV|5|Mar:1;SOV|5|Nov:1;SOV|5|Oct:1;SOV|5|Sep:1,SOV1|5|Dec:1;SOV1|5|Feb:1;SOV1|5|Jan:1;SOV1|5|Mar:1;SOV1|5|Nov:1;SOV1|5|Oct:1;SOV1|5|Sep:1,27aa1acfa7197c4d,200,1-500,501-1500,results/stability/1W1B/con_mp/ISS.csv
7,3,8;17;18,17293541.869068798,6069125.0,11224416.869068846,5692500.0,0.0,376625.0,11098459.785793085,89025.91676856662,36931.166507160735,0.21316116642951966,0.00450051964697454,5:1,nan,CTV|5|Apr:2;CTV|5|Aug:2;CTV|5|Dec:1;CTV|5|Feb:1;CTV|5|Jan:1;CTV|5|Jul:2;CTV|5|Jun:2;CTV|5|Mar:2;CTV|5|May:2;CTV|5|Nov:1;CTV|5|Oct:1;CTV|5|Sep:1;SOV|5|Dec:1;SOV|5|Feb:1;SOV|5|Jan:1;SOV|5|Nov:1;SOV|5|Oct:1;SOV|5|Sep:1,SOV1|5|Dec:1;SOV1|5|Feb:1;SOV1|5|Jan:1;SOV1|5|Nov:1;SOV1|5|Oct:1;SOV1|5|Sep:1,27aa1acfa7197c4d,200,1-500,501-1500,results/stability/1W1B/con_mp/ISS.csv
7,5,9;10;11;16;19,17398485.741540514,6015075.0,11383410.741540523,4657500.0,905625.0,451950.0,11257473.852782385,88578.5980719965,37358.290686099244,0.21282337546348573,0.004535763526982423,5:1,CTV|5:1,CTV|5|Apr:1;CTV|5|Aug:1;CTV|5|Jul:1;CTV|5|Jun:1;CTV|5|May:1;CTV|5|Sep:1;SOV|5|Dec:1;SOV|5|Feb:1;SOV|5|Jan:1;SOV|5|Mar:1;SOV|5|Nov:1;SOV|5|Oct:1,SOV1|5|Dec:1;SOV1|5|Feb:1;SOV1|5|Jan:1;SOV1|5|Mar:1;SOV1|5|Nov:1;SOV1|5|Oct:1,27aa1acfa7197c4d,200,1-500,501-1500,results/stability/1W1B/con_mp/ISS.csv
7,1,12,17508188.905838683,5670075.0,11838113.905838726,4312500.0,905625.0,451950.0,11702771.937176129,102187.08239625697,33154.8862663105,0.19847659039497376,0.004982174549372578,5:1,CTV|5:1,CTV|5|Apr:1;CTV|5|Aug:1;CTV|5|Dec:1;CTV|5|Feb:1;CTV|5|Jan:1;CTV|5|Jul:1;CTV|5|Jun:1;CTV|5|Mar:1;CTV|5|May:1;CTV|5|Sep:1;SOV|5|Dec:1;SOV|5|Feb:1;SOV|5|Jan:1;SOV|5|Nov:1;SOV|5|Oct:1,SOV1|5|Dec:1;SOV1|5|Feb:1;SOV1|5|Jan:1;SOV1|5|Nov:1;SOV1|5|Oct:1,27aa1acfa7197c4d,200,1-500,501-1500,results/stability/1W1B/con_mp/ISS.csv
7,1,14,17435704.09474565,6004150.0,11431554.094745679,4571250.0,905625.0,527275.0,11307484.12497939,87488.04008773272,36581.929678499255,0.21774716687202453,0.004613495650359815,5:1,CTV|5:1,CTV|5|Aug:1;CTV|5|Jul:1;CTV|5|Jun:1;CTV|5|Mar:1;CTV|5|May:1;SOV|5|Dec:1;SOV|5|Feb:1;SOV|5|Jan:1;SOV|5|Nov:1;SOV|5|Oct:1;SOV|5|Sep:1,SOV1|5|Dec:1;SOV1|5|Feb:1;SOV1|5|Jan:1;SOV1|5|Nov:1;SOV1|5|Oct:1;SOV1|5|Sep:1,27aa1acfa7197c4d,200,1-500,501-1500,results/stability/1W1B/con_mp/ISS.csv
7,1,20,17388314.544009667,5411325.0,11976989.54400971,4053750.0,905625.0,451950.0,11844169.904369408,100752.66378267453,32066.975857602396,0.2040451683998108,0.004909542215327078,5:1,CTV|5:1,CTV|5|Apr:1;CTV|5|Aug:1;CTV|5|Jul:1;CTV|5|Jun:1;CTV|5|Mar:1;CTV|5|May:1;CTV|5|Sep:1;SOV|5|Dec:1;SOV|5|Feb:1;SOV|5|Jan:1;SOV|5|Nov:1;SOV|5|Oct:1,SOV1|5|Dec:1;SOV1|5|Feb:1;SOV1|5|Jan:1;SOV1|5|Nov:1;SOV1|5|Oct:1,27aa1acfa7197c4d,200,1-500,501-1500,results/stability/1W1B/con_mp/ISS.csv
10,5,1;3;4;13;14,17253413.69465378,6618825.0,10634588.69465381,5261250.0,905625.0,451950.0,10514629.275050344,77282.17664196476,42677.24296146964,0.22314471554756166,0.004296452828549366,5:1,CTV|5:1,CTV|5|Apr:1;CTV|5|Aug:1;CTV|5|Jul:1;CTV|5|Jun:1;CTV|5|May:1;SOV|5|Dec:1;SOV|5|Feb:1;SOV|5|Jan:1;SOV|5|Mar:1;SOV|5|Nov:1;SOV|5|Oct:1;SOV|5|Sep:1,SOV1|5|Dec:1;SOV1|5|Feb:1;SOV1|5|Jan:1;SOV1|5|Mar:1;SOV1|5|Nov:1;SOV1|5|Oct:1;SOV1|5|Sep:1,27aa1acfa7197c4d,200,1-500,501-1500,results/stability/1W1B/con_mp/ISS.csv
10,1,2,17293541.869068798,6069125.0,11224416.869068846,5692500.0,0.0,376625.0,11098459.785793085,89025.91676856662,36931.166507160735,0.21316116642951966,0.00450051964697454,5:1,nan,CTV|5|Apr:2;CTV|5|Aug:2;CTV|5|Dec:1;CTV|5|Feb:1;CTV|5|Jan:1;CTV|5|Jul:2;CTV|5|Jun:2;CTV|5|Mar:2;CTV|5|May:2;CTV|5|Nov:1;CTV|5|Oct:1;CTV|5|Sep:1;SOV|5|Dec:1;SOV|5|Feb:1;SOV|5|Jan:1;SOV|5|Nov:1;SOV|5|Oct:1;SOV|5|Sep:1,SOV1|5|Dec:1;SOV1|5|Feb:1;SOV1|5|Jan:1;SOV1|5|Nov:1;SOV1|5|Oct:1;SOV1|5|Sep:1,27aa1acfa7197c4d,200,1-500,501-1500,results/stability/1W1B/con_mp/ISS.csv
10,2,5;19,17239485.996089797,6015075.0,11224410.996089846,4657500.0,905625.0,451950.0,11098453.912814083,89025.91676856662,36931.166507160735,0.21379852318763734,0.004515470816241452,5:1,CTV|5:1,CTV|5|Apr:1;CTV|5|Aug:1;CTV|5|Jul:1;CTV|5|Jun:1;CTV|5|Mar:1;CTV|5|May:1;SOV|5|Dec:1;SOV|5|Feb:1;SOV|5|Jan:1;SOV|5|Nov:1;SOV|5|Oct:1;SOV|5|Sep:1,SOV1|5|Dec:1;SOV1|5|Feb:1;SOV1|5|Jan:1;SOV1|5|Nov:1;SOV1|5|Oct:1;SOV1|5|Sep:1,27aa1acfa7197c4d,200,1-500,501-1500,results/stability/1W1B/con_mp/ISS.csv
10,1,6,17307463.69465378,6672875.0,10634588.69465381,6296250.0,0.0,376625.0,10514629.275050344,77282.17664196476,42677.24296146964,0.22319093346595764,0.004282412432385804,5:1,nan,CTV|5|Apr:2;CTV|5|Aug:2;CTV|5|Dec:1;CTV|5|Feb:1;CTV|5|Jan:1;CTV|5|Jul:2;CTV|5|Jun:2;CTV|5|Mar:1;CTV|5|May:2;CTV|5|Nov:1;CTV|5|Oct:1;CTV|5|Sep:1;SOV|5|Dec:1;SOV|5|Feb:1;SOV|5|Jan:1;SOV|5|Mar:1;SOV|5|Nov:1;SOV|5|Oct:1;SOV|5|Sep:1,SOV1|5|Dec:1;SOV1|5|Feb:1;SOV1|5|Jan:1;SOV1|5|Mar:1;SOV1|5|Nov:1;SOV1|5|Oct:1;SOV1|5|Sep:1,27aa1acfa7197c4d,200,1-500,501-1500,results/stability/1W1B/con_mp/ISS.csv
10,1,7,17364116.092838623,6780400.0,10583716.092838643,5347500.0,905625.0,527275.0,10462738.76148222,77867.93922562977,43109.39213074863,0.21656617283821106,0.004425716201363851,5:1,CTV|5:1,CTV|5|Apr:1;CTV|5|Aug:1;CTV|5|Dec:1;CTV|5|Jul:1;CTV|5|Jun:1;CTV|5|May:1;SOV|5|Dec:1;SOV|5|Feb:1;SOV|5|Jan:1;SOV|5|Mar:1;SOV|5|Nov:1;SOV|5|Oct:1;SOV|5|Sep:1,SOV1|5|Dec:1;SOV1|5|Feb:1;SOV1|5|Jan:1;SOV1|5|Mar:1;SOV1|5|Nov:1;SOV1|5|Oct:1;SOV1|5|Sep:1,27aa1acfa7197c4d,200,1-500,501-1500,results/stability/1W1B/con_mp/ISS.csv
10,2,8;9,17388314.544009667,5411325.0,11976989.54400971,4053750.0,905625.0,451950.0,11844169.904369408,100752.66378267453,32066.975857602396,0.2040451683998108,0.004909542215327078,5:1,CTV|5:1,CTV|5|Apr:1;CTV|5|Aug:1;CTV|5|Jul:1;CTV|5|Jun:1;CTV|5|Mar:1;CTV|5|May:1;CTV|5|Sep:1;SOV|5|Dec:1;SOV|5|Feb:1;SOV|5|Jan:1;SOV|5|Nov:1;SOV|5|Oct:1,SOV1|5|Dec:1;SOV1|5|Feb:1;SOV1|5|Jan:1;SOV1|5|Nov:1;SOV1|5|Oct:1,27aa1acfa7197c4d,200,1-500,501-1500,results/stability/1W1B/con_mp/ISS.csv
10,2,10;20,17329693.86650168,6176650.0,11153043.866501706,4743750.0,905625.0,527275.0,11026623.552059982,89411.2605842712,37009.053857437786,0.21158826398849487,0.00450833022755644,5:1,CTV|5:1,CTV|5|Apr:1;CTV|5|Aug:1;CTV|5|Jul:1;CTV|5|Jun:1;CTV|5|Mar:2;CTV|5|May:1;SOV|5|Dec:1;SOV|5|Feb:1;SOV|5|Jan:1;SOV|5|Nov:1;SOV|5|Oct:1;SOV|5|Sep:1,SOV1|5|Dec:1;SOV1|5|Feb:1;SOV1|5|Jan:1;SOV1|5|Nov:1;SOV1|5|Oct:1;SOV1|5|Sep:1,27aa1acfa7197c4d,200,1-500,501-1500,results/stability/1W1B/con_mp/ISS.csv
10,2,11;17,17291512.237520374,5842575.0,11448937.237520395,4485000.0,905625.0,451950.0,11326620.759746306,86330.00945091352,35986.46832315555,0.22243285608291627,0.004615853806604391,5:1,CTV|5:1,CTV|5|Apr:1;CTV|5|Jun:1;CTV|5|Mar:1;CTV|5|May:1;SOV|5|Dec:1;SOV|5|Feb:1;SOV|5|Jan:1;SOV|5|Nov:1;SOV|5|Oct:1;SOV|5|Sep:1,SOV1|5|Dec:1;SOV1|5|Feb:1;SOV1|5|Jan:1;SOV1|5|Nov:1;SOV1|5|Oct:1;SOV1|5|Sep:1,27aa1acfa7197c4d,200,1-500,501-1500,results/stability/1W1B/con_mp/ISS.csv
10,1,12,17370358.1169036,6262900.0,11107458.116903627,4830000.0,905625.0,527275.0,10979302.154588629,90244.92269139868,37911.03962354913,0.2091994116306305,0.004593287462111519,5:1,CTV|5:1,CTV|5|Apr:1;CTV|5|Aug:1;CTV|5|Dec:1;CTV|5|Jan:1;CTV|5|Jul:1;CTV|5|Jun:1;CTV|5|Mar:1;CTV|5|May:1;SOV|5|Dec:1;SOV|5|Feb:1;SOV|5|Jan:1;SOV|5|Nov:1;SOV|5|Oct:1;SOV|5|Sep:1,SOV1|5|Dec:1;SOV1|5|Feb:1;SOV1|5|Jan:1;SOV1|5|Nov:1;SOV1|5|Oct:1;SOV1|5|Sep:1,27aa1acfa7197c4d,200,1-500,501-1500,results/stability/1W1B/con_mp/ISS.csv
10,1,15,17423715.094863877,6262900.0,11160815.094863903,4830000.0,905625.0,527275.0,11033852.43267441,89662.15889229158,37300.503297184085,0.2061694905757904,0.0045403987316236525,5:1,CTV|5:1,CTV|5|Apr:1;CTV|5|Aug:1;CTV|5|Dec:1;CTV|5|Jul:1;CTV|5|Jun:1;CTV|5|Mar:1;CTV|5|May:1;CTV|5|Sep:1;SOV|5|Dec:1;SOV|5|Feb:1;SOV|5|Jan:1;SOV|5|Nov:1;SOV|5|Oct:1;SOV|5|Sep:1,SOV1|5|Dec:1;SOV1|5|Feb:1;SOV1|5|Jan:1;SOV1|5|Nov:1;SOV1|5|Oct:1;SOV1|5|Sep:1,27aa1acfa7197c4d,200,1-500,501-1500,results/stability/1W1B/con_mp/ISS.csv
10,1,16,17315806.807580438,6101325.0,11214481.807580484,4743750.0,905625.0,451950.0,11088058.170161258,89354.28367766895,37069.353741523206,0.21066462373733522,0.004579229305364837,5:1,CTV|5:1,CTV|5|Apr:1;CTV|5|Aug:1;CTV|5|Jul:1;CTV|5|Jun:1;CTV|5|Mar:1;CTV|5|May:1;CTV|5|Sep:1;SOV|5|Dec:1;SOV|5|Feb:1;SOV|5|Jan:1;SOV|5|Nov:1;SOV|5|Oct:1;SOV|5|Sep:1,SOV1|5|Dec:1;SOV1|5|Feb:1;SOV1|5|Jan:1;SOV1|5|Nov:1;SOV1|5|Oct:1;SOV1|5|Sep:1,27aa1acfa7197c4d,200,1-500,501-1500,results/stability/1W1B/con_mp/ISS.csv
10,1,18,17398485.741540514,6015075.0,11383410.741540523,4657500.0,905625.0,451950.0,11257473.852782385,88578.5980719965,37358.290686099244,0.21282337546348573,0.004535763526982423,5:1,CTV|5:1,CTV|5|Apr:1;CTV|5|Aug:1;CTV|5|Jul:1;CTV|5|Jun:1;CTV|5|May:1;CTV|5|Sep:1;SOV|5|Dec:1;SOV|5|Feb:1;SOV|5|Jan:1;SOV|5|Mar:1;SOV|5|Nov:1;SOV|5|Oct:1,SOV1|5|Dec:1;SOV1|5|Feb:1;SOV1|5|Jan:1;SOV1|5|Mar:1;SOV1|5|Nov:1;SOV1|5|Oct:1,27aa1acfa7197c4d,200,1-500,501-1500,results/stability/1W1B/con_mp/ISS.csv
15,2,1;11,17293541.869068798,6069125.0,11224416.869068846,5692500.0,0.0,376625.0,11098459.785793085,89025.91676856662,36931.166507160735,0.21316116642951966,0.00450051964697454,5:1,nan,CTV|5|Apr:2;CTV|5|Aug:2;CTV|5|Dec:1;CTV|5|Feb:1;CTV|5|Jan:1;CTV|5|Jul:2;CTV|5|Jun:2;CTV|5|Mar:2;CTV|5|May:2;CTV|5|Nov:1;CTV|5|Oct:1;CTV|5|Sep:1;SOV|5|Dec:1;SOV|5|Feb:1;SOV|5|Jan:1;SOV|5|Nov:1;SOV|5|Oct:1;SOV|5|Sep:1,SOV1|5|Dec:1;SOV1|5|Feb:1;SOV1|5|Jan:1;SOV1|5|Nov:1;SOV1|5|Oct:1;SOV1|5|Sep:1,27aa1acfa7197c4d,200,1-500,501-1500,results/stability/1W1B/con_mp/ISS.csv
15,1,2,17518103.709309645,5659150.0,11858953.709309679,4226250.0,905625.0,527275.0,11724291.951436281,101783.24607577805,32878.51179758558,0.1997855017185211,0.004906984101458145,5:1,CTV|5:1,CTV|5|Apr:1;CTV|5|Aug:1;CTV|5|Dec:1;CTV|5|Jan:1;CTV|5|Jul:1;CTV|5|Jun:1;CTV|5|Mar:1;CTV|5|May:1;CTV|5|Sep:1;SOV|5|Dec:1;SOV|5|Feb:1;SOV|5|Jan:1;SOV|5|Nov:1;SOV|5|Oct:1,SOV1|5|Dec:1;SOV1|5|Feb:1;SOV1|5|Jan:1;SOV1|5|Nov:1;SOV1|5|Oct:1,27aa1acfa7197c4d,200,1-500,501-1500,results/stability/1W1B/con_mp/ISS.csv
15,1,3,17551397.38472134,6618825.0,10932572.384721374,5261250.0,905625.0,451950.0,10814305.265695456,76331.06213964846,41936.05688625272,0.22194454908370972,0.004326244868941156,5:1,CTV|5:1,CTV|5|Apr:1;CTV|5|Jul:1;CTV|5|Jun:1;CTV|5|Mar:1;CTV|5|May:1;SOV|5|Aug:1;SOV|5|Dec:1;SOV|5|Feb:1;SOV|5|Jan:1;SOV|5|Nov:1;SOV|5|Oct:1;SOV|5|Sep:1,SOV1|5|Aug:1;SOV1|5|Dec:1;SOV1|5|Feb:1;SOV1|5|Jan:1;SOV1|5|Nov:1;SOV1|5|Oct:1;SOV1|5|Sep:1,27aa1acfa7197c4d,200,1-500,501-1500,results/stability/1W1B/con_mp/ISS.csv
15,5,4;13;15;18;19,17239485.996089797,6015075.0,11224410.996089846,4657500.0,905625.0,451950.0,11098453.912814083,89025.91676856662,36931.166507160735,0.21379852318763734,0.004515470816241452,5:1,CTV|5:1,CTV|5|Apr:1;CTV|5|Aug:1;CTV|5|Jul:1;CTV|5|Jun:1;CTV|5|Mar:1;CTV|5|May:1;SOV|5|Dec:1;SOV|5|Feb:1;SOV|5|Jan:1;SOV|5|Nov:1;SOV|5|Oct:1;SOV|5|Sep:1,SOV1|5|Dec:1;SOV1|5|Feb:1;SOV1|5|Jan:1;SOV1|5|Nov:1;SOV1|5|Oct:1;SOV1|5|Sep:1,27aa1acfa7197c4d,200,1-500,501-1500,results/stability/1W1B/con_mp/ISS.csv
15,1,5,17416416.340659313,6446325.0,10970091.34065932,5088750.0,905625.0,451950.0,10854740.512600003,74060.4824318068,41290.34562750446,0.2313615062236786,0.004334605726966201,5:1,CTV|5:1,CTV|5|Jul:1;CTV|5|Jun:1;CTV|5|May:1;SOV|5|Dec:1;SOV|5|Feb:1;SOV|5|Jan:1;SOV|5|Mar:1;SOV|5|Nov:1;SOV|5|Oct:1;SOV|5|Sep:1,SOV1|5|Dec:1;SOV1|5|Feb:1;SOV1|5|Jan:1;SOV1|5|Mar:1;SOV1|5|Nov:1;SOV1|5|Oct:1;SOV1|5|Sep:1,27aa1acfa7197c4d,200,1-500,501-1500,results/stability/1W1B/con_mp/ISS.csv
15,3,6;16;17,17253413.69465378,6618825.0,10634588.69465381,5261250.0,905625.0,451950.0,10514629.275050344,77282.17664196476,42677.24296146964,0.22314471554756166,0.004296452828549366,5:1,CTV|5:1,CTV|5|Apr:1;CTV|5|Aug:1;CTV|5|Jul:1;CTV|5|Jun:1;CTV|5|May:1;SOV|5|Dec:1;SOV|5|Feb:1;SOV|5|Jan:1;SOV|5|Mar:1;SOV|5|Nov:1;SOV|5|Oct:1;SOV|5|Sep:1,SOV1|5|Dec:1;SOV1|5|Feb:1;SOV1|5|Jan:1;SOV1|5|Mar:1;SOV1|5|Nov:1;SOV1|5|Oct:1;SOV1|5|Sep:1,27aa1acfa7197c4d,200,1-500,501-1500,results/stability/1W1B/con_mp/ISS.csv
15,1,7,17307463.69465378,6672875.0,10634588.69465381,6296250.0,0.0,376625.0,10514629.275050344,77282.17664196476,42677.24296146964,0.22319093346595764,0.004282412432385804,5:1,nan,CTV|5|Apr:2;CTV|5|Aug:2;CTV|5|Dec:1;CTV|5|Feb:1;CTV|5|Jan:1;CTV|5|Jul:2;CTV|5|Jun:2;CTV|5|Mar:1;CTV|5|May:2;CTV|5|Nov:1;CTV|5|Oct:1;CTV|5|Sep:1;SOV|5|Dec:1;SOV|5|Feb:1;SOV|5|Jan:1;SOV|5|Mar:1;SOV|5|Nov:1;SOV|5|Oct:1;SOV|5|Sep:1,SOV1|5|Dec:1;SOV1|5|Feb:1;SOV1|5|Jan:1;SOV1|5|Mar:1;SOV1|5|Nov:1;SOV1|5|Oct:1;SOV1|5|Sep:1,27aa1acfa7197c4d,200,1-500,501-1500,results/stability/1W1B/con_mp/ISS.csv
15,1,8,17291512.237520374,5842575.0,11448937.237520395,4485000.0,905625.0,451950.0,11326620.759746306,86330.00945091352,35986.46832315555,0.22243285608291627,0.004615853806604391,5:1,CTV|5:1,CTV|5|Apr:1;CTV|5|Jun:1;CTV|5|Mar:1;CTV|5|May:1;SOV|5|Dec:1;SOV|5|Feb:1;SOV|5|Jan:1;SOV|5|Nov:1;SOV|5|Oct:1;SOV|5|Sep:1,SOV1|5|Dec:1;SOV1|5|Feb:1;SOV1|5|Jan:1;SOV1|5|Nov:1;SOV1|5|Oct:1;SOV1|5|Sep:1,27aa1acfa7197c4d,200,1-500,501-1500,results/stability/1W1B/con_mp/ISS.csv
15,1,9,17436278.838595297,6090400.0,11345878.83859536,4657500.0,905625.0,527275.0,11222018.64866777,87624.9845825485,36235.20534500798,0.21806720447540284,0.004669620379272587,5:1,CTV|5:1,CTV|5|Apr:1;CTV|5|Aug:1;CTV|5|Jul:1;CTV|5|Mar:1;CTV|5|May:1;CTV|5|Sep:1;SOV|5|Dec:1;SOV|5|Feb:1;SOV|5|Jan:1;SOV|5|Nov:1;SOV|5|Oct:1;SOV|5|Sep:1,SOV1|5|Dec:1;SOV1|5|Feb:1;SOV1|5|Jan:1;SOV1|5|Nov:1;SOV1|5|Oct:1;SOV1|5|Sep:1,27aa1acfa7197c4d,200,1-500,501-1500,results/stability/1W1B/con_mp/ISS.csv
15,1,10,17413739.233000584,6327875.0,11085864.233000612,5951250.0,0.0,376625.0,10957326.452467965,90538.80357808388,37998.97695450707,0.20756544518470765,0.004548605979595816,5:1,nan,CTV|5|Apr:2;CTV|5|Aug:2;CTV|5|Dec:2;CTV|5|Feb:2;CTV|5|Jan:2;CTV|5|Jul:2;CTV|5|Jun:2;CTV|5|Mar:2;CTV|5|May:2;CTV|5|Nov:1;CTV|5|Oct:1;CTV|5|Sep:1;SOV|5|Dec:1;SOV|5|Feb:1;SOV|5|Jan:1;SOV|5|Nov:1;SOV|5|Oct:1;SOV|5|Sep:1,SOV1|5|Dec:1;SOV1|5|Feb:1;SOV1|5|Jan:1;SOV1|5|Nov:1;SOV1|5|Oct:1;SOV1|5|Sep:1,27aa1acfa7197c4d,200,1-500,501-1500,results/stability/1W1B/con_mp/ISS.csv
15,2,12;20,17398485.741540514,6015075.0,11383410.741540523,4657500.0,905625.0,451950.0,11257473.852782385,88578.5980719965,37358.290686099244,0.21282337546348573,0.004535763526982423,5:1,CTV|5:1,CTV|5|Apr:1;CTV|5|Aug:1;CTV|5|Jul:1;CTV|5|Jun:1;CTV|5|May:1;CTV|5|Sep:1;SOV|5|Dec:1;SOV|5|Feb:1;SOV|5|Jan:1;SOV|5|Mar:1;SOV|5|Nov:1;SOV|5|Oct:1,SOV1|5|Dec:1;SOV1|5|Feb:1;SOV1|5|Jan:1;SOV1|5|Mar:1;SOV1|5|Nov:1;SOV1|5|Oct:1,27aa1acfa7197c4d,200,1-500,501-1500,results/stability/1W1B/con_mp/ISS.csv
15,1,14,17824973.494692825,7265125.0,10559848.494692832,5606250.0,905625.0,753250.0,10437571.190230526,78517.17608243947,43760.12837983738,0.21809771513938903,0.004270420110430293,5:1,CTV|5:1,CTV|5|Apr:1;CTV|5|Aug:1;CTV|5|Dec:4;CTV|5|Jul:1;CTV|5|Jun:1;CTV|5|May:1;SOV|5|Dec:1;SOV|5|Feb:1;SOV|5|Jan:1;SOV|5|Mar:1;SOV|5|Nov:1;SOV|5|Oct:1;SOV|5|Sep:1,SOV1|5|Dec:1;SOV1|5|Feb:1;SOV1|5|Jan:1;SOV1|5|Mar:1;SOV1|5|Nov:1;SOV1|5|Oct:1;SOV1|5|Sep:1,27aa1acfa7197c4d,200,1-500,501-1500,results/stability/1W1B/con_mp/ISS.csv
20,6,1;5;6;7;12;14,17253413.69465378,6618825.0,10634588.69465381,5261250.0,905625.0,451950.0,10514629.275050344,77282.17664196476,42677.24296146964,0.22314471554756166,0.004296452828549366,5:1,CTV|5:1,CTV|5|Apr:1;CTV|5|Aug:1;CTV|5|Jul:1;CTV|5|Jun:1;CTV|5|May:1;SOV|5|Dec:1;SOV|5|Feb:1;SOV|5|Jan:1;SOV|5|Mar:1;SOV|5|Nov:1;SOV|5|Oct:1;SOV|5|Sep:1,SOV1|5|Dec:1;SOV1|5|Feb:1;SOV1|5|Jan:1;SOV1|5|Mar:1;SOV1|5|Nov:1;SOV1|5|Oct:1;SOV1|5|Sep:1,27aa1acfa7197c4d,200,1-500,501-1500,results/stability/1W1B/con_mp/ISS.csv
20,1,2,17348776.009721074,6176650.0,11172126.009721115,4743750.0,905625.0,527275.0,11045265.225158352,89545.20629452907,37315.57826820542,0.20809648847579956,0.004544678918074837,5:1,CTV|5:1,CTV|5|Apr:1;CTV|5|Aug:1;CTV|5|Dec:1;CTV|5|Jul:1;CTV|5|Jun:1;CTV|5|Mar:1;CTV|5|May:1;SOV|5|Dec:1;SOV|5|Feb:1;SOV|5|Jan:1;SOV|5|Nov:1;SOV|5|Oct:1;SOV|5|Sep:1,SOV1|5|Dec:1;SOV1|5|Feb:1;SOV1|5|Jan:1;SOV1|5|Nov:1;SOV1|5|Oct:1;SOV1|5|Sep:1,27aa1acfa7197c4d,200,1-500,501-1500,results/stability/1W1B/con_mp/ISS.csv
20,1,3,17612534.32005637,7276625.0,10335909.320056414,6900000.0,0.0,376625.0,10224494.639874164,64219.970904687914,47194.70927753582,0.23002803921699524,0.003692704873106308,5:1,nan,CTV|5|Apr:2;CTV|5|Aug:1;CTV|5|Dec:1;CTV|5|Feb:1;CTV|5|Jan:1;CTV|5|Jul:2;CTV|5|Jun:2;CTV|5|Mar:1;CTV|5|May:2;CTV|5|Nov:1;CTV|5|Oct:1;CTV|5|Sep:1;SOV|5|Aug:1;SOV|5|Dec:1;SOV|5|Feb:1;SOV|5|Jan:1;SOV|5|Mar:1;SOV|5|Nov:1;SOV|5|Oct:1;SOV|5|Sep:1,SOV1|5|Aug:1;SOV1|5|Dec:1;SOV1|5|Feb:1;SOV1|5|Jan:1;SOV1|5|Mar:1;SOV1|5|Nov:1;SOV1|5|Oct:1;SOV1|5|Sep:1,27aa1acfa7197c4d,200,1-500,501-1500,results/stability/1W1B/con_mp/ISS.csv
20,1,4,17383338.84372722,6866650.0,10516688.843727253,5433750.0,905625.0,527275.0,10395132.773967205,78265.7779769928,43290.29178300495,0.2178620445728302,0.004345158772150861,5:1,CTV|5:1,CTV|5|Apr:1;CTV|5|Aug:1;CTV|5|Dec:1;CTV|5|Jan:1;CTV|5|Jul:1;CTV|5|Jun:1;CTV|5|May:1;SOV|5|Dec:1;SOV|5|Feb:1;SOV|5|Jan:1;SOV|5|Mar:1;SOV|5|Nov:1;SOV|5|Oct:1;SOV|5|Sep:1,SOV1|5|Dec:1;SOV1|5|Feb:1;SOV1|5|Jan:1;SOV1|5|Mar:1;SOV1|5|Nov:1;SOV1|5|Oct:1;SOV1|5|Sep:1,27aa1acfa7197c4d,200,1-500,501-1500,results/stability/1W1B/con_mp/ISS.csv
20,1,8,17388314.544009667,5411325.0,11976989.54400971,4053750.0,905625.0,451950.0,11844169.904369408,100752.66378267453,32066.975857602396,0.2040451683998108,0.004909542215327078,5:1,CTV|5:1,CTV|5|Apr:1;CTV|5|Aug:1;CTV|5|Jul:1;CTV|5|Jun:1;CTV|5|Mar:1;CTV|5|May:1;CTV|5|Sep:1;SOV|5|Dec:1;SOV|5|Feb:1;SOV|5|Jan:1;SOV|5|Nov:1;SOV|5|Oct:1,SOV1|5|Dec:1;SOV1|5|Feb:1;SOV1|5|Jan:1;SOV1|5|Nov:1;SOV1|5|Oct:1,27aa1acfa7197c4d,200,1-500,501-1500,results/stability/1W1B/con_mp/ISS.csv
20,1,9,17481251.56863961,6176650.0,11304601.568639657,4743750.0,905625.0,527275.0,11178037.420603452,89017.42021231898,37546.72782386622,0.21179860925674437,0.004496103714133667,5:1,CTV|5:1,CTV|5|Apr:1;CTV|5|Aug:1;CTV|5|Jul:1;CTV|5|Jun:1;CTV|5|May:1;CTV|5|Sep:2;SOV|5|Dec:1;SOV|5|Feb:1;SOV|5|Jan:1;SOV|5|Mar:1;SOV|5|Nov:1;SOV|5|Oct:1,SOV1|5|Dec:1;SOV1|5|Feb:1;SOV1|5|Jan:1;SOV1|5|Mar:1;SOV1|5|Nov:1;SOV1|5|Oct:1,27aa1acfa7197c4d,200,1-500,501-1500,results/stability/1W1B/con_mp/ISS.csv
20,1,10,17398485.741540514,6015075.0,11383410.741540523,4657500.0,905625.0,451950.0,11257473.852782385,88578.5980719965,37358.290686099244,0.21282337546348573,0.004535763526982423,5:1,CTV|5:1,CTV|5|Apr:1;CTV|5|Aug:1;CTV|5|Jul:1;CTV|5|Jun:1;CTV|5|May:1;CTV|5|Sep:1;SOV|5|Dec:1;SOV|5|Feb:1;SOV|5|Jan:1;SOV|5|Mar:1;SOV|5|Nov:1;SOV|5|Oct:1,SOV1|5|Dec:1;SOV1|5|Feb:1;SOV1|5|Jan:1;SOV1|5|Mar:1;SOV1|5|Nov:1;SOV1|5|Oct:1,27aa1acfa7197c4d,200,1-500,501-1500,results/stability/1W1B/con_mp/ISS.csv
20,1,11,17669065.76358983,7384150.0,10284915.76358986,5951250.0,905625.0,527275.0,10172021.277784497,65066.62774490011,47827.85806043293,0.22518351793289185,0.003857926042692131,5:1,CTV|5:1,CTV|5|Apr:1;CTV|5|Dec:1;CTV|5|Jul:1;CTV|5|Jun:1;CTV|5|May:1;SOV|5|Aug:1;SOV|5|Dec:1;SOV|5|Feb:1;SOV|5|Jan:1;SOV|5|Mar:1;SOV|5|Nov:1;SOV|5|Oct:1;SOV|5|Sep:1,SOV1|5|Aug:1;SOV1|5|Dec:1;SOV1|5|Feb:1;SOV1|5|Jan:1;SOV1|5|Mar:1;SOV1|5|Nov:1;SOV1|5|Oct:1;SOV1|5|Sep:1,27aa1acfa7197c4d,200,1-500,501-1500,results/stability/1W1B/con_mp/ISS.csv
20,1,13,17330154.90918354,6705075.0,10625079.909183575,5347500.0,905625.0,451950.0,10504628.12157497,77483.09520735157,42968.69240121593,0.21955623054504395,0.004287861024173988,5:1,CTV|5:1,CTV|5|Apr:1;CTV|5|Aug:1;CTV|5|Jul:1;CTV|5|Jun:1;CTV|5|Mar:1;CTV|5|May:1;SOV|5|Dec:1;SOV|5|Feb:1;SOV|5|Jan:1;SOV|5|Mar:1;SOV|5|Nov:1;SOV|5|Oct:1;SOV|5|Sep:1,SOV1|5|Dec:1;SOV1|5|Feb:1;SOV1|5|Jan:1;SOV1|5|Mar:1;SOV1|5|Nov:1;SOV1|5|Oct:1;SOV1|5|Sep:1,27aa1acfa7197c4d,200,1-500,501-1500,results/stability/1W1B/con_mp/ISS.csv
20,1,15,17568066.866687965,7222575.0,10345491.866687983,5865000.0,905625.0,451950.0,10232355.289815735,64994.656915507774,48141.91995671128,0.23078186774253845,0.003980585691750449,5:1,CTV|5:1,CTV|5|Aug:1;CTV|5|Jul:1;CTV|5|Jun:1;CTV|5|May:1;SOV|5|Apr:1;SOV|5|Dec:1;SOV|5|Feb:1;SOV|5|Jan:1;SOV|5|Mar:1;SOV|5|Nov:1;SOV|5|Oct:1;SOV|5|Sep:1,SOV1|5|Apr:1;SOV1|5|Dec:1;SOV1|5|Feb:1;SOV1|5|Jan:1;SOV1|5|Mar:1;SOV1|5|Nov:1;SOV1|5|Oct:1;SOV1|5|Sep:1,27aa1acfa7197c4d,200,1-500,501-1500,results/stability/1W1B/con_mp/ISS.csv
20,3,16;18;19,17239485.996089797,6015075.0,11224410.996089846,4657500.0,905625.0,451950.0,11098453.912814083,89025.91676856662,36931.166507160735,0.21379852318763734,0.004515470816241452,5:1,CTV|5:1,CTV|5|Apr:1;CTV|5|Aug:1;CTV|5|Jul:1;CTV|5|Jun:1;CTV|5|Mar:1;CTV|5|May:1;SOV|5|Dec:1;SOV|5|Feb:1;SOV|5|Jan:1;SOV|5|Nov:1;SOV|5|Oct:1;SOV|5|Sep:1,SOV1|5|Dec:1;SOV1|5|Feb:1;SOV1|5|Jan:1;SOV1|5|Nov:1;SOV1|5|Oct:1;SOV1|5|Sep:1,27aa1acfa7197c4d,200,1-500,501-1500,results/stability/1W1B/con_mp/ISS.csv
20,2,17;20,17296800.56847998,5928825.0,11367975.568479996,4571250.0,905625.0,451950.0,11244323.969683696,87449.05588847843,36202.54290779504,0.2182656388282776,0.0047568959776209665,5:1,CTV|5:1,CTV|5|Apr:1;CTV|5|Jul:1;CTV|5|Jun:1;CTV|5|Mar:1;CTV|5|May:1;SOV|5|Dec:1;SOV|5|Feb:1;SOV|5|Jan:1;SOV|5|Nov:1;SOV|5|Oct:1;SOV|5|Sep:1,SOV1|5|Dec:1;SOV1|5|Feb:1;SOV1|5|Jan:1;SOV1|5|Nov:1;SOV1|5|Oct:1;SOV1|5|Sep:1,27aa1acfa7197c4d,200,1-500,501-1500,results/stability/1W1B/con_mp/ISS.csv
