coalition,coalition_size,method,bases,objective,standalone_cost,synergy,first_stage_cost,second_stage_cost,charter_cost_ST,charter_cost_LT,charter_cost_mob,downtime_cost,travel_cost_S,travel_cost_M,Con_total_runtime,Con_eta_runtime,Con_gamma_LT_runtime,Con_gamma_ST_runtime,Con_Master_runtime,runtime,MIPGap,has_solution,status,eta,gamma_LT,gamma_ST,alpha,scenarios,seed,node_id,num_nodes
B,1,con_mp,3;5;6;7,14997917.97706948,14997917.97706948,0.0,5842575.0,9155342.97706862,4485000.0,905625.0,451950.0,8987666.336090704,115418.94304866872,52257.69793017785,140.66149617359042,23.205035664141175,6.781714608892798,0.0394122898578643,97.44302701950072,97.44302701950072,0.0144528870872051,True,2,3:1,CTV|3:1,CTV|3|Apr:1;CTV|3|Jun:1;CTV|3|Mar:1;CTV|3|May:1;SOV|3|Dec:1;SOV|3|Feb:1;SOV|3|Jan:1;SOV|3|Nov:1;SOV|3|Oct:1;SOV|3|Sep:1,SOV1|3|Dec:1;SOV1|3|Feb:1;SOV1|3|Jan:1;SOV1|3|Nov:1;SOV1|3|Oct:1;SOV1|3|Sep:1,18;36;50;60;120;123;128;137;171;203;226;258;332;434;439,20,0,4
C,1,con_mp,3;5;6;7,16059990.907401884,16059990.907401884,0.0,7222575.0,8837415.907402445,5865000.0,905625.0,451950.0,8595209.9341474,141832.6619656714,100373.31128874909,97.10754144378006,24.69489086791873,4.795995021238923,0.0394746977835893,54.4378399848938,54.4378399848938,0.0193126754868933,True,2,3:1,CTV|3:1,CTV|3|Apr:1;CTV|3|Jul:1;CTV|3|Jun:1;CTV|3|May:1;SOV|3|Aug:1;SOV|3|Dec:1;SOV|3|Feb:1;SOV|3|Jan:1;SOV|3|Mar:1;SOV|3|Nov:1;SOV|3|Oct:1;SOV|3|Sep:1,SOV1|3|Aug:1;SOV1|3|Dec:1;SOV1|3|Feb:1;SOV1|3|Jan:1;SOV1|3|Mar:1;SOV1|3|Nov:1;SOV1|3|Oct:1;SOV1|3|Sep:1,18;36;50;60;120;123;128;137;171;203;226;258;332;434;439,20,1,4
D,1,con_mp,3;5;6;7,17319738.877077926,17319738.877077926,0.0,6618825.0,10700913.877079016,5261250.0,905625.0,451950.0,10587418.436648335,74803.01480820114,38692.425621489805,108.44202050380407,16.031322283670306,8.21207526512444,0.0404003523290157,69.59249877929688,69.59249877929688,0.0103596342386763,True,2,5:1,CTV|5:1,CTV|5|Apr:1;CTV|5|Aug:1;CTV|5|Jul:1;CTV|5|Jun:1;CTV|5|May:1;SOV|5|Dec:1;SOV|5|Feb:1;SOV|5|Jan:1;SOV|5|Mar:1;SOV|5|Nov:1;SOV|5|Oct:1;SOV|5|Sep:1,SOV1|5|Dec:1;SOV1|5|Feb:1;SOV1|5|Jan:1;SOV1|5|Mar:1;SOV1|5|Nov:1;SOV1|5|Oct:1;SOV1|5|Sep:1,18;36;50;60;120;123;128;137;171;203;226;258;332;434;439,20,2,4
E,1,con_mp,3;5;6;7,14912170.937111389,14912170.937111389,0.0,6672875.0,8239295.937111099,6296250.0,0.0,376625.0,7956261.009804032,181998.9059378695,101036.02136944295,164.81374054402113,18.872616548091173,5.814217079430819,0.0152473356574773,127.3196029663086,127.3196029663086,0.010826793252852,True,2,6:1,,CTV|6|Apr:2;CTV|6|Aug:2;CTV|6|Dec:1;CTV|6|Feb:1;CTV|6|Jan:1;CTV|6|Jul:2;CTV|6|Jun:2;CTV|6|Mar:1;CTV|6|May:2;CTV|6|Nov:1;CTV|6|Oct:1;CTV|6|Sep:1;SOV|6|Dec:1;SOV|6|Feb:1;SOV|6|Jan:1;SOV|6|Mar:1;SOV|6|Nov:1;SOV|6|Oct:1;SOV|6|Sep:1,SOV1|6|Dec:1;SOV1|6|Feb:1;SOV1|6|Jan:1;SOV1|6|Mar:1;SOV1|6|Nov:1;SOV1|6|Oct:1;SOV1|6|Sep:1,18;36;50;60;120;123;128;137;171;203;226;258;332;434;439,20,3,4
F,1,con_mp,3;5;6;7,10967190.055141749,10967190.055141749,0.0,4732250.0,6234940.055141336,3450000.0,905625.0,376625.0,6078250.880422254,114418.40435222672,42270.77036719999,118.24126497097312,18.322343157604337,3.275120368227362,0.040245946496725,82.33314299583435,82.33314299583435,0.0026393746557999,True,2,6:1,CTV|6:1,SOV|6|Dec:1;SOV|6|Feb:1;SOV|6|Jan:1;SOV|6|Nov:1;SOV|6|Oct:1,SOV1|6|Dec:1;SOV1|6|Feb:1;SOV1|6|Jan:1;SOV1|6|Nov:1;SOV1|6|Oct:1,18;36;50;60;120;123;128;137;171;203;226;258;332;434;439,20,0,4
G,1,con_mp,3;5;6;7,9117496.66784912,9117496.66784912,0.0,5422250.0,3695246.667849486,4140000.0,905625.0,376625.0,3481336.27159421,148944.52010841444,64965.87614649029,129.2445050291717,13.881611878052354,3.022793792188168,0.0408102069050073,99.70273089408876,99.70273089408876,0.0186109722739854,True,2,7:1,CTV|7:1,SOV|7|Dec:1;SOV|7|Feb:1;SOV|7|Jan:1;SOV|7|Mar:1;SOV|7|Nov:1;SOV|7|Oct:1,SOV1|7|Dec:1;SOV1|7|Feb:1;SOV1|7|Jan:1;SOV1|7|Mar:1;SOV1|7|Nov:1;SOV1|7|Oct:1,18;36;50;60;120;123;128;137;171;203;226;258;332;434;439,20,1,4
BC,2,con_mp,3;5;6;7,28624726.73971686,31057908.884471364,0.08500280777802005,9281075.0,19343651.73971905,6641250.0,1811250.0,828575.0,18860936.70341055,333848.220857154,148866.81544914874,528.9595043547451,37.382484029978514,26.5763784814626,0.0382042434066534,447.1991159915924,447.1991159915924,0.0186186576383051,True,2,3:1,CTV|3:2,CTV|3|Apr:1;CTV|3|Aug:1;CTV|3|Jul:1;CTV|3|Jun:1;CTV|3|May:1;SOV|3|Apr:1;SOV|3|Dec:1;SOV|3|Feb:2;SOV|3|Jan:1;SOV|3|Mar:1;SOV|3|Nov:1;SOV|3|Oct:1;SOV|3|Sep:1,SOV1|3|Apr:1;SOV1|3|Dec:1;SOV1|3|Feb:1;SOV1|3|Jan:1;SOV1|3|Mar:1;SOV1|3|Nov:1;SOV1|3|Oct:1;SOV1|3|Sep:1;SOV2|3|Feb:1,18;36;50;60;120;123;128;137;171;203;226;258;332;434;439,20,2,4
BD,2,con_mp,3;5;6;7,30532747.32606209,32317656.854147404,0.05845885760046734,10833575.0,19699172.3260576,948750.0,9056250.0,828575.0,19199747.777802262,192979.59487588465,306444.9533837754,442.6988818906248,86.67282038554549,24.7336785774678,0.0386276226490736,311.89173102378845,311.89173102378845,0.006794996993494,True,2,5:1,CTV|5:2;SOV|5:1,CTV|5|Dec:1;CTV|5|Jan:1;CTV|5|Nov:1;SOV|5|Feb:1,SOV1|5|Apr:1;SOV1|5|Aug:1;SOV1|5|Dec:1;SOV1|5|Feb:1;SOV1|5|Jan:1;SOV1|5|Jul:1;SOV1|5|Jun:1;SOV1|5|Mar:1;SOV1|5|May:1;SOV1|5|Nov:1;SOV1|5|Oct:1;SOV1|5|Sep:1;SOV2|5|Feb:1,18;36;50;60;120;123;128;137;171;203;226;258;332;434;439,20,3,4
BE,2,con_mp,3;5;6;7,28551916.837148093,29910088.914180867,0.04756850773905643,9669775.0,18882141.837147985,86250.0,9056250.0,527275.0,17666399.546081934,568552.9460089479,647189.3450572388,479.5435272101313,179.02832845970988,24.40026844292879,0.0197087991982698,257.84918999671936,257.84918999671936,0.0155969713962585,True,2,5:1,CTV|5:2;SOV|5:1,CTV|5|Dec:1,SOV1|5|Apr:1;SOV1|5|Aug:1;SOV1|5|Dec:1;SOV1|5|Feb:1;SOV1|5|Jan:1;SOV1|5|Jul:1;SOV1|5|Jun:1;SOV1|5|Mar:1;SOV1|5|May:1;SOV1|5|Nov:1;SOV1|5|Oct:1;SOV1|5|Sep:1,18;36;50;60;120;123;128;137;171;203;226;258;332;434;439,20,0,4
BF,2,con_mp,3;5;6;7,25000063.039556112,25965108.03221123,0.038601702368837386,8775075.0,16224988.039558288,172500.0,8150625.0,451950.0,15129486.359526856,158463.98433033327,937037.6956989572,386.1084403507412,236.379545558244,5.681230675429106,0.0415515527129173,126.53885579109192,126.53885579109192,0.0120025091562987,True,2,6:1,CTV|6:1;SOV|6:1,CTV|6|Dec:1;CTV|6|Jan:1,SOV1|6|Apr:1;SOV1|6|Aug:1;SOV1|6|Dec:1;SOV1|6|Feb:1;SOV1|6|Jan:1;SOV1|6|Jul:1;SOV1|6|Jun:1;SOV1|6|Mar:1;SOV1|6|May:1;SOV1|6|Nov:1;SOV1|6|Oct:1;SOV1|6|Sep:1,18;36;50;60;120;123;128;137;171;203;226;258;332;434;439,20,1,4
BG,2,con_mp,3;5;6;7,23407065.652343128,24115414.6449186,0.030262186772845753,8527250.0,14879815.65234168,0.0,8150625.0,376625.0,13144355.773309002,233468.25084478437,1501991.6281893973,604.4491373151541,280.2248028255999,19.339343275874853,0.0397732686251401,286.6996729373932,286.6996729373932,0.0185917147912061,True,2,7:1,CTV|7:1;SOV|7:1,,SOV1|7|Apr:1;SOV1|7|Aug:1;SOV1|7|Dec:1;SOV1|7|Feb:1;SOV1|7|Jan:1;SOV1|7|Jul:1;SOV1|7|Jun:1;SOV1|7|Mar:1;SOV1|7|May:1;SOV1|7|Nov:1;SOV1|7|Oct:1;SOV1|7|Sep:1,18;36;50;60;120;123;128;137;171;203;226;258;332;434;439,20,2,4
CD,2,con_mp,3;5;6;7,32063298.738696795,33379729.78447981,0.04105725541565169,11512650.0,20550648.73869264,8797500.0,1811250.0,903900.0,20146186.292311247,264611.30246245774,139851.14392323958,537.824185365811,31.3998876940459,26.68241269700229,0.0410835351794958,461.9996449947357,461.9996449947357,0.0120374542591292,True,2,5:1,CTV|5:2,CTV|5|Apr:2;CTV|5|Jun:2;CTV|5|May:2;SOV|5|Aug:1;SOV|5|Dec:2;SOV|5|Feb:2;SOV|5|Jan:2;SOV|5|Mar:1;SOV|5|Nov:2;SOV|5|Oct:1;SOV|5|Sep:1,SOV1|5|Aug:1;SOV1|5|Dec:1;SOV1|5|Feb:1;SOV1|5|Jan:1;SOV1|5|Mar:1;SOV1|5|Nov:1;SOV1|5|Oct:1;SOV1|5|Sep:1;SOV2|5|Dec:1;SOV2|5|Feb:1;SOV2|5|Jan:1;SOV2|5|Nov:1,18;36;50;60;120;123;128;137;171;203;226;258;332;434;439,20,3,4
CE,2,con_mp,3;5;6;7,27649684.223975044,30972161.844513275,0.12016331158159523,9508200.0,18141484.223971236,0.0,9056250.0,451950.0,17182785.055663846,434093.95041694544,524605.217894028,450.9291994199157,119.39934012852608,26.93691652454436,0.0401141606271266,286.1520450115204,286.1520450115204,0.009049966872992,True,2,5:1,CTV|5:2;SOV|5:1,,SOV1|5|Apr:1;SOV1|5|Aug:1;SOV1|5|Dec:1;SOV1|5|Feb:1;SOV1|5|Jan:1;SOV1|5|Jul:1;SOV1|5|Jun:1;SOV1|5|Mar:1;SOV1|5|May:1;SOV1|5|Nov:1;SOV1|5|Oct:1;SOV1|5|Sep:1,18;36;50;60;120;123;128;137;171;203;226;258;332;434;439,20,0,4
CF,2,con_mp,3;5;6;7,25247578.896525227,27027180.962543633,0.07048604831821435,8947575.0,16300003.896528369,345000.0,8150625.0,451950.0,15310123.910296518,160916.52230638693,828963.4639222289,505.16002448275685,267.9135628119111,6.668511588126421,0.0407359190285205,212.47486901283264,212.47486901283264,0.0124091305073175,True,2,6:1,CTV|6:1;SOV|6:1,CTV|6|Dec:1;CTV|6|Jan:1;CTV|6|Nov:1;CTV|6|Oct:1,SOV1|6|Apr:1;SOV1|6|Aug:1;SOV1|6|Dec:1;SOV1|6|Feb:1;SOV1|6|Jan:1;SOV1|6|Jul:1;SOV1|6|Jun:1;SOV1|6|Mar:1;SOV1|6|May:1;SOV1|6|Nov:1;SOV1|6|Oct:1;SOV1|6|Sep:1,18;36;50;60;120;123;128;137;171;203;226;258;332;434;439,20,1,4
CG,2,con_mp,3;5;6;7,23527463.8129608,25177487.575251006,0.07013181596654891,8527250.0,15000213.812960591,0.0,8150625.0,376625.0,13357961.8851193,235817.94528996528,1406433.982551473,684.8328794203699,412.4037872198969,8.318064341321588,0.0399108864367008,246.69457006454468,246.69457006454468,0.0105195263637372,True,2,7:1,CTV|7:1;SOV|7:1,,SOV1|7|Apr:1;SOV1|7|Aug:1;SOV1|7|Dec:1;SOV1|7|Feb:1;SOV1|7|Jan:1;SOV1|7|Jul:1;SOV1|7|Jun:1;SOV1|7|Mar:1;SOV1|7|May:1;SOV1|7|Nov:1;SOV1|7|Oct:1;SOV1|7|Sep:1,18;36;50;60;120;123;128;137;171;203;226;258;332;434;439,20,2,4
DE,2,con_mp,3;5;6;7,29282425.94279592,32231909.814189315,0.10072539335215248,9508200.0,19774225.94278998,0.0,9056250.0,451950.0,19100754.01381843,252593.3565939599,420878.5723833148,322.90284514799714,92.25003940053284,24.736118810251355,0.0397647097706794,188.14606618881223,188.14606618881223,0.0099988870359613,True,2,5:1,CTV|5:2;SOV|5:1,,SOV1|5|Apr:1;SOV1|5|Aug:1;SOV1|5|Dec:1;SOV1|5|Feb:1;SOV1|5|Jan:1;SOV1|5|Jul:1;SOV1|5|Jun:1;SOV1|5|Mar:1;SOV1|5|May:1;SOV1|5|Nov:1;SOV1|5|Oct:1;SOV1|5|Sep:1,18;36;50;60;120;123;128;137;171;203;226;258;332;434;439,20,3,4
DF,2,con_mp,3;5;6;7,27442408.46424672,28286928.932219677,0.030774283863358357,8947575.0,18494833.464248423,345000.0,8150625.0,451950.0,17634480.996785168,201081.68028365535,659270.7871777287,466.7367020845413,265.07685104198754,5.279105452820659,0.0390200708061456,178.39695405960083,178.39695405960083,0.0139362592665319,True,2,6:1,CTV|6:1;SOV|6:1,CTV|6|Dec:1;CTV|6|Jan:1;CTV|6|Nov:1;CTV|6|Oct:1,SOV1|6|Apr:1;SOV1|6|Aug:1;SOV1|6|Dec:1;SOV1|6|Feb:1;SOV1|6|Jan:1;SOV1|6|Jul:1;SOV1|6|Jun:1;SOV1|6|Mar:1;SOV1|6|May:1;SOV1|6|Nov:1;SOV1|6|Oct:1;SOV1|6|Sep:1,18;36;50;60;120;123;128;137;171;203;226;258;332;434;439,20,0,4
DG,2,con_mp,3;5;6;7,26151107.5844536,26437235.544927046,0.010941332390966976,9195400.0,16955707.584455173,517500.0,8150625.0,527275.0,15361462.488534233,131846.56106728452,1462398.5348517597,862.6990896835923,397.9655817709863,10.314879273995755,0.0412436854094266,436.23377299308777,436.23377299308777,0.0157647266521921,True,2,5:1,CTV|5:1;SOV|5:1,CTV|5|Dec:2;CTV|5|Feb:1;CTV|5|Jan:1;CTV|5|Nov:2,SOV1|5|Apr:1;SOV1|5|Aug:1;SOV1|5|Dec:1;SOV1|5|Feb:1;SOV1|5|Jan:1;SOV1|5|Jul:1;SOV1|5|Jun:1;SOV1|5|Mar:1;SOV1|5|May:1;SOV1|5|Nov:1;SOV1|5|Oct:1;SOV1|5|Sep:1,18;36;50;60;120;123;128;137;171;203;226;258;332;434;439,20,1,4
EF,2,con_mp,3;5;6;7,24644051.53255845,25879360.99225314,0.05012607030392969,8936075.0,15707976.532560132,6296250.0,1811250.0,828575.0,15227095.738378448,327470.85687641974,153409.93730367743,461.1574222240597,30.401032377034426,12.43050565943122,0.0426982026547193,400.76234006881714,400.76234006881714,0.0152590346267031,True,2,6:1,CTV|6:2,CTV|6|Aug:1;SOV|6|Dec:1;SOV|6|Feb:2;SOV|6|Jan:2;SOV|6|Mar:1;SOV|6|Nov:1;SOV|6|Oct:1;SOV|6|Sep:1,SOV1|6|Dec:1;SOV1|6|Feb:1;SOV1|6|Jan:1;SOV1|6|Mar:1;SOV1|6|Nov:1;SOV1|6|Oct:1;SOV1|6|Sep:1;SOV2|6|Feb:1;SOV2|6|Jan:1,18;36;50;60;120;123;128;137;171;203;226;258;332;434;439,20,2,4
EG,2,con_mp,3;5;6;7,22383122.5148525,24029667.60496051,0.07356190312658249,8688825.0,13694297.514851376,86250.0,8150625.0,451950.0,12655712.173192916,233925.13587579175,804660.2057839448,554.4912699908018,250.87186520174143,6.279689198359847,0.0411898549646139,279.80730295181274,279.80730295181274,0.0139314406639895,True,2,7:1,CTV|7:1;SOV|7:1,CTV|7|Feb:1,SOV1|7|Apr:1;SOV1|7|Aug:1;SOV1|7|Dec:1;SOV1|7|Feb:1;SOV1|7|Jan:1;SOV1|7|Jul:1;SOV1|7|Jun:1;SOV1|7|Mar:1;SOV1|7|May:1;SOV1|7|Nov:1;SOV1|7|Oct:1;SOV1|7|Sep:1,18;36;50;60;120;123;128;137;171;203;226;258;332;434;439,20,3,4
FG,2,con_mp,3;5;6;7,19064169.90336334,20084686.72299087,0.053530619208732984,8861325.0,10202844.903362246,258750.0,8150625.0,451950.0,9347909.397131924,290583.3378980129,564352.1683335893,474.9846958257258,167.61693399585783,10.26847461797297,0.0406862162053585,279.18500900268555,279.18500900268555,0.0143063276990128,True,2,7:1,CTV|7:1;SOV|7:1,CTV|7|Dec:1;CTV|7|Feb:1;CTV|7|Jan:1,SOV1|7|Apr:1;SOV1|7|Aug:1;SOV1|7|Dec:1;SOV1|7|Feb:1;SOV1|7|Jan:1;SOV1|7|Jul:1;SOV1|7|Jun:1;SOV1|7|Mar:1;SOV1|7|May:1;SOV1|7|Nov:1;SOV1|7|Oct:1;SOV1|7|Sep:1,18;36;50;60;120;123;128;137;171;203;226;258;332;434;439,20,0,4
BCD,3,con_mp,3;5;6;7,44490964.55436772,48377647.761549294,0.0873589333499854,14240450.0,30250514.55436229,3450000.0,9961875.0,828575.0,29442051.91592531,427510.626587574,380952.0118546269,773.4024089798331,257.4261731822044,44.398133017122746,0.038195775821805,449.0849919319153,449.0849919319153,0.0137688553054601,True,2,5:1,CTV|5:3;SOV|5:1,SOV|5|Dec:1;SOV|5|Feb:1;SOV|5|Jan:1;SOV|5|Nov:1;SOV|5|Oct:1,SOV1|5|Apr:1;SOV1|5|Aug:1;SOV1|5|Dec:1;SOV1|5|Feb:1;SOV1|5|Jan:1;SOV1|5|Jul:1;SOV1|5|Jun:1;SOV1|5|Mar:1;SOV1|5|May:1;SOV1|5|Nov:1;SOV1|5|Oct:1;SOV1|5|Sep:1;SOV2|5|Dec:1;SOV2|5|Feb:1;SOV2|5|Jan:1;SOV2|5|Nov:1;SOV2|5|Oct:1,18;36;50;60;120;123;128;137;171;203;226;258;332;434;439,20,1,4
BCE,3,con_mp,3;5;6;7,40850094.64743194,45970079.82158275,0.12533594397614645,14240450.0,26609644.64742913,3450000.0,9961875.0,828575.0,25170221.730350256,757258.5185504435,682164.398531086,1031.895331647247,403.4205373041332,51.1268296521157,0.039563875645399,551.550215959549,551.550215959549,0.0114464375200378,True,2,5:1,CTV|5:3;SOV|5:1,SOV|5|Dec:1;SOV|5|Feb:1;SOV|5|Jan:1;SOV|5|Nov:1;SOV|5|Oct:1,SOV1|5|Apr:1;SOV1|5|Aug:1;SOV1|5|Dec:1;SOV1|5|Feb:1;SOV1|5|Jan:1;SOV1|5|Jul:1;SOV1|5|Jun:1;SOV1|5|Mar:1;SOV1|5|May:1;SOV1|5|Nov:1;SOV1|5|Oct:1;SOV1|5|Sep:1;SOV2|5|Dec:1;SOV2|5|Feb:1;SOV2|5|Jan:1;SOV2|5|Nov:1;SOV2|5|Oct:1,18;36;50;60;120;123;128;137;171;203;226;258;332;434;439,20,2,4
BCF,3,con_mp,3;5;6;7,38811727.15807219,42025098.93961311,0.08279383621485124,12731075.0,26080652.158071905,2846250.0,9056250.0,828575.0,24267909.204708915,387062.011616596,1425680.941746867,1921.571469495073,966.799736406654,32.6786086615175,0.0422342363744974,899.4200341701508,899.4200341701508,0.0190372931112985,True,2,3:1,CTV|3:2;SOV|3:1,CTV|3|Oct:1;SOV|3|Dec:1;SOV|3|Feb:1;SOV|3|Jan:1;SOV|3|Nov:1,SOV1|3|Apr:1;SOV1|3|Aug:1;SOV1|3|Dec:1;SOV1|3|Feb:1;SOV1|3|Jan:1;SOV1|3|Jul:1;SOV1|3|Jun:1;SOV1|3|Mar:1;SOV1|3|May:1;SOV1|3|Nov:1;SOV1|3|Oct:1;SOV1|3|Sep:1;SOV2|3|Dec:1;SOV2|3|Feb:1;SOV2|3|Jan:1;SOV2|3|Nov:1,18;36;50;60;120;123;128;137;171;203;226;258;332;434;439,20,3,4
BCG,3,con_mp,3;5;6;7,37027578.48346538,40175405.55232048,0.08501304157010316,13259500.0,23768078.483463977,3450000.0,9056250.0,753250.0,21472433.89826516,379590.0800111696,1916054.505188936,1968.793339274824,573.0189513210207,47.41001053340733,0.0413934141397476,1325.0593857765198,1325.0593857765198,0.0120517355413591,True,2,3:1,CTV|3:2;SOV|3:1,SOV|3|Dec:1;SOV|3|Feb:1;SOV|3|Jan:1;SOV|3|Nov:1;SOV|3|Oct:1,SOV1|3|Apr:1;SOV1|3|Aug:1;SOV1|3|Dec:1;SOV1|3|Feb:1;SOV1|3|Jan:1;SOV1|3|Jul:1;SOV1|3|Jun:1;SOV1|3|Mar:1;SOV1|3|May:1;SOV1|3|Nov:1;SOV1|3|Oct:1;SOV1|3|Sep:1;SOV2|3|Dec:1;SOV2|3|Feb:1;SOV2|3|Jan:1;SOV2|3|Nov:1;SOV2|3|Oct:1,18;36;50;60;120;123;128;137;171;203;226;258;332;434;439,20,0,4
BDE,3,con_mp,3;5;6;7,41875165.24537535,47229827.7912588,0.12787203380587997,14240450.0,27634715.245369148,3450000.0,9961875.0,828575.0,26454277.50032212,578324.2054674841,602113.5395852884,977.9688953440636,237.1891926564276,16.97949230670929,0.040933696553111,701.148845911026,701.148845911026,0.0051458596537889,True,2,5:1,CTV|5:3;SOV|5:1,SOV|5|Dec:1;SOV|5|Feb:1;SOV|5|Jan:1;SOV|5|Nov:1;SOV|5|Oct:1,SOV1|5|Apr:1;SOV1|5|Aug:1;SOV1|5|Dec:1;SOV1|5|Feb:1;SOV1|5|Jan:1;SOV1|5|Jul:1;SOV1|5|Jun:1;SOV1|5|Mar:1;SOV1|5|May:1;SOV1|5|Nov:1;SOV1|5|Oct:1;SOV1|5|Sep:1;SOV2|5|Dec:1;SOV2|5|Feb:1;SOV2|5|Jan:1;SOV2|5|Nov:1;SOV2|5|Oct:1,18;36;50;60;120;123;128;137;171;203;226;258;332;434;439,20,1,4
BDF,3,con_mp,3;5;6;7,41319009.79845546,43284846.90928915,0.047577062480988454,14639500.0,26679509.79845108,4830000.0,9056250.0,753250.0,25145186.86606207,348053.9938245397,1186268.9385688037,1916.4207365214825,520.4336320795119,85.13810700550675,0.0413856003433465,1287.1786708831787,1287.1786708831787,0.0198509661575876,True,2,5:1,CTV|5:2;SOV|5:1,SOV|5|Dec:1;SOV|5|Feb:1;SOV|5|Jan:1;SOV|5|Mar:1;SOV|5|Nov:1;SOV|5|Oct:1;SOV|5|Sep:1,SOV1|5|Apr:1;SOV1|5|Aug:1;SOV1|5|Dec:1;SOV1|5|Feb:1;SOV1|5|Jan:1;SOV1|5|Jul:1;SOV1|5|Jun:1;SOV1|5|Mar:1;SOV1|5|May:1;SOV1|5|Nov:1;SOV1|5|Oct:1;SOV1|5|Sep:1;SOV2|5|Dec:1;SOV2|5|Feb:1;SOV2|5|Jan:1;SOV2|5|Mar:1;SOV2|5|Nov:1;SOV2|5|Oct:1;SOV2|5|Sep:1,18;36;50;60;120;123;128;137;171;203;226;258;332;434;439,20,2,4
BDG,3,con_mp,3;5;6;7,40082145.72254613,41435153.52199653,0.03375587247289841,15674500.0,24407645.72254069,5865000.0,9056250.0,753250.0,22446221.720926072,404236.2523399518,1557187.749279535,3449.578155497089,937.5614277794956,72.01088491268456,0.0401377361267805,2414.7039790153503,2414.7039790153503,0.0171133929643058,True,2,5:1,CTV|5:2;SOV|5:1,CTV|5|Apr:1;CTV|5|Aug:1;CTV|5|Dec:1;CTV|5|Feb:1;CTV|5|Jan:1;CTV|5|Jul:1;CTV|5|Jun:1;CTV|5|Mar:1;CTV|5|May:1;CTV|5|Nov:1;CTV|5|Oct:1;CTV|5|Sep:1;SOV|5|Dec:1;SOV|5|Feb:1;SOV|5|Jan:1;SOV|5|Mar:1;SOV|5|Nov:1;SOV|5|Oct:1;SOV|5|Sep:1,SOV1|5|Apr:1;SOV1|5|Aug:1;SOV1|5|Dec:1;SOV1|5|Feb:1;SOV1|5|Jan:1;SOV1|5|Jul:1;SOV1|5|Jun:1;SOV1|5|Mar:1;SOV1|5|May:1;SOV1|5|Nov:1;SOV1|5|Oct:1;SOV1|5|Sep:1;SOV2|5|Dec:1;SOV2|5|Feb:1;SOV2|5|Jan:1;SOV2|5|Mar:1;SOV2|5|Nov:1;SOV2|5|Oct:1;SOV2|5|Sep:1,18;36;50;60;120;123;128;137;171;203;226;258;332;434;439,20,3,4
BEF,3,con_mp,3;5;6;7,37957906.94657248,40877278.969322614,0.07691077452872425,13259500.0,24698406.94657564,3450000.0,9056250.0,753250.0,23266605.828572392,386013.7013782771,1045787.4166220404,1500.2814073245972,707.4598414283246,34.44164865463972,0.0424488484859466,736.0403389930725,736.0403389930725,0.0194345630551041,True,2,6:1,CTV|6:2;SOV|6:1,SOV|6|Dec:1;SOV|6|Feb:1;SOV|6|Jan:1;SOV|6|Nov:1;SOV|6|Oct:1,SOV1|6|Apr:1;SOV1|6|Aug:1;SOV1|6|Dec:1;SOV1|6|Feb:1;SOV1|6|Jan:1;SOV1|6|Jul:1;SOV1|6|Jun:1;SOV1|6|Mar:1;SOV1|6|May:1;SOV1|6|Nov:1;SOV1|6|Oct:1;SOV1|6|Sep:1;SOV2|6|Dec:1;SOV2|6|Feb:1;SOV2|6|Jan:1;SOV2|6|Nov:1;SOV2|6|Oct:1,18;36;50;60;120;123;128;137;171;203;226;258;332;434;439,20,0,4
BEG,3,con_mp,3;5;6;7,38277442.0591582,39027585.58202998,0.01959753532413242,14639500.0,23637942.059155807,4830000.0,9056250.0,753250.0,21185635.148774654,699158.7643560073,1753148.146026994,3334.8079142775387,1373.9312899522483,85.46554651297629,0.0421365294605493,1852.0351479053495,1852.0351479053495,0.0197481125700762,True,2,5:1,CTV|5:2;SOV|5:1,SOV|5|Dec:1;SOV|5|Feb:1;SOV|5|Jan:1;SOV|5|Mar:1;SOV|5|Nov:1;SOV|5|Oct:1;SOV|5|Sep:1,SOV1|5|Apr:1;SOV1|5|Aug:1;SOV1|5|Dec:1;SOV1|5|Feb:1;SOV1|5|Jan:1;SOV1|5|Jul:1;SOV1|5|Jun:1;SOV1|5|Mar:1;SOV1|5|May:1;SOV1|5|Nov:1;SOV1|5|Oct:1;SOV1|5|Sep:1;SOV2|5|Dec:1;SOV2|5|Feb:1;SOV2|5|Jan:1;SOV2|5|Mar:1;SOV2|5|Nov:1;SOV2|5|Oct:1;SOV2|5|Sep:1,18;36;50;60;120;123;128;137;171;203;226;258;332;434;439,20,1,4
BFG,3,con_mp,3;5;6;7,34516243.131851286,35082604.70006035,0.01640855194018591,12785125.0,21731118.131853737,3881250.0,8150625.0,753250.0,19248361.908901624,615987.9321166663,1866768.2908331312,2464.2846103478223,1412.335507851094,33.13494026660919,0.0376220755279064,996.5769279003144,996.5769279003144,0.0191421488376328,True,2,7:1,CTV|7:1;SOV|7:1,CTV|7|Apr:1;CTV|7|Aug:1;CTV|7|Dec:1;CTV|7|Feb:1;CTV|7|Jan:1;CTV|7|Jul:1;CTV|7|Jun:1;CTV|7|Mar:2;CTV|7|May:1;CTV|7|Nov:1;CTV|7|Oct:1;CTV|7|Sep:1;SOV|7|Dec:1;SOV|7|Feb:1;SOV|7|Jan:1;SOV|7|Nov:1,SOV1|7|Apr:1;SOV1|7|Aug:1;SOV1|7|Dec:1;SOV1|7|Feb:1;SOV1|7|Jan:1;SOV1|7|Jul:1;SOV1|7|Jun:1;SOV1|7|Mar:1;SOV1|7|May:1;SOV1|7|Nov:1;SOV1|7|Oct:1;SOV1|7|Sep:1;SOV2|7|Dec:1;SOV2|7|Feb:1;SOV2|7|Jan:1;SOV2|7|Nov:1,18;36;50;60;120;123;128;137;171;203;226;258;332;434;439,20,2,4
CDE,3,con_mp,3;5;6;7,42424334.570946485,48291900.721591204,0.13830661600201063,14240450.0,28183884.57093881,3450000.0,9961875.0,828575.0,27172625.90189804,486707.18304822105,524551.4859998511,831.7295609954745,79.88848115503788,46.85183301381767,0.0390643049031496,681.8789780139923,681.8789780139923,0.0065320416628055,True,2,5:1,CTV|5:3;SOV|5:1,SOV|5|Dec:1;SOV|5|Feb:1;SOV|5|Jan:1;SOV|5|Nov:1;SOV|5|Oct:1,SOV1|5|Apr:1;SOV1|5|Aug:1;SOV1|5|Dec:1;SOV1|5|Feb:1;SOV1|5|Jan:1;SOV1|5|Jul:1;SOV1|5|Jun:1;SOV1|5|Mar:1;SOV1|5|May:1;SOV1|5|Nov:1;SOV1|5|Oct:1;SOV1|5|Sep:1;SOV2|5|Dec:1;SOV2|5|Feb:1;SOV2|5|Jan:1;SOV2|5|Nov:1;SOV2|5|Oct:1,18;36;50;60;120;123;128;137;171;203;226;258;332;434;439,20,3,4
CDF,3,con_mp,3;5;6;7,41489472.37032682,44346919.83962156,0.06887162709107822,13421075.0,28068397.370320924,3536250.0,9056250.0,828575.0,26629917.65412975,333658.39233017614,1104821.3238668612,1494.6201076172292,536.8922864608467,30.27602230012417,0.0409551300108432,903.7839369773864,903.7839369773864,0.0199508314735857,True,2,5:1,CTV|5:2;SOV|5:1,CTV|5|Dec:1;SOV|5|Dec:1;SOV|5|Feb:1;SOV|5|Jan:1;SOV|5|Nov:1;SOV|5|Oct:1,SOV1|5|Apr:1;SOV1|5|Aug:1;SOV1|5|Dec:1;SOV1|5|Feb:1;SOV1|5|Jan:1;SOV1|5|Jul:1;SOV1|5|Jun:1;SOV1|5|Mar:1;SOV1|5|May:1;SOV1|5|Nov:1;SOV1|5|Oct:1;SOV1|5|Sep:1;SOV2|5|Dec:1;SOV2|5|Feb:1;SOV2|5|Jan:1;SOV2|5|Nov:1;SOV2|5|Oct:1,18;36;50;60;120;123;128;137;171;203;226;258;332;434;439,20,0,4
CDG,3,con_mp,3;5;6;7,39882980.19713995,42497226.452328935,0.06554791648635266,14111075.0,25771905.19713161,4226250.0,9056250.0,828575.0,23911063.19493808,324866.9763302631,1535975.025871202,3097.2079088333994,350.2502023074776,29.666775822639465,0.0385947525501251,2695.1471350193024,2695.1471350193024,0.007473815222458,True,2,5:1,CTV|5:2;SOV|5:1,CTV|5|Mar:1;SOV|5|Dec:1;SOV|5|Feb:1;SOV|5|Jan:1;SOV|5|Nov:1;SOV|5|Oct:1;SOV|5|Sep:1,SOV1|5|Apr:1;SOV1|5|Aug:1;SOV1|5|Dec:1;SOV1|5|Feb:1;SOV1|5|Jan:1;SOV1|5|Jul:1;SOV1|5|Jun:1;SOV1|5|Mar:1;SOV1|5|May:1;SOV1|5|Nov:1;SOV1|5|Oct:1;SOV1|5|Sep:1;SOV2|5|Dec:1;SOV2|5|Feb:1;SOV2|5|Jan:1;SOV2|5|Nov:1;SOV2|5|Oct:1;SOV2|5|Sep:1,18;36;50;60;120;123;128;137;171;203;226;258;332;434;439,20,1,4
CEF,3,con_mp,3;5;6;7,37577019.74561617,41939351.89965502,0.11609042397641912,13259500.0,24317519.74561625,3450000.0,9056250.0,753250.0,23008317.211995646,387765.5142183154,921437.019402381,921.0851310696452,425.0750772897154,23.158860228955746,0.0426857452839612,450.6170189380646,450.6170189380646,0.0070259008742354,True,2,6:1,CTV|6:2;SOV|6:1,SOV|6|Dec:1;SOV|6|Feb:1;SOV|6|Jan:1;SOV|6|Nov:1;SOV|6|Oct:1,SOV1|6|Apr:1;SOV1|6|Aug:1;SOV1|6|Dec:1;SOV1|6|Feb:1;SOV1|6|Jan:1;SOV1|6|Jul:1;SOV1|6|Jun:1;SOV1|6|Mar:1;SOV1|6|May:1;SOV1|6|Nov:1;SOV1|6|Oct:1;SOV1|6|Sep:1;SOV2|6|Dec:1;SOV2|6|Feb:1;SOV2|6|Jan:1;SOV2|6|Nov:1;SOV2|6|Oct:1,18;36;50;60;120;123;128;137;171;203;226;258;332;434;439,20,2,4
CEG,3,con_mp,3;5;6;7,37415690.67035666,40089658.51236239,0.07146648355536665,13949500.0,23466190.67035005,4140000.0,9056250.0,753250.0,21225690.805007868,605155.7037685089,1635344.1615798534,3930.9304516837,2377.578485058621,74.24580846726894,0.0410842858254909,1455.992136001587,1455.992136001587,0.0199510349741891,True,2,5:1,CTV|5:2;SOV|5:1,SOV|5|Dec:1;SOV|5|Feb:1;SOV|5|Jan:1;SOV|5|Mar:1;SOV|5|Nov:1;SOV|5|Oct:1,SOV1|5|Apr:1;SOV1|5|Aug:1;SOV1|5|Dec:1;SOV1|5|Feb:1;SOV1|5|Jan:1;SOV1|5|Jul:1;SOV1|5|Jun:1;SOV1|5|Mar:1;SOV1|5|May:1;SOV1|5|Nov:1;SOV1|5|Oct:1;SOV1|5|Sep:1;SOV2|5|Dec:1;SOV2|5|Feb:1;SOV2|5|Jan:1;SOV2|5|Mar:1;SOV2|5|Nov:1;SOV2|5|Oct:1,18;36;50;60;120;123;128;137;171;203;226;258;332;434;439,20,3,4
CFG,3,con_mp,3;5;6;7,34384058.28534272,36144677.63039275,0.051204524214075925,13119200.0,21264858.28534394,4140000.0,8150625.0,828575.0,18924545.915530037,579054.4049170011,1761257.9648958254,3036.777647394687,2107.1277548205107,56.52071380242705,0.0384902283549308,847.2090120315552,847.2090120315552,0.0172964384133188,True,2,7:1,CTV|7:1;SOV|7:1,CTV|7|Apr:1;CTV|7|Aug:1;CTV|7|Dec:1;CTV|7|Jul:1;CTV|7|Jun:1;CTV|7|Mar:1;CTV|7|May:1;CTV|7|Sep:1;SOV|7|Dec:1;SOV|7|Feb:1;SOV|7|Jan:1;SOV|7|Nov:1;SOV|7|Oct:1,SOV1|7|Apr:1;SOV1|7|Aug:1;SOV1|7|Dec:1;SOV1|7|Feb:1;SOV1|7|Jan:1;SOV1|7|Jul:1;SOV1|7|Jun:1;SOV1|7|Mar:1;SOV1|7|May:1;SOV1|7|Nov:1;SOV1|7|Oct:1;SOV1|7|Sep:1;SOV2|7|Dec:1;SOV2|7|Feb:1;SOV2|7|Jan:1;SOV2|7|Nov:1;SOV2|7|Oct:1,18;36;50;60;120;123;128;137;171;203;226;258;332;434;439,20,0,4
DEF,3,con_mp,3;5;6;7,39739571.19875634,43199099.86933106,0.0870550075458034,13259500.0,26480071.198757432,3450000.0,9056250.0,753250.0,25301356.140031867,435927.4812176654,742787.5775068386,1130.9761134590954,633.690507337451,21.47067697159946,0.0390272885560989,452.92260813713074,452.92260813713074,0.0126869306405442,True,2,6:1,CTV|6:2;SOV|6:1,SOV|6|Dec:1;SOV|6|Feb:1;SOV|6|Jan:1;SOV|6|Nov:1;SOV|6|Oct:1,SOV1|6|Apr:1;SOV1|6|Aug:1;SOV1|6|Dec:1;SOV1|6|Feb:1;SOV1|6|Jan:1;SOV1|6|Jul:1;SOV1|6|Jun:1;SOV1|6|Mar:1;SOV1|6|May:1;SOV1|6|Nov:1;SOV1|6|Oct:1;SOV1|6|Sep:1;SOV2|6|Dec:1;SOV2|6|Feb:1;SOV2|6|Jan:1;SOV2|6|Nov:1;SOV2|6|Oct:1,18;36;50;60;120;123;128;137;171;203;226;258;332;434;439,20,1,4
DEG,3,con_mp,3;5;6;7,38644543.05091393,41349406.48203844,0.06999341220210234,14639500.0,24005043.050905123,4830000.0,9056250.0,753250.0,22139957.00242192,406927.56724472303,1458158.481247007,3215.4842946976423,1716.3237364403903,62.06682847440243,0.0387766156345605,1411.8968858718872,1411.8968858718872,0.0197192300944928,True,2,5:1,CTV|5:2;SOV|5:1,SOV|5|Dec:1;SOV|5|Feb:1;SOV|5|Jan:1;SOV|5|Mar:1;SOV|5|Nov:1;SOV|5|Oct:1;SOV|5|Sep:1,SOV1|5|Apr:1;SOV1|5|Aug:1;SOV1|5|Dec:1;SOV1|5|Feb:1;SOV1|5|Jan:1;SOV1|5|Jul:1;SOV1|5|Jun:1;SOV1|5|Mar:1;SOV1|5|May:1;SOV1|5|Nov:1;SOV1|5|Oct:1;SOV1|5|Sep:1;SOV2|5|Dec:1;SOV2|5|Feb:1;SOV2|5|Jan:1;SOV2|5|Mar:1;SOV2|5|Nov:1;SOV2|5|Oct:1;SOV2|5|Sep:1,18;36;50;60;120;123;128;137;171;203;226;258;332;434;439,20,2,4
DFG,3,con_mp,3;5;6;7,36845222.29499226,37404425.60006879,0.015177091363417694,12957625.0,23887597.29499452,4053750.0,8150625.0,753250.0,21746511.457011204,580803.0931005747,1560282.7448802933,3028.474563449621,2169.2974441293627,63.05370366759598,0.0393614210188388,773.8810629844666,773.8810629844666,0.0194144909179191,True,2,7:1,CTV|7:1;SOV|7:1,CTV|7|Apr:1;CTV|7|Aug:1;CTV|7|Jul:1;CTV|7|Jun:1;CTV|7|Mar:1;CTV|7|May:1;CTV|7|Sep:1;SOV|7|Dec:1;SOV|7|Feb:1;SOV|7|Jan:1;SOV|7|Nov:1;SOV|7|Oct:1,SOV1|7|Apr:1;SOV1|7|Aug:1;SOV1|7|Dec:1;SOV1|7|Feb:1;SOV1|7|Jan:1;SOV1|7|Jul:1;SOV1|7|Jun:1;SOV1|7|Mar:1;SOV1|7|May:1;SOV1|7|Nov:1;SOV1|7|Oct:1;SOV1|7|Sep:1;SOV2|7|Dec:1;SOV2|7|Feb:1;SOV2|7|Jan:1;SOV2|7|Nov:1;SOV2|7|Oct:1,18;36;50;60;120;123;128;137;171;203;226;258;332;434;439,20,3,4
EFG,3,con_mp,3;5;6;7,32897397.56759145,34996857.66010226,0.063818424791725,13259500.0,19637897.5675927,3450000.0,9056250.0,753250.0,18381040.73253109,381355.91063961183,875500.9244208467,1627.6277658604083,923.53293293342,33.35101385228336,0.042841101065278,646.6838510036469,646.6838510036469,0.0115579033936833,True,2,6:1,CTV|6:2;SOV|6:1,SOV|6|Dec:1;SOV|6|Feb:1;SOV|6|Jan:1;SOV|6|Nov:1;SOV|6|Oct:1,SOV1|6|Apr:1;SOV1|6|Aug:1;SOV1|6|Dec:1;SOV1|6|Feb:1;SOV1|6|Jan:1;SOV1|6|Jul:1;SOV1|6|Jun:1;SOV1|6|Mar:1;SOV1|6|May:1;SOV1|6|Nov:1;SOV1|6|Oct:1;SOV1|6|Sep:1;SOV2|6|Dec:1;SOV2|6|Feb:1;SOV2|6|Jan:1;SOV2|6|Nov:1;SOV2|6|Oct:1,18;36;50;60;120;123;128;137;171;203;226;258;332;434;439,20,0,4
BCDE,4,con_mp,3;5;6;7,55958574.16041209,63289818.69866069,0.13101199678949452,15911400.0,40047174.16040497,4140000.0,10867500.0,903900.0,38455750.09504207,877935.0345258305,713489.030844049,2226.4507536720484,461.445519046858,93.88598195835948,0.0376100018620491,1637.6001739501953,1637.6001739501953,0.0184750791623402,True,2,5:1,CTV|5:4;SOV|5:1,SOV|5|Dec:1;SOV|5|Feb:1;SOV|5|Jan:1;SOV|5|Mar:1;SOV|5|Nov:1;SOV|5|Oct:1,SOV1|5|Apr:1;SOV1|5|Aug:1;SOV1|5|Dec:1;SOV1|5|Feb:1;SOV1|5|Jan:1;SOV1|5|Jul:1;SOV1|5|Jun:1;SOV1|5|Mar:1;SOV1|5|May:1;SOV1|5|Nov:1;SOV1|5|Oct:1;SOV1|5|Sep:1;SOV2|5|Dec:1;SOV2|5|Feb:1;SOV2|5|Jan:1;SOV2|5|Mar:1;SOV2|5|Nov:1;SOV2|5|Oct:1,18;36;50;60;120;123;128;137;171;203;226;258;332;434;439,20,1,4
BCDF,4,con_mp,3;5;6;7,54642741.10294398,59344837.81669104,0.08605162586716807,16169575.0,38473166.102939226,5002500.0,9961875.0,1205200.0,36457401.17595573,683384.8099290443,1332380.1170595663,4590.914982955903,2531.573149042204,137.01349407993257,0.0406351648271083,1890.140170097351,1890.140170097351,0.0152194847693899,True,2,5:1,CTV|5:3;SOV|5:1,CTV|5|Dec:1;CTV|5|Jan:1;SOV|5|Dec:1;SOV|5|Feb:2;SOV|5|Jan:1;SOV|5|Nov:1;SOV|5|Oct:1;SOV|5|Sep:1,SOV1|5|Apr:1;SOV1|5|Aug:1;SOV1|5|Dec:1;SOV1|5|Feb:1;SOV1|5|Jan:1;SOV1|5|Jul:1;SOV1|5|Jun:1;SOV1|5|Mar:1;SOV1|5|May:1;SOV1|5|Nov:1;SOV1|5|Oct:1;SOV1|5|Sep:1;SOV2|5|Dec:1;SOV2|5|Feb:1;SOV2|5|Jan:1;SOV2|5|Nov:1;SOV2|5|Oct:1;SOV2|5|Sep:1;SOV3|5|Feb:1,18;36;50;60;120;123;128;137;171;203;226;258;332;434;439,20,2,4
BCDG,4,con_mp,3;5;6;7,53154002.81907328,57495144.42939842,0.08167101968033535,16988950.0,36165052.81906536,6727500.0,9056250.0,1205200.0,33661498.773450546,672523.0199023997,1831031.0257194676,10591.957359187303,1984.5168203730136,197.86370207183063,0.0406850632280111,8377.553062915802,8377.553062915802,0.0045282764016581,True,2,5:1,CTV|5:2;SOV|5:1,CTV|5|Apr:1;CTV|5|Aug:1;CTV|5|Dec:2;CTV|5|Feb:1;CTV|5|Jan:1;CTV|5|Jul:1;CTV|5|Jun:2;CTV|5|Mar:1;CTV|5|May:1;CTV|5|Nov:1;CTV|5|Oct:1;CTV|5|Sep:1;SOV|5|Dec:1;SOV|5|Feb:2;SOV|5|Jan:1;SOV|5|Mar:1;SOV|5|Nov:1;SOV|5|Oct:1;SOV|5|Sep:1,SOV1|5|Apr:1;SOV1|5|Aug:1;SOV1|5|Dec:1;SOV1|5|Feb:1;SOV1|5|Jan:1;SOV1|5|Jul:1;SOV1|5|Jun:1;SOV1|5|Mar:1;SOV1|5|May:1;SOV1|5|Nov:1;SOV1|5|Oct:1;SOV1|5|Sep:1;SOV2|5|Dec:1;SOV2|5|Feb:1;SOV2|5|Jan:1;SOV2|5|Mar:1;SOV2|5|Nov:1;SOV2|5|Oct:1;SOV2|5|Sep:1;SOV3|5|Feb:1,18;36;50;60;120;123;128;137;171;203;226;258;332;434;439,20,3,4
BCEF,4,con_mp,3;5;6;7,52873973.55201026,56937269.8767245,0.07684870365790297,18713950.0,34160023.552011505,1207500.0,16301250.0,1205200.0,32038387.392058827,449952.4351189471,1671683.7248319634,5837.036826919764,4074.908665033057,53.87517027743161,0.0411707609891891,1675.3300070762634,1675.3300070762634,0.0148640441075384,True,2,6:1,CTV|6:2;SOV|6:2,CTV|6|Dec:2;CTV|6|Jan:2;CTV|6|Nov:1;CTV|6|Oct:1;SOV|6|Feb:1,SOV1|6|Apr:1;SOV1|6|Aug:1;SOV1|6|Dec:1;SOV1|6|Feb:1;SOV1|6|Jan:1;SOV1|6|Jul:1;SOV1|6|Jun:1;SOV1|6|Mar:1;SOV1|6|May:1;SOV1|6|Nov:1;SOV1|6|Oct:1;SOV1|6|Sep:1;SOV2|6|Apr:1;SOV2|6|Aug:1;SOV2|6|Dec:1;SOV2|6|Feb:1;SOV2|6|Jan:1;SOV2|6|Jul:1;SOV2|6|Jun:1;SOV2|6|Mar:1;SOV2|6|May:1;SOV2|6|Nov:1;SOV2|6|Oct:1;SOV2|6|Sep:1;SOV3|6|Feb:1,18;36;50;60;120;123;128;137;171;203;226;258;332;434;439,20,0,4
BCEG,4,con_mp,3;5;6;7,50204002.66532087,55087576.48943187,0.0972745909657199,17301750.0,32902252.665316854,6210000.0,9961875.0,1129875.0,29972789.442760352,984527.9189851964,1944935.303575,7664.004211300984,3560.3656068015844,195.50424681045115,0.0165536776185035,3874.773187875748,3874.773187875748,0.0172754300392634,True,2,5:1,CTV|5:3;SOV|5:1,SOV|5|Dec:1;SOV|5|Feb:2;SOV|5|Jan:2;SOV|5|Mar:1;SOV|5|Nov:1;SOV|5|Oct:1;SOV|5|Sep:1,SOV1|5|Apr:1;SOV1|5|Aug:1;SOV1|5|Dec:1;SOV1|5|Feb:1;SOV1|5|Jan:1;SOV1|5|Jul:1;SOV1|5|Jun:1;SOV1|5|Mar:1;SOV1|5|May:1;SOV1|5|Nov:1;SOV1|5|Oct:1;SOV1|5|Sep:1;SOV2|5|Dec:1;SOV2|5|Feb:1;SOV2|5|Jan:1;SOV2|5|Mar:1;SOV2|5|Nov:1;SOV2|5|Oct:1;SOV2|5|Sep:1;SOV3|5|Feb:1;SOV3|5|Jan:1,18;36;50;60;120;123;128;137;171;203;226;258;332;434;439,20,1,4
BCFG,4,con_mp,3;5;6;7,48587987.41355475,51142595.60746223,0.052576950186555976,17302325.0,31285662.41355333,172500.0,16301250.0,828575.0,27963402.08304401,424383.9984022799,2897876.3321088147,11981.67192037776,6474.416385119781,181.13339202851057,0.0384791046380996,5294.207900047302,5294.207900047302,0.0012988976655744,True,2,3:1,CTV|3:2;SOV|3:2,CTV|3|Dec:1;CTV|3|Jan:1,SOV1|3|Apr:1;SOV1|3|Aug:1;SOV1|3|Dec:1;SOV1|3|Feb:1;SOV1|3|Jan:1;SOV1|3|Jul:1;SOV1|3|Jun:1;SOV1|3|Mar:1;SOV1|3|May:1;SOV1|3|Nov:1;SOV1|3|Oct:1;SOV1|3|Sep:1;SOV2|3|Apr:1;SOV2|3|Aug:1;SOV2|3|Dec:1;SOV2|3|Feb:1;SOV2|3|Jan:1;SOV2|3|Jul:1;SOV2|3|Jun:1;SOV2|3|Mar:1;SOV2|3|May:1;SOV2|3|Nov:1;SOV2|3|Oct:1;SOV2|3|Sep:1,18;36;50;60;120;123;128;137;171;203;226;258;332;434;439,20,2,4
BDEF,4,con_mp,3;5;6;7,53912806.4841276,58197017.846400544,0.07946556007122815,16331150.0,37581656.4841184,5088750.0,9961875.0,1280525.0,35300513.21078592,873781.9991170143,1407361.2742240473,5771.560896990821,2518.331590021029,182.15129945985973,0.0377031918615102,3039.190201997757,3039.190201997757,0.0199990188571143,True,2,5:1,CTV|5:3;SOV|5:1,CTV|5|Dec:1;CTV|5|Jan:1;CTV|5|Mar:1;SOV|5|Dec:1;SOV|5|Feb:2;SOV|5|Jan:1;SOV|5|Nov:1;SOV|5|Oct:1;SOV|5|Sep:1,SOV1|5|Apr:1;SOV1|5|Aug:1;SOV1|5|Dec:1;SOV1|5|Feb:1;SOV1|5|Jan:1;SOV1|5|Jul:1;SOV1|5|Jun:1;SOV1|5|Mar:1;SOV1|5|May:1;SOV1|5|Nov:1;SOV1|5|Oct:1;SOV1|5|Sep:1;SOV2|5|Dec:1;SOV2|5|Feb:1;SOV2|5|Jan:1;SOV2|5|Nov:1;SOV2|5|Oct:1;SOV2|5|Sep:1;SOV3|5|Feb:1,18;36;50;60;120;123;128;137;171;203;226;258;332;434;439,20,3,4
BDEG,4,con_mp,3;5;6;7,51250114.463272855,56347324.45910792,0.09945753388488249,15620450.0,35629664.463269755,4830000.0,9961875.0,828575.0,32846064.93640031,862578.9211176911,1921020.6057543915,4499.969323923811,1898.3652689121664,137.21159414760768,0.0353302862495183,2430.9115900993347,2430.9115900993347,0.0158741963594289,True,2,5:1,CTV|5:3;SOV|5:1,SOV|5|Dec:1;SOV|5|Feb:1;SOV|5|Jan:1;SOV|5|Mar:1;SOV|5|Nov:1;SOV|5|Oct:1;SOV|5|Sep:1,SOV1|5|Apr:1;SOV1|5|Aug:1;SOV1|5|Dec:1;SOV1|5|Feb:1;SOV1|5|Jan:1;SOV1|5|Jul:1;SOV1|5|Jun:1;SOV1|5|Mar:1;SOV1|5|May:1;SOV1|5|Nov:1;SOV1|5|Oct:1;SOV1|5|Sep:1;SOV2|5|Dec:1;SOV2|5|Feb:1;SOV2|5|Jan:1;SOV2|5|Mar:1;SOV2|5|Nov:1;SOV2|5|Oct:1;SOV2|5|Sep:1,18;36;50;60;120;123;128;137;171;203;226;258;332;434;439,20,0,4
BDFG,4,con_mp,3;5;6;7,51088005.52477932,52402343.577138275,0.025726939990277347,17647325.0,33440680.524775017,517500.0,16301250.0,828575.0,30418544.203620862,510713.70294727833,2511422.618210908,12926.931605087591,5566.031667843461,384.5607858281583,0.0412843562662601,6944.424551010132,6944.424551010132,0.0051167431182093,True,2,5:1,CTV|5:2;SOV|5:2,CTV|5|Dec:1;CTV|5|Feb:1;CTV|5|Jan:1;CTV|5|Mar:1;CTV|5|Nov:1;CTV|5|Oct:1,SOV1|5|Apr:1;SOV1|5|Aug:1;SOV1|5|Dec:1;SOV1|5|Feb:1;SOV1|5|Jan:1;SOV1|5|Jul:1;SOV1|5|Jun:1;SOV1|5|Mar:1;SOV1|5|May:1;SOV1|5|Nov:1;SOV1|5|Oct:1;SOV1|5|Sep:1;SOV2|5|Apr:1;SOV2|5|Aug:1;SOV2|5|Dec:1;SOV2|5|Feb:1;SOV2|5|Jan:1;SOV2|5|Jul:1;SOV2|5|Jun:1;SOV2|5|Mar:1;SOV2|5|May:1;SOV2|5|Nov:1;SOV2|5|Oct:1;SOV2|5|Sep:1,18;36;50;60;120;123;128;137;171;203;226;258;332;434;439,20,1,4
BEFG,4,con_mp,3;5;6;7,47858046.57266776,49994775.63717173,0.044647226903830134,20115800.0,27742246.572670072,2760000.0,16301250.0,1054550.0,25734659.69582028,395681.9988331796,1611904.878014217,9705.41890662536,5125.042204247788,81.65576226264238,0.0399063453078269,4467.101166009903,4467.101166009903,0.0199989758630486,True,2,6:1,CTV|6:2;SOV|6:2,SOV|6|Dec:1;SOV|6|Feb:1;SOV|6|Jan:1;SOV|6|Nov:1,SOV1|6|Apr:1;SOV1|6|Aug:1;SOV1|6|Dec:1;SOV1|6|Feb:1;SOV1|6|Jan:1;SOV1|6|Jul:1;SOV1|6|Jun:1;SOV1|6|Mar:1;SOV1|6|May:1;SOV1|6|Nov:1;SOV1|6|Oct:1;SOV1|6|Sep:1;SOV2|6|Apr:1;SOV2|6|Aug:1;SOV2|6|Dec:1;SOV2|6|Feb:1;SOV2|6|Jan:1;SOV2|6|Jul:1;SOV2|6|Jun:1;SOV2|6|Mar:1;SOV2|6|May:1;SOV2|6|Nov:1;SOV2|6|Oct:1;SOV2|6|Sep:1;SOV3|6|Dec:1;SOV3|6|Feb:1;SOV3|6|Jan:1;SOV3|6|Nov:1,18;36;50;60;120;123;128;137;171;203;226;258;332;434;439,20,2,4
CDEF,4,con_mp,3;5;6;7,53523481.39763053,59259090.77673295,0.10716061865430783,18681750.0,34841731.39762347,7590000.0,9961875.0,1129875.0,32999206.63980212,661098.4627457532,1181426.2950823894,6970.080464035273,2606.824598167092,146.17796719446778,0.0399244707077741,4184.841678857803,4184.841678857803,0.0155816653241671,True,2,5:1,CTV|5:3;SOV|5:1,SOV|5|Dec:2;SOV|5|Feb:2;SOV|5|Jan:2;SOV|5|Mar:1;SOV|5|Nov:2;SOV|5|Oct:1;SOV|5|Sep:1,SOV1|5|Apr:1;SOV1|5|Aug:1;SOV1|5|Dec:1;SOV1|5|Feb:1;SOV1|5|Jan:1;SOV1|5|Jul:1;SOV1|5|Jun:1;SOV1|5|Mar:1;SOV1|5|May:1;SOV1|5|Nov:1;SOV1|5|Oct:1;SOV1|5|Sep:1;SOV2|5|Dec:1;SOV2|5|Feb:1;SOV2|5|Jan:1;SOV2|5|Mar:1;SOV2|5|Nov:1;SOV2|5|Oct:1;SOV2|5|Sep:1;SOV3|5|Dec:1;SOV3|5|Feb:1;SOV3|5|Jan:1;SOV3|5|Nov:1,18;36;50;60;120;123;128;137;171;203;226;258;332;434;439,20,3,4
CDEG,4,con_mp,3;5;6;7,51706946.90174799,57409397.38944033,0.1102840300845449,16029850.0,35677096.90174416,5088750.0,9961875.0,979225.0,33140812.69968036,747791.2879546734,1788492.9141127262,2789.0997380912304,1531.313504051417,222.23939425311983,0.0527246836572885,1001.9255049228668,1001.9255049228668,0.0198537287939567,True,2,5:1,CTV|5:3;SOV|5:1,CTV|5|Dec:2;CTV|5|Jan:1;SOV|5|Dec:1;SOV|5|Feb:1;SOV|5|Jan:1;SOV|5|Mar:1;SOV|5|Nov:1;SOV|5|Oct:1;SOV|5|Sep:1,SOV1|5|Apr:1;SOV1|5|Aug:1;SOV1|5|Dec:1;SOV1|5|Feb:1;SOV1|5|Jan:1;SOV1|5|Jul:1;SOV1|5|Jun:1;SOV1|5|Mar:1;SOV1|5|May:1;SOV1|5|Nov:1;SOV1|5|Oct:1;SOV1|5|Sep:1;SOV2|5|Dec:1;SOV2|5|Feb:1;SOV2|5|Jan:1;SOV2|5|Mar:1;SOV2|5|Nov:1;SOV2|5|Oct:1;SOV2|5|Sep:1,18;36;50;60;120;123;128;137;171;203;226;258;332;434;439,20,0,4
CDFG,4,con_mp,3;5;6;7,51338281.24686034,53464416.50747068,0.0414142275310467,17797975.0,33540306.24685184,517500.0,16301250.0,979225.0,30771813.33378758,408041.2360014009,2360451.677071133,12897.459608662874,7467.672127336264,236.86466027796268,0.0381148532032966,5159.340705871582,5159.340705871582,0.01792639612533,True,2,5:1,CTV|5:2;SOV|5:2,CTV|5|Dec:2;CTV|5|Jan:2;CTV|5|Oct:1;CTV|5|Sep:1,SOV1|5|Apr:1;SOV1|5|Aug:1;SOV1|5|Dec:1;SOV1|5|Feb:1;SOV1|5|Jan:1;SOV1|5|Jul:1;SOV1|5|Jun:1;SOV1|5|Mar:1;SOV1|5|May:1;SOV1|5|Nov:1;SOV1|5|Oct:1;SOV1|5|Sep:1;SOV2|5|Apr:1;SOV2|5|Aug:1;SOV2|5|Dec:1;SOV2|5|Feb:1;SOV2|5|Jan:1;SOV2|5|Jul:1;SOV2|5|Jun:1;SOV2|5|Mar:1;SOV2|5|May:1;SOV2|5|Nov:1;SOV2|5|Oct:1;SOV2|5|Sep:1,18;36;50;60;120;123;128;137;171;203;226;258;332;434;439,20,1,4
CEFG,4,con_mp,3;5;6;7,47805095.0211657,51056848.56750414,0.06802106647625583,17625475.0,30179620.02116514,345000.0,16301250.0,979225.0,28056816.196379032,461533.8923496215,1661269.932437054,6812.206120185554,5599.827009370551,69.76277589797974,0.0412927698343992,1110.0465240478516,1110.0465240478516,0.0183308967587669,True,2,6:1,CTV|6:2;SOV|6:2,CTV|6|Dec:3;CTV|6|Jan:1,SOV1|6|Apr:1;SOV1|6|Aug:1;SOV1|6|Dec:1;SOV1|6|Feb:1;SOV1|6|Jan:1;SOV1|6|Jul:1;SOV1|6|Jun:1;SOV1|6|Mar:1;SOV1|6|May:1;SOV1|6|Nov:1;SOV1|6|Oct:1;SOV1|6|Sep:1;SOV2|6|Apr:1;SOV2|6|Aug:1;SOV2|6|Dec:1;SOV2|6|Feb:1;SOV2|6|Jan:1;SOV2|6|Jul:1;SOV2|6|Jun:1;SOV2|6|Mar:1;SOV2|6|May:1;SOV2|6|Nov:1;SOV2|6|Oct:1;SOV2|6|Sep:1,18;36;50;60;120;123;128;137;171;203;226;258;332;434;439,20,2,4
DEFG,4,con_mp,3;5;6;7,49393832.56514101,52316596.537180185,0.05917265011142053,17474825.0,31919007.56514141,345000.0,16301250.0,828575.0,29949886.933895998,516523.5151997848,1452597.11604504,5381.443257482722,4099.730333628133,57.689783403649926,0.0408575367182493,1191.740292072296,1191.740292072296,0.0110217577020016,True,2,6:1,CTV|6:2;SOV|6:2,CTV|6|Dec:1;CTV|6|Feb:1;CTV|6|Jan:1;CTV|6|Nov:1,SOV1|6|Apr:1;SOV1|6|Aug:1;SOV1|6|Dec:1;SOV1|6|Feb:1;SOV1|6|Jan:1;SOV1|6|Jul:1;SOV1|6|Jun:1;SOV1|6|Mar:1;SOV1|6|May:1;SOV1|6|Nov:1;SOV1|6|Oct:1;SOV1|6|Sep:1;SOV2|6|Apr:1;SOV2|6|Aug:1;SOV2|6|Dec:1;SOV2|6|Feb:1;SOV2|6|Jan:1;SOV2|6|Jul:1;SOV2|6|Jun:1;SOV2|6|Mar:1;SOV2|6|May:1;SOV2|6|Nov:1;SOV2|6|Oct:1;SOV2|6|Sep:1,18;36;50;60;120;123;128;137;171;203;226;258;332;434;439,20,3,4
BCDEF,5,con_mp,3;5;6;7,66550958.59947538,74257008.75380243,0.11579172286164191,20352700.0,46198258.599467866,8280000.0,10867500.0,1205200.0,43663502.35307487,1048286.1513600682,1486470.0950405225,11510.511278547348,6599.262459687889,403.7833483815193,0.0405347030609846,4463.000602006912,4463.000602006912,0.0168799844521788,True,2,5:1,CTV|5:4;SOV|5:1,SOV|5|Dec:2;SOV|5|Feb:2;SOV|5|Jan:2;SOV|5|Mar:1;SOV|5|Nov:2;SOV|5|Oct:2;SOV|5|Sep:1,SOV1|5|Apr:1;SOV1|5|Aug:1;SOV1|5|Dec:1;SOV1|5|Feb:1;SOV1|5|Jan:1;SOV1|5|Jul:1;SOV1|5|Jun:1;SOV1|5|Mar:1;SOV1|5|May:1;SOV1|5|Nov:1;SOV1|5|Oct:1;SOV1|5|Sep:1;SOV2|5|Dec:1;SOV2|5|Feb:1;SOV2|5|Jan:1;SOV2|5|Mar:1;SOV2|5|Nov:1;SOV2|5|Oct:1;SOV2|5|Sep:1;SOV3|5|Dec:1;SOV3|5|Feb:1;SOV3|5|Jan:1;SOV3|5|Nov:1;SOV3|5|Oct:1,18;36;50;60;120;123;128;137;171;203;226;258;332;434;439,20,0,4
BCDEF,5,con_mp,3;5;6;7,66550958.59947538,74257008.75380243,0.11579172286164191,20352700.0,46198258.599467866,8280000.0,10867500.0,1205200.0,43663502.35307487,1048286.1513600682,1486470.0950405225,11510.511278547348,6599.262459687889,403.7833483815193,0.0405347030609846,4463.000602006912,4463.000602006912,0.0168799844521788,True,2,5:1,CTV|5:4;SOV|5:1,SOV|5|Dec:2;SOV|5|Feb:2;SOV|5|Jan:2;SOV|5|Mar:1;SOV|5|Nov:2;SOV|5|Oct:2;SOV|5|Sep:1,SOV1|5|Apr:1;SOV1|5|Aug:1;SOV1|5|Dec:1;SOV1|5|Feb:1;SOV1|5|Jan:1;SOV1|5|Jul:1;SOV1|5|Jun:1;SOV1|5|Mar:1;SOV1|5|May:1;SOV1|5|Nov:1;SOV1|5|Oct:1;SOV1|5|Sep:1;SOV2|5|Dec:1;SOV2|5|Feb:1;SOV2|5|Jan:1;SOV2|5|Mar:1;SOV2|5|Nov:1;SOV2|5|Oct:1;SOV2|5|Sep:1;SOV3|5|Dec:1;SOV3|5|Feb:1;SOV3|5|Jan:1;SOV3|5|Nov:1;SOV3|5|Oct:1,18;36;50;60;120;123;128;137;171;203;226;258;332;434;439,20,0,4
BCDEG,5,con_mp,3;5;6;7,64888740.58178895,72407315.36650981,0.11586871184907774,22886150.0,42002590.58178653,4398750.0,17206875.0,1280525.0,39174391.54561998,845365.9363792602,1982833.099790747,31184.8693850562,5669.892086416483,389.5137610249221,0.0334273986518383,25016.99468898773,25016.99468898773,0.0112038794616668,True,2,5:1,CTV|5:3;SOV|5:2,CTV|5|Apr:1;CTV|5|Aug:1;CTV|5|Dec:2;CTV|5|Feb:1;CTV|5|Jan:2;CTV|5|Jul:1;CTV|5|Jun:1;CTV|5|Mar:1;CTV|5|May:1;SOV|5|Dec:1;SOV|5|Feb:1;SOV|5|Jan:1;SOV|5|Nov:1;SOV|5|Oct:1,SOV1|5|Apr:1;SOV1|5|Aug:1;SOV1|5|Dec:1;SOV1|5|Feb:1;SOV1|5|Jan:1;SOV1|5|Jul:1;SOV1|5|Jun:1;SOV1|5|Mar:1;SOV1|5|May:1;SOV1|5|Nov:1;SOV1|5|Oct:1;SOV1|5|Sep:1;SOV2|5|Apr:1;SOV2|5|Aug:1;SOV2|5|Dec:1;SOV2|5|Feb:1;SOV2|5|Jan:1;SOV2|5|Jul:1;SOV2|5|Jun:1;SOV2|5|Mar:1;SOV2|5|May:1;SOV2|5|Nov:1;SOV2|5|Oct:1;SOV2|5|Sep:1;SOV3|5|Dec:1;SOV3|5|Feb:1;SOV3|5|Jan:1;SOV3|5|Nov:1;SOV3|5|Oct:1,18;36;50;60;120;123;128;137;171;203;226;258;332;434;439,20,0,3
BCDEG,5,con_mp,3;5;6;7,64888740.58178895,72407315.36650981,0.11586871184907774,22886150.0,42002590.58178653,4398750.0,17206875.0,1280525.0,39174391.54561998,845365.9363792602,1982833.099790747,31184.8693850562,5669.892086416483,389.5137610249221,0.0334273986518383,25016.99468898773,25016.99468898773,0.0112038794616668,True,2,5:1,CTV|5:3;SOV|5:2,CTV|5|Apr:1;CTV|5|Aug:1;CTV|5|Dec:2;CTV|5|Feb:1;CTV|5|Jan:2;CTV|5|Jul:1;CTV|5|Jun:1;CTV|5|Mar:1;CTV|5|May:1;SOV|5|Dec:1;SOV|5|Feb:1;SOV|5|Jan:1;SOV|5|Nov:1;SOV|5|Oct:1,SOV1|5|Apr:1;SOV1|5|Aug:1;SOV1|5|Dec:1;SOV1|5|Feb:1;SOV1|5|Jan:1;SOV1|5|Jul:1;SOV1|5|Jun:1;SOV1|5|Mar:1;SOV1|5|May:1;SOV1|5|Nov:1;SOV1|5|Oct:1;SOV1|5|Sep:1;SOV2|5|Apr:1;SOV2|5|Aug:1;SOV2|5|Dec:1;SOV2|5|Feb:1;SOV2|5|Jan:1;SOV2|5|Jul:1;SOV2|5|Jun:1;SOV2|5|Mar:1;SOV2|5|May:1;SOV2|5|Nov:1;SOV2|5|Oct:1;SOV2|5|Sep:1;SOV3|5|Dec:1;SOV3|5|Feb:1;SOV3|5|Jan:1;SOV3|5|Nov:1;SOV3|5|Oct:1,18;36;50;60;120;123;128;137;171;203;226;258;332;434;439,20,0,3
BCDFG,5,con_mp,3;5;6;7,64261233.37401682,68462334.48454016,0.0653753575825702,22422125.0,41839108.37400809,3708750.0,17206875.0,1506500.0,38497017.52221841,695920.0162325876,2646170.8355661044,40015.33113484457,19966.57432968542,841.4380454495549,0.0333996638655662,19095.992708921432,19095.992708921432,0.0173151410560068,True,2,5:1,CTV|5:3;SOV|5:2,CTV|5|Dec:1;CTV|5|Jan:1;CTV|5|Nov:1;SOV|5|Dec:1;SOV|5|Feb:2;SOV|5|Jan:1;SOV|5|Nov:1,SOV1|5|Apr:1;SOV1|5|Aug:1;SOV1|5|Dec:1;SOV1|5|Feb:1;SOV1|5|Jan:1;SOV1|5|Jul:1;SOV1|5|Jun:1;SOV1|5|Mar:1;SOV1|5|May:1;SOV1|5|Nov:1;SOV1|5|Oct:1;SOV1|5|Sep:1;SOV2|5|Apr:1;SOV2|5|Aug:1;SOV2|5|Dec:1;SOV2|5|Feb:1;SOV2|5|Jan:1;SOV2|5|Jul:1;SOV2|5|Jun:1;SOV2|5|Mar:1;SOV2|5|May:1;SOV2|5|Nov:1;SOV2|5|Oct:1;SOV2|5|Sep:1;SOV3|5|Dec:1;SOV3|5|Feb:1;SOV3|5|Jan:1;SOV3|5|Nov:1;SOV4|5|Feb:1,18;36;50;60;120;123;128;137;171;203;226;258;332;434;439,20,0,1
BCEFG,5,con_mp,3;5;6;7,62296988.91689325,66054766.54457362,0.06032037331199745,21786750.0,40510238.91689268,3450000.0,17206875.0,1129875.0,36897701.95002925,1057276.179859591,2555260.7870046245,30343.07673988864,14491.89636353962,492.784343983978,0.0393614619970321,15314.128534078598,15314.128534078598,0.0157591626790291,True,2,5:1,CTV|5:3;SOV|5:2,SOV|5|Dec:1;SOV|5|Feb:1;SOV|5|Jan:1;SOV|5|Nov:1;SOV|5|Oct:1,SOV1|5|Apr:1;SOV1|5|Aug:1;SOV1|5|Dec:1;SOV1|5|Feb:1;SOV1|5|Jan:1;SOV1|5|Jul:1;SOV1|5|Jun:1;SOV1|5|Mar:1;SOV1|5|May:1;SOV1|5|Nov:1;SOV1|5|Oct:1;SOV1|5|Sep:1;SOV2|5|Apr:1;SOV2|5|Aug:1;SOV2|5|Dec:1;SOV2|5|Feb:1;SOV2|5|Jan:1;SOV2|5|Jul:1;SOV2|5|Jun:1;SOV2|5|Mar:1;SOV2|5|May:1;SOV2|5|Nov:1;SOV2|5|Oct:1;SOV2|5|Sep:1;SOV3|5|Dec:1;SOV3|5|Feb:1;SOV3|5|Jan:1;SOV3|5|Nov:1;SOV3|5|Oct:1,18;36;50;60;120;123;128;137;171;203;226;258;332;434;439,20,3,4
BCEFG,5,con_mp,3;5;6;7,62296988.91689325,66054766.54457362,0.06032037331199745,21786750.0,40510238.91689268,3450000.0,17206875.0,1129875.0,36897701.95002925,1057276.179859591,2555260.7870046245,30343.07673988864,14491.89636353962,492.784343983978,0.0393614619970321,15314.128534078598,15314.128534078598,0.0157591626790291,True,2,5:1,CTV|5:3;SOV|5:2,SOV|5|Dec:1;SOV|5|Feb:1;SOV|5|Jan:1;SOV|5|Nov:1;SOV|5|Oct:1,SOV1|5|Apr:1;SOV1|5|Aug:1;SOV1|5|Dec:1;SOV1|5|Feb:1;SOV1|5|Jan:1;SOV1|5|Jul:1;SOV1|5|Jun:1;SOV1|5|Mar:1;SOV1|5|May:1;SOV1|5|Nov:1;SOV1|5|Oct:1;SOV1|5|Sep:1;SOV2|5|Apr:1;SOV2|5|Aug:1;SOV2|5|Dec:1;SOV2|5|Feb:1;SOV2|5|Jan:1;SOV2|5|Jul:1;SOV2|5|Jun:1;SOV2|5|Mar:1;SOV2|5|May:1;SOV2|5|Nov:1;SOV2|5|Oct:1;SOV2|5|Sep:1;SOV3|5|Dec:1;SOV3|5|Feb:1;SOV3|5|Jan:1;SOV3|5|Nov:1;SOV3|5|Oct:1,18;36;50;60;120;123;128;137;171;203;226;258;332;434;439,20,3,4
BDEFG,5,con_mp,3;5;6;7,62565492.07440773,67314514.51424967,0.07590482041113072,21786750.0,40778742.07440083,3450000.0,17206875.0,1129875.0,37432157.68532784,876702.6702288868,2469881.718851512,62627.41627803072,22944.3023975417,492.4105116762221,0.0341635569930076,39080.58833408356,39080.58833408356,0.0011529104512014,True,2,5:1,CTV|5:3;SOV|5:2,SOV|5|Dec:1;SOV|5|Feb:1;SOV|5|Jan:1;SOV|5|Nov:1;SOV|5|Oct:1,SOV1|5|Apr:1;SOV1|5|Aug:1;SOV1|5|Dec:1;SOV1|5|Feb:1;SOV1|5|Jan:1;SOV1|5|Jul:1;SOV1|5|Jun:1;SOV1|5|Mar:1;SOV1|5|May:1;SOV1|5|Nov:1;SOV1|5|Oct:1;SOV1|5|Sep:1;SOV2|5|Apr:1;SOV2|5|Aug:1;SOV2|5|Dec:1;SOV2|5|Feb:1;SOV2|5|Jan:1;SOV2|5|Jul:1;SOV2|5|Jun:1;SOV2|5|Mar:1;SOV2|5|May:1;SOV2|5|Nov:1;SOV2|5|Oct:1;SOV2|5|Sep:1;SOV3|5|Dec:1;SOV3|5|Feb:1;SOV3|5|Jan:1;SOV3|5|Nov:1;SOV3|5|Oct:1,18;36;50;60;120;123;128;137;171;203;226;258;332;434;439,20,0,3
BDEFG,5,con_mp,3;5;6;7,62565492.07440773,67314514.51424967,0.07590482041113072,21786750.0,40778742.07440083,3450000.0,17206875.0,1129875.0,37432157.68532784,876702.6702288868,2469881.718851512,62627.41627803072,22944.3023975417,492.4105116762221,0.0341635569930076,39080.58833408356,39080.58833408356,0.0011529104512014,True,2,5:1,CTV|5:3;SOV|5:2,SOV|5|Dec:1;SOV|5|Feb:1;SOV|5|Jan:1;SOV|5|Nov:1;SOV|5|Oct:1,SOV1|5|Apr:1;SOV1|5|Aug:1;SOV1|5|Dec:1;SOV1|5|Feb:1;SOV1|5|Jan:1;SOV1|5|Jul:1;SOV1|5|Jun:1;SOV1|5|Mar:1;SOV1|5|May:1;SOV1|5|Nov:1;SOV1|5|Oct:1;SOV1|5|Sep:1;SOV2|5|Apr:1;SOV2|5|Aug:1;SOV2|5|Dec:1;SOV2|5|Feb:1;SOV2|5|Jan:1;SOV2|5|Jul:1;SOV2|5|Jun:1;SOV2|5|Mar:1;SOV2|5|May:1;SOV2|5|Nov:1;SOV2|5|Oct:1;SOV2|5|Sep:1;SOV3|5|Dec:1;SOV3|5|Feb:1;SOV3|5|Jan:1;SOV3|5|Nov:1;SOV3|5|Oct:1,18;36;50;60;120;123;128;137;171;203;226;258;332;434;439,20,0,3
CDEFG,5,con_mp,3;5;6;7,62413816.95579648,68376587.44458207,0.0955360652435121,21786750.0,40627066.95579075,3450000.0,17206875.0,1129875.0,37515497.118237615,754746.2400346891,2356823.597525316,45894.76134868711,19302.285137113184,1055.454835779965,0.0340810194611549,25425.855045080185,25425.855045080185,0.0009434816900997,True,2,5:1,CTV|5:3;SOV|5:2,SOV|5|Dec:1;SOV|5|Feb:1;SOV|5|Jan:1;SOV|5|Nov:1;SOV|5|Oct:1,SOV1|5|Apr:1;SOV1|5|Aug:1;SOV1|5|Dec:1;SOV1|5|Feb:1;SOV1|5|Jan:1;SOV1|5|Jul:1;SOV1|5|Jun:1;SOV1|5|Mar:1;SOV1|5|May:1;SOV1|5|Nov:1;SOV1|5|Oct:1;SOV1|5|Sep:1;SOV2|5|Apr:1;SOV2|5|Aug:1;SOV2|5|Dec:1;SOV2|5|Feb:1;SOV2|5|Jan:1;SOV2|5|Jul:1;SOV2|5|Jun:1;SOV2|5|Mar:1;SOV2|5|May:1;SOV2|5|Nov:1;SOV2|5|Oct:1;SOV2|5|Sep:1;SOV3|5|Dec:1;SOV3|5|Feb:1;SOV3|5|Jan:1;SOV3|5|Nov:1;SOV3|5|Oct:1,18;36;50;60;120;123;128;137;171;203;226;258;332;434;439,20,0,1
BCDEFG,6,con_mp,3;5;6;7,75223024.47522852,83374505.42165156,0.10836417444378856,24147700.0,51075324.47522216,4830000.0,18112500.0,1205200.0,47213335.75286288,1148076.78260899,2713911.9397566896,120821.34465193003,75746.46021292359,803.9823848344386,0.0674296431243419,44132.62697196007,44132.62697196007,0.002925106361368,True,2,5:1,CTV|5:4;SOV|5:2,SOV|5|Dec:1;SOV|5|Feb:1;SOV|5|Jan:1;SOV|5|Mar:1;SOV|5|Nov:1;SOV|5|Oct:1;SOV|5|Sep:1,SOV1|5|Apr:1;SOV1|5|Aug:1;SOV1|5|Dec:1;SOV1|5|Feb:1;SOV1|5|Jan:1;SOV1|5|Jul:1;SOV1|5|Jun:1;SOV1|5|Mar:1;SOV1|5|May:1;SOV1|5|Nov:1;SOV1|5|Oct:1;SOV1|5|Sep:1;SOV2|5|Apr:1;SOV2|5|Aug:1;SOV2|5|Dec:1;SOV2|5|Feb:1;SOV2|5|Jan:1;SOV2|5|Jul:1;SOV2|5|Jun:1;SOV2|5|Mar:1;SOV2|5|May:1;SOV2|5|Nov:1;SOV2|5|Oct:1;SOV2|5|Sep:1;SOV3|5|Dec:1;SOV3|5|Feb:1;SOV3|5|Jan:1;SOV3|5|Mar:1;SOV3|5|Nov:1;SOV3|5|Oct:1;SOV3|5|Sep:1,18;36;50;60;120;123;128;137;171;203;226;258;332;434;439,20,0,1
