tree_size,count,instances,objective,first_stage_cost,second_stage_cost,charter_cost_ST,charter_cost_LT,downtime_cost,travel_cost_S,travel_cost_M,gamma_LT,gamma_ST,param_signature,seed,iss_pool,oos_pool,nested_trees
1,4,1;3;5;6,17001363.708265506,5811903.5,11189460.208265506,0.0,5811903.5,11188382.569351034,0.0,1077.6389144730827,SOV|3:1,,bc278e7235743ec2,400,1-200,201-300,1
1,1,2,17177407.645499405,6003036.0,11174371.645499408,191132.5,5811903.5,11173112.963247301,181.04333763147824,1077.6389144730827,SOV|3:1,CTV|3|Nov:1,bc278e7235743ec2,400,1-200,201-300,1
1,3,4;9;10,17097715.631867547,6003036.0,11094679.631867547,191132.5,5811903.5,11092748.502932811,853.4900202626828,1077.6389144730827,SOV|3:1,CTV|3|Jan:1,bc278e7235743ec2,400,1-200,201-300,1
1,1,7,17868185.127725,6958887.0,10909298.127724996,1146983.5,5811903.5,10906483.334880395,896.5955768416061,1918.1972677620888,SOV|3:1,CTV|3|Jan:2;SOV|3|Feb:1,bc278e7235743ec2,400,1-200,201-300,1
1,1,8,17610721.842296835,6576622.0,11034099.842296833,764718.5,5811903.5,11032278.632531373,0.0,1821.209765459511,SOV|3:1,SOV|3|Nov:1,bc278e7235743ec2,400,1-200,201-300,1
3,5,1;5;6;8;9,17001363.708265506,5811903.5,11189460.208265506,0.0,5811903.5,11188382.569351034,0.0,1077.6389144730827,SOV|3:1,,bc278e7235743ec2,400,1-200,201-300,1
3,5,2;3;4;7;10,17097715.631867547,6003036.0,11094679.631867547,191132.5,5811903.5,11092748.502932811,853.4900202626828,1077.6389144730827,SOV|3:1,CTV|3|Jan:1,bc278e7235743ec2,400,1-200,201-300,1
5,7,1;2;3;4;5;8;9,17001363.708265506,5811903.5,11189460.208265506,0.0,5811903.5,11188382.569351034,0.0,1077.6389144730827,SOV|3:1,,bc278e7235743ec2,400,1-200,201-300,1
5,1,6,17610721.842296835,6576622.0,11034099.842296833,764718.5,5811903.5,11032278.632531373,0.0,1821.209765459511,SOV|3:1,SOV|3|Nov:1,bc278e7235743ec2,400,1-200,201-300,1
5,2,7;10,17097715.631867547,6003036.0,11094679.631867547,191132.5,5811903.5,11092748.502932811,853.4900202626828,1077.6389144730827,SOV|3:1,CTV|3|Jan:1,bc278e7235743ec2,400,1-200,201-300,1
7,4,1;2;3;8,17001363.708265506,5811903.5,11189460.208265506,0.0,5811903.5,11188382.569351034,0.0,1077.6389144730827,SOV|3:1,,bc278e7235743ec2,400,1-200,201-300,1
7,1,4,17367361.607448626,6194168.5,11173193.10744862,382265.0,5811903.5,11171891.319639936,224.14889421040166,1077.6389144730827,SOV|3:1,CTV|3|Nov:2,bc278e7235743ec2,400,1-200,201-300,1
7,2,5;6,17610721.842296835,6576622.0,11034099.842296833,764718.5,5811903.5,11032278.632531373,0.0,1821.209765459511,SOV|3:1,SOV|3|Nov:1,bc278e7235743ec2,400,1-200,201-300,1
7,3,7;9;10,17097715.631867547,6003036.0,11094679.631867547,191132.5,5811903.5,11092748.502932811,853.4900202626828,1077.6389144730827,SOV|3:1,CTV|3|Jan:1,bc278e7235743ec2,400,1-200,201-300,1
9,6,1;2;3;6;7;8,17001363.708265506,5811903.5,11189460.208265506,0.0,5811903.5,11188382.569351034,0.0,1077.6389144730827,SOV|3:1,,bc278e7235743ec2,400,1-200,201-300,1
9,1,4,17177407.645499405,6003036.0,11174371.645499408,191132.5,5811903.5,11173112.963247301,181.04333763147824,1077.6389144730827,SOV|3:1,CTV|3|Nov:1,bc278e7235743ec2,400,1-200,201-300,1
9,1,5,17610721.842296835,6576622.0,11034099.842296833,764718.5,5811903.5,11032278.632531373,0.0,1821.209765459511,SOV|3:1,SOV|3|Nov:1,bc278e7235743ec2,400,1-200,201-300,1
9,2,9;10,17097715.631867547,6003036.0,11094679.631867547,191132.5,5811903.5,11092748.502932811,853.4900202626828,1077.6389144730827,SOV|3:1,CTV|3|Jan:1,bc278e7235743ec2,400,1-200,201-300,1
12,8,1;2;3;4;5;6;7;8,17001363.708265506,5811903.5,11189460.208265506,0.0,5811903.5,11188382.569351034,0.0,1077.6389144730827,SOV|3:1,,bc278e7235743ec2,400,1-200,201-300,1
12,2,9;10,17097715.631867547,6003036.0,11094679.631867547,191132.5,5811903.5,11092748.502932811,853.4900202626828,1077.6389144730827,SOV|3:1,CTV|3|Jan:1,bc278e7235743ec2,400,1-200,201-300,1
1,8,11;12;14;15;16;18;19;20,17001363.708265506,5811903.5,11189460.208265506,0.0,5811903.5,11188382.569351034,0.0,1077.6389144730827,SOV|3:1,,bc278e7235743ec2,99,1-200,201-300,1
1,1,13,18065751.860272497,7341340.5,10724411.360272499,1529437.0,5811903.5,10721490.958814276,0.0,2920.401458222057,SOV|3:1,SOV|3|Dec:1;SOV|3|Jan:1,bc278e7235743ec2,99,1-200,201-300,1
1,1,17,18146141.524091884,7341340.5,10804801.024091883,1529437.0,5811903.5,10802699.628208663,0.0,2101.3958832225117,SOV|3:1,SOV|3|Dec:1;SOV|3|Nov:1,bc278e7235743ec2,99,1-200,201-300,1
3,8,11;13;14;15;16;17;18;20,17001363.708265506,5811903.5,11189460.208265506,0.0,5811903.5,11188382.569351034,0.0,1077.6389144730827,SOV|3:1,,bc278e7235743ec2,99,1-200,201-300,1
3,2,12;19,17097715.631867547,6003036.0,11094679.631867547,191132.5,5811903.5,11092748.502932811,853.4900202626828,1077.6389144730827,SOV|3:1,CTV|3|Jan:1,bc278e7235743ec2,99,1-200,201-300,1
5,10,11;12;13;14;15;16;17;18;19;20,17001363.708265506,5811903.5,11189460.208265506,0.0,5811903.5,11188382.569351034,0.0,1077.6389144730827,SOV|3:1,,bc278e7235743ec2,99,1-200,201-300,1
7,9,11;13;14;15;16;17;18;19;20,17001363.708265506,5811903.5,11189460.208265506,0.0,5811903.5,11188382.569351034,0.0,1077.6389144730827,SOV|3:1,,bc278e7235743ec2,99,1-200,201-300,1
7,1,12,17097715.631867547,6003036.0,11094679.631867547,191132.5,5811903.5,11092748.502932811,853.4900202626828,1077.6389144730827,SOV|3:1,CTV|3|Jan:1,bc278e7235743ec2,99,1-200,201-300,1
9,9,11;13;14;15;16;17;18;19;20,17001363.708265506,5811903.5,11189460.208265506,0.0,5811903.5,11188382.569351034,0.0,1077.6389144730827,SOV|3:1,,bc278e7235743ec2,99,1-200,201-300,1
9,1,12,17097715.631867547,6003036.0,11094679.631867547,191132.5,5811903.5,11092748.502932811,853.4900202626828,1077.6389144730827,SOV|3:1,CTV|3|Jan:1,bc278e7235743ec2,99,1-200,201-300,1
12,10,11;12;13;14;15;16;17;18;19;20,17001363.708265506,5811903.5,11189460.208265506,0.0,5811903.5,11188382.569351034,0.0,1077.6389144730827,SOV|3:1,,bc278e7235743ec2,99,1-200,201-300,1
