instance_id,tree_size,objective,first_stage_cost,second_stage_cost,charter_cost_ST,charter_cost_LT,downtime_cost,travel_cost_S,travel_cost_M,runtime,MIPGap,gamma_LT,gamma_ST,scenarios,param_signature,seed,iss_pool,oos_pool,nested_trees
1,1,11829998.857476972,5811903.5,6018095.357476966,0.0,5811903.5,6017017.718562493,0.0,1077.6389144730852,0.7089998722076416,3.534045264127825e-05,SOV|3:1,,85,bc278e7235743ec2,400,1-200,201-300,1
1,3,13694136.497679837,5811903.5,7882232.997679834,0.0,5811903.5,7881155.358765359,0.0,1077.6389144730852,2.8279998302459717,9.527181035918811e-05,SOV|3:1,,38;47;85,bc278e7235743ec2,400,1-200,201-300,1
1,5,14955586.244389215,5811903.5,9143682.744389214,0.0,5811903.5,9142605.10547474,0.0,1077.6389144730852,4.732000112533569,4.4069709173748305e-05,SOV|3:1,,32;38;47;85;150,bc278e7235743ec2,400,1-200,201-300,1
1,7,14162068.630117292,5811903.5,8350165.130117285,0.0,5811903.5,8349087.491202806,0.0,1077.6389144730852,7.098999977111816,9.621041869132331e-05,SOV|3:1,,32;38;47;61;85;150;190,bc278e7235743ec2,400,1-200,201-300,1
1,9,15289073.307613928,5811903.5,9477169.807613924,0.0,5811903.5,9476092.168699455,0.0,1077.6389144730854,10.864999771118164,2.9806989488287034e-05,SOV|3:1,,32;38;47;61;67;85;118;150;190,bc278e7235743ec2,400,1-200,201-300,1
1,12,15949550.115961567,5811903.5,10137646.615961637,0.0,5811903.5,10136568.977047157,0.0,1077.6389144730845,40.42199993133545,0.0,SOV|3:1,,13;32;38;47;61;62;67;75;85;118;150;190,bc278e7235743ec2,400,1-200,201-300,1
2,1,23611641.95191529,6003036.0,17608605.951915283,191132.5,5811903.5,17606666.20186923,862.1111315784681,1077.6389144730852,2.995000123977661,0.0,SOV|3:1,CTV|3|Nov:1,5,bc278e7235743ec2,400,1-200,201-300,1
2,3,20941015.745223798,6003036.0,14937979.74522378,191132.5,5811903.5,14936039.995177733,862.1111315784681,1077.6389144730852,6.053000211715698,5.633529441374827e-05,SOV|3:1,CTV|3|Jan:1,5;89;196,bc278e7235743ec2,400,1-200,201-300,1
2,5,17818602.295679465,5811903.5,12006698.795679467,0.0,5811903.5,12005621.156764993,0.0,1077.6389144730852,25.16100001335144,9.431806612170144e-05,SOV|3:1,,5;19;66;89;196,bc278e7235743ec2,400,1-200,201-300,1
2,7,17730293.324173972,5811903.5,11918389.824173972,0.0,5811903.5,11917312.185259506,0.0,1077.6389144730852,14.873999834060669,8.601718031864287e-05,SOV|3:1,,5;19;66;89;99;159;196,bc278e7235743ec2,400,1-200,201-300,1
2,9,17664745.061139062,5811903.5,11852841.56113903,0.0,5811903.5,11851763.92222456,0.0,1077.6389144730854,20.027000188827515,8.034835614889813e-05,SOV|3:1,,5;6;19;66;89;99;159;167;196,bc278e7235743ec2,400,1-200,201-300,1
2,12,17698702.012363344,5811903.5,11886798.512363339,0.0,5811903.5,11885720.873448858,0.0,1077.6389144730845,27.60199999809265,6.695018023947339e-05,SOV|3:1,,4;5;6;10;19;66;89;99;122;159;167;196,bc278e7235743ec2,400,1-200,201-300,1
3,1,11481405.95278189,5811903.5,5669502.45278189,0.0,5811903.5,5668424.813867416,0.0,1077.6389144730852,0.9830000400543213,0.0,SOV|3:1,,131,bc278e7235743ec2,400,1-200,201-300,1
3,3,14605874.367504582,6003036.0,8602838.367504567,191132.5,5811903.5,8600611.247081328,1149.4815087712907,1077.6389144730852,4.2200000286102295,6.387110504327115e-05,SOV|3:1,CTV|3|Jan:1,27;84;131,bc278e7235743ec2,400,1-200,201-300,1
3,5,15080319.890802922,5811903.5,9268416.39080292,0.0,5811903.5,9267338.751888447,0.0,1077.6389144730852,8.948999881744385,9.252462648922941e-06,SOV|3:1,,27;84;131;133;159,bc278e7235743ec2,400,1-200,201-300,1
3,7,15654400.214521978,5811903.5,9842496.714521958,0.0,5811903.5,9841419.075607492,0.0,1077.6389144730852,13.029000043869019,6.352758769197622e-05,SOV|3:1,,27;67;84;131;133;135;159,bc278e7235743ec2,400,1-200,201-300,1
3,9,16122034.867381297,5811903.5,10310131.367381282,0.0,5811903.5,10309053.728466813,0.0,1077.6389144730854,17.965999841690063,3.9252627601099016e-05,SOV|3:1,,27;67;84;86;131;133;135;155;159,bc278e7235743ec2,400,1-200,201-300,1
3,12,15897361.589006573,5811903.5,10085458.089006588,0.0,5811903.5,10084380.450092107,0.0,1077.6389144730845,27.3270001411438,9.47917871266699e-05,SOV|3:1,,27;67;81;84;86;128;131;133;135;152;155;159,bc278e7235743ec2,400,1-200,201-300,1
4,1,14079672.992130054,6003036.0,8076636.992130056,191132.5,5811903.5,8073835.130952425,1724.2222631569362,1077.6389144730852,1.313999891281128,4.762383612964602e-11,SOV|3:1,CTV|3|Jan:1,84,bc278e7235743ec2,400,1-200,201-300,1
4,3,14938835.74813181,6003036.0,8935799.748131802,191132.5,5811903.5,8933285.257331371,1436.8518859641133,1077.6389144730852,4.64900016784668,1.122162839575703e-15,SOV|3:1,CTV|3|Jan:1,76;84;200,bc278e7235743ec2,400,1-200,201-300,1
4,5,16769181.325754337,5811903.5,10957277.82575435,0.0,5811903.5,10956200.186839877,0.0,1077.6389144730852,10.209999799728394,1.806034836345628e-05,SOV|3:1,,44;76;84;101;200,bc278e7235743ec2,400,1-200,201-300,1
4,7,17739441.739845697,6194168.5,11545273.239845673,382265.0,5811903.5,11543579.807265792,615.7936654131914,1077.6389144730852,56.574000120162964,9.739824643948589e-05,SOV|3:1,CTV|3|Nov:2,44;76;84;101;192;193;200,bc278e7235743ec2,400,1-200,201-300,1
4,9,18133089.26827891,6003036.0,12130053.268278893,191132.5,5811903.5,12128688.25898723,287.3703771928227,1077.6389144730854,72.42499995231628,9.443624316329473e-05,SOV|3:1,CTV|3|Nov:1,19;44;45;76;84;101;192;193;200,bc278e7235743ec2,400,1-200,201-300,1
4,12,17318104.001763653,5811903.5,11506200.501763655,0.0,5811903.5,11505122.862849174,0.0,1077.6389144730845,1226.7109999656677,0.0,SOV|3:1,,19;44;45;76;84;101;105;139;155;192;193;200,bc278e7235743ec2,400,1-200,201-300,1
5,1,12236177.002984032,5811903.5,6424273.502984043,0.0,5811903.5,6423195.86406957,0.0,1077.6389144730852,1.1790001392364502,0.0,SOV|3:1,,151,bc278e7235743ec2,400,1-200,201-300,1
5,3,15926938.138491064,5811903.5,10115034.638491064,0.0,5811903.5,10113956.999576595,0.0,1077.6389144730852,4.423999786376953,0.0,SOV|3:1,,6;91;151,bc278e7235743ec2,400,1-200,201-300,1
5,5,15615860.825564895,5811903.5,9803957.325564887,0.0,5811903.5,9802879.686650414,0.0,1077.6389144730852,8.342999935150146,2.341007560185185e-05,SOV|3:1,,6;47;91;113;151,bc278e7235743ec2,400,1-200,201-300,1
5,7,17158215.464532524,6576622.0,10581593.464532517,764718.5,5811903.5,10579746.08353629,0.0,1847.3809962395749,17.088000059127808,3.255079644990381e-05,SOV|3:1,SOV|3|Nov:1,6;47;91;113;151;182;183,bc278e7235743ec2,400,1-200,201-300,1
5,9,17299876.67050288,6576622.0,10723254.670502855,764718.5,5811903.5,10721338.867988242,0.0,1915.8025146188172,79.28200006484985,1.9922920072997567e-05,SOV|3:1,SOV|3|Nov:1,6;47;91;113;116;127;151;182;183,bc278e7235743ec2,400,1-200,201-300,1
5,12,17465173.05345273,5811903.5,11653269.553452695,0.0,5811903.5,11652191.914538214,0.0,1077.6389144730845,121.31500005722046,1.7063857481677586e-15,SOV|3:1,,2;6;47;91;113;116;127;151;165;167;182;183,bc278e7235743ec2,400,1-200,201-300,1
6,1,13064847.673894746,5811903.5,7252944.173894746,0.0,5811903.5,7251866.534980273,0.0,1077.6389144730852,1.1770000457763672,9.864277401355269e-10,SOV|3:1,,128,bc278e7235743ec2,400,1-200,201-300,1
6,3,15549278.282449676,5811903.5,9737374.782449674,0.0,5811903.5,9736297.143535204,0.0,1077.6389144730852,4.460000038146973,3.234324970953751e-15,SOV|3:1,,4;74;128,bc278e7235743ec2,400,1-200,201-300,1
6,5,17107481.726038545,6576622.0,10530859.72603855,764718.5,5811903.5,10529135.503775392,0.0,1724.2222631569357,9.878000020980835,8.871463344825397e-05,SOV|3:1,SOV|3|Nov:1,4;74;121;128;182,bc278e7235743ec2,400,1-200,201-300,1
6,7,16159885.062742123,6576622.0,9583263.062742129,764718.5,5811903.5,9581723.578578606,0.0,1539.484163532979,29.625999927520752,8.585537023135393e-05,SOV|3:1,SOV|3|Nov:1,3;4;74;121;128;155;182,bc278e7235743ec2,400,1-200,201-300,1
6,9,16356644.44195442,5811903.5,10544740.941954408,0.0,5811903.5,10543663.303039938,0.0,1077.6389144730854,98.22000002861023,0.0,SOV|3:1,,3;4;7;59;74;121;128;155;182,bc278e7235743ec2,400,1-200,201-300,1
6,12,16447847.03305331,5811903.5,10635943.533053316,0.0,5811903.5,10634865.894138835,0.0,1077.6389144730845,46.22200012207031,9.36432940762953e-05,SOV|3:1,,3;4;7;15;59;74;109;121;128;153;155;182,bc278e7235743ec2,400,1-200,201-300,1
7,1,20448963.27172946,6958887.0,13490076.271729466,1146983.5,5811903.5,13486196.771637361,1724.2222631569362,2155.2778289461703,1.2079999446868896,3.64350040533556e-16,SOV|3:1,CTV|3|Jan:2;SOV|3|Feb:1,95,bc278e7235743ec2,400,1-200,201-300,1
7,3,14632120.941898182,6003036.0,8629084.941898165,191132.5,5811903.5,8627719.932606503,287.3703771928227,1077.6389144730852,4.286999940872192,5.17454602815664e-05,SOV|3:1,CTV|3|Jan:1,11;54;95,bc278e7235743ec2,400,1-200,201-300,1
7,5,15494466.37466229,6003036.0,9491430.374662278,191132.5,5811903.5,9490007.891295174,344.84445263138724,1077.6389144730852,8.358000040054321,9.800609702514907e-05,SOV|3:1,CTV|3|Jan:1,11;54;95;103;184,bc278e7235743ec2,400,1-200,201-300,1
7,7,16002969.017644646,6003036.0,9999933.017644648,191132.5,5811903.5,9998609.061264016,246.31746616527658,1077.6389144730852,10.99400019645691,7.724553977517468e-05,SOV|3:1,CTV|3|Jan:1,11;48;54;95;103;126;184,bc278e7235743ec2,400,1-200,201-300,1
7,9,16365392.653115936,5811903.5,10553489.153115934,0.0,5811903.5,10552411.514201464,0.0,1077.6389144730854,19.528000116348267,9.302069927486584e-05,SOV|3:1,,11;48;54;95;103;126;128;158;184,bc278e7235743ec2,400,1-200,201-300,1
7,12,16997363.62142907,5811903.5,11185460.121429093,0.0,5811903.5,11184382.482514612,0.0,1077.6389144730845,28.986000061035156,5.899398768247197e-05,SOV|3:1,,11;20;48;54;94;95;103;125;126;128;158;184,bc278e7235743ec2,400,1-200,201-300,1
8,1,22510774.396757178,6576622.0,15934152.39675717,764718.5,5811903.5,15931997.118928224,0.0,2155.2778289461703,2.0310001373291016,5.682237555826368e-12,SOV|3:1,SOV|3|Nov:1,92,bc278e7235743ec2,400,1-200,201-300,1
8,3,18223975.14626233,5811903.5,12412071.646262312,0.0,5811903.5,12410994.007347843,0.0,1077.6389144730852,4.026000022888184,6.341089504515719e-05,SOV|3:1,,56;92;98,bc278e7235743ec2,400,1-200,201-300,1
8,5,18479600.620254286,5811903.5,12667697.120254304,0.0,5811903.5,12666619.48133983,0.0,1077.6389144730852,8.977999925613403,3.3081382227476426e-05,SOV|3:1,,56;92;98;118;143,bc278e7235743ec2,400,1-200,201-300,1
8,7,17932756.291311108,5811903.5,12120852.791311113,0.0,5811903.5,12119775.152396647,0.0,1077.6389144730852,13.348000049591064,4.4254988974889734e-05,SOV|3:1,,1;16;56;92;98;118;143,bc278e7235743ec2,400,1-200,201-300,1
8,9,17903674.487186696,5811903.5,12091770.987186735,0.0,5811903.5,12090693.348272266,0.0,1077.6389144730854,17.19700002670288,6.893014174291286e-05,SOV|3:1,,1;15;16;56;92;98;118;126;143,bc278e7235743ec2,400,1-200,201-300,1
8,12,16990126.54558157,5811903.5,11178223.045581587,0.0,5811903.5,11177145.406667106,0.0,1077.6389144730845,23.706000089645386,7.396282367629914e-05,SOV|3:1,,1;15;16;56;75;92;98;109;118;126;143;175,bc278e7235743ec2,400,1-200,201-300,1
9,1,23237028.462133825,6003036.0,17233992.462133825,191132.5,5811903.5,17230328.489824615,2586.333394735404,1077.6389144730852,1.2319998741149902,9.456219002979915e-05,SOV|3:1,CTV|3|Jan:1,96,bc278e7235743ec2,400,1-200,201-300,1
9,3,19340906.832003396,5811903.5,13529003.332003403,0.0,5811903.5,13527925.693088934,0.0,1077.6389144730852,4.2129998207092285,5.216259386001495e-05,SOV|3:1,,58;96;122,bc278e7235743ec2,400,1-200,201-300,1
9,5,18418054.56251774,5811903.5,12606151.062517703,0.0,5811903.5,12605073.42360323,0.0,1077.6389144730852,7.710000038146973,3.158635089233966e-05,SOV|3:1,,36;58;96;101;122,bc278e7235743ec2,400,1-200,201-300,1
9,7,19498821.584462143,6003036.0,13495785.584462151,191132.5,5811903.5,13493599.516949939,1108.4285977437446,1077.6389144730852,12.2739999294281,8.974722355713208e-05,SOV|3:1,CTV|3|Jan:1,36;58;60;96;101;122;146,bc278e7235743ec2,400,1-200,201-300,1
9,9,18220368.57305263,6003036.0,12217332.573052648,191132.5,5811903.5,12215297.032880865,957.9012573094088,1077.6389144730854,18.355000019073486,3.3381547458645465e-05,SOV|3:1,CTV|3|Jan:1,8;36;58;60;96;101;122;146;155,bc278e7235743ec2,400,1-200,201-300,1
9,12,17915662.218421713,6003036.0,11912626.218421707,191132.5,5811903.5,11910542.78318706,1005.7963201748793,1077.6389144730845,26.651999950408936,8.29399639105129e-05,SOV|3:1,CTV|3|Jan:1,8;36;58;60;87;89;96;101;122;146;155;159,bc278e7235743ec2,400,1-200,201-300,1
10,1,16617754.038496751,6003036.0,10614718.03849675,191132.5,5811903.5,10611916.177319119,1724.2222631569362,1077.6389144730852,0.997999906539917,0.0,SOV|3:1,CTV|3|Jan:1,153,bc278e7235743ec2,400,1-200,201-300,1
10,3,14863999.786148086,6003036.0,8860963.786148086,191132.5,5811903.5,8858736.665724847,1149.4815087712907,1077.6389144730852,4.267999887466431,1.7543751657972205e-15,SOV|3:1,CTV|3|Jan:1,87;145;153,bc278e7235743ec2,400,1-200,201-300,1
10,5,17580496.112801943,6003036.0,11577460.11280194,191132.5,5811903.5,11575347.940529574,1034.5333578941618,1077.6389144730852,10.17300009727478,4.9687583793367523e-05,SOV|3:1,CTV|3|Jan:1,78;87;145;153;178,bc278e7235743ec2,400,1-200,201-300,1
10,7,16894066.70569392,6003036.0,10891030.705693915,191132.5,5811903.5,10889090.955647869,862.111131578468,1077.6389144730852,15.13700008392334,9.341237047863355e-05,SOV|3:1,CTV|3|Jan:1,78;87;145;148;153;174;178,bc278e7235743ec2,400,1-200,201-300,1
10,9,18075498.256510224,6003036.0,12072462.25651021,191132.5,5811903.5,12070426.716338426,957.9012573094088,1077.6389144730854,20.81499981880188,6.518046174366656e-05,SOV|3:1,CTV|3|Jan:1,25;78;87;143;145;148;153;174;178,bc278e7235743ec2,400,1-200,201-300,1
10,12,18282609.80408411,6003036.0,12279573.80408415,191132.5,5811903.5,12277634.054038098,862.111131578468,1077.6389144730845,29.66600012779236,7.188887207437952e-05,SOV|3:1,CTV|3|Jan:1,20;25;54;78;87;95;143;145;148;153;174;178,bc278e7235743ec2,400,1-200,201-300,1
11,1,14233905.94980596,5811903.5,8422002.449805964,0.0,5811903.5,8420924.81089149,0.0,1077.6389144730852,1.1399998664855957,5.288350145496134e-05,SOV|3:1,,90,bc278e7235743ec2,99,1-200,201-300,1
11,3,13810803.104064977,5811903.5,7998899.604064987,0.0,5811903.5,7997821.965150512,0.0,1077.6389144730852,4.016000032424927,5.5224591845986335e-05,SOV|3:1,,90;128;157,bc278e7235743ec2,99,1-200,201-300,1
11,5,15675079.003927052,5811903.5,9863175.503927065,0.0,5811903.5,9862097.865012592,0.0,1077.6389144730852,7.072999954223633,8.06641256216684e-05,SOV|3:1,,86;90;128;142;157,bc278e7235743ec2,99,1-200,201-300,1
11,7,15135393.194643805,5811903.5,9323489.694643773,0.0,5811903.5,9322412.055729307,0.0,1077.6389144730852,11.072999954223633,5.246225746380913e-05,SOV|3:1,,86;90;111;128;142;157;190,bc278e7235743ec2,99,1-200,201-300,1
11,9,15494959.934266236,5811903.5,9683056.434266217,0.0,5811903.5,9681978.795351747,0.0,1077.6389144730854,13.944999933242798,3.9857105410394295e-05,SOV|3:1,,51;86;90;111;128;133;142;157;190,bc278e7235743ec2,99,1-200,201-300,1
11,12,15754761.088622632,5811903.5,9942857.58862266,0.0,5811903.5,9941779.949708179,0.0,1077.6389144730845,20.879000186920166,2.9399886546303364e-05,SOV|3:1,,51;73;86;90;111;120;128;133;142;157;190;196,bc278e7235743ec2,99,1-200,201-300,1
12,1,14233905.94980596,5811903.5,8422002.449805964,0.0,5811903.5,8420924.81089149,0.0,1077.6389144730852,1.2180001735687256,5.288350145496134e-05,SOV|3:1,,90,bc278e7235743ec2,99,1-200,201-300,1
12,3,18793037.07722619,6003036.0,12790001.077226201,191132.5,5811903.5,12788348.697557347,574.7407543856453,1077.6389144730852,33.829999923706055,7.839656077705699e-05,SOV|3:1,CTV|3|Jan:1,90;102;123,bc278e7235743ec2,99,1-200,201-300,1
12,5,18928616.626650393,5811903.5,13116713.126650397,0.0,5811903.5,13115635.487735923,0.0,1077.6389144730852,39.545000076293945,6.324944847224117e-05,SOV|3:1,,20;90;102;123;197,bc278e7235743ec2,99,1-200,201-300,1
12,7,19942027.767549973,6003036.0,13938991.767549962,191132.5,5811903.5,13937298.334970081,615.7936654131914,1077.6389144730852,30.9229998588562,8.98111669684582e-05,SOV|3:1,CTV|3|Jan:1,5;20;90;95;102;123;197,bc278e7235743ec2,99,1-200,201-300,1
12,9,18310201.454035874,6003036.0,12307165.454035865,191132.5,5811903.5,12305608.864492739,478.9506286547044,1077.6389144730854,57.866000175476074,9.480422015989007e-05,SOV|3:1,CTV|3|Jan:1,5;20;61;90;95;102;123;187;197,bc278e7235743ec2,99,1-200,201-300,1
12,12,17689360.882189993,5811903.5,11877457.38218998,0.0,5811903.5,11876379.743275499,0.0,1077.6389144730845,83.72000002861023,8.928890609680175e-05,SOV|3:1,,5;20;61;66;90;95;102;108;123;125;187;197,bc278e7235743ec2,99,1-200,201-300,1
13,1,18834070.3518596,7341340.5,11492729.851859596,1529437.0,5811903.5,11489496.935116176,0.0,3232.916743419256,0.8259999752044678,1.9779528423042627e-16,SOV|3:1,SOV|3|Dec:1;SOV|3|Jan:1,44,bc278e7235743ec2,99,1-200,201-300,1
13,3,16337956.116960306,5811903.5,10526052.616960308,0.0,5811903.5,10524974.978045838,0.0,1077.6389144730852,3.8010001182556152,0.0,SOV|3:1,,44;115;175,bc278e7235743ec2,99,1-200,201-300,1
13,5,15606132.799826058,5811903.5,9794229.299826067,0.0,5811903.5,9793151.660911594,0.0,1077.6389144730852,8.95199990272522,3.481344791016742e-05,SOV|3:1,,44;53;82;115;175,bc278e7235743ec2,99,1-200,201-300,1
13,7,15968637.867486212,5811903.5,10156734.367486196,0.0,5811903.5,10155656.72857173,0.0,1077.6389144730852,14.78000020980835,8.758117979520124e-05,SOV|3:1,,44;53;75;82;115;171;175,bc278e7235743ec2,99,1-200,201-300,1
13,9,15325622.322661398,5811903.5,9513718.82266139,0.0,5811903.5,9512641.18374692,0.0,1077.6389144730854,20.490000009536743,9.875004532724741e-05,SOV|3:1,,44;53;75;79;82;115;168;171;175,bc278e7235743ec2,99,1-200,201-300,1
13,12,15632442.165763106,5811903.5,9820538.665763114,0.0,5811903.5,9819461.026848633,0.0,1077.6389144730845,28.55900001525879,9.204967182238417e-05,SOV|3:1,,44;53;75;79;82;94;100;115;166;168;171;175,bc278e7235743ec2,99,1-200,201-300,1
14,1,16330109.716180943,5811903.5,10518206.21618095,0.0,5811903.5,10517128.577266477,0.0,1077.6389144730852,2.739000082015991,2.281240214063383e-16,SOV|3:1,,142,bc278e7235743ec2,99,1-200,201-300,1
14,3,17318715.480333403,5811903.5,11506811.980333421,0.0,5811903.5,11505734.341418952,0.0,1077.6389144730852,4.986999988555908,0.0,SOV|3:1,,21;142;195,bc278e7235743ec2,99,1-200,201-300,1
14,5,16857850.799192555,5811903.5,11045947.299192565,0.0,5811903.5,11044869.660278091,0.0,1077.6389144730852,9.121999979019165,5.839203092553015e-05,SOV|3:1,,21;37;142;183;195,bc278e7235743ec2,99,1-200,201-300,1
14,7,16304780.186723053,5811903.5,10492876.68672305,0.0,5811903.5,10491799.047808584,0.0,1077.6389144730852,12.947999954223633,7.835759529417857e-05,SOV|3:1,,21;37;72;142;183;195;198,bc278e7235743ec2,99,1-200,201-300,1
14,9,17308025.38665693,5811903.5,11496121.88665695,0.0,5811903.5,11495044.24774248,0.0,1077.6389144730854,41.7810001373291,0.0,SOV|3:1,,21;37;72;130;142;146;183;195;198,bc278e7235743ec2,99,1-200,201-300,1
14,12,16907811.54439843,5811903.5,11095908.044398447,0.0,5811903.5,11094830.405483967,0.0,1077.6389144730845,48.32799983024597,4.717068538596563e-05,SOV|3:1,,21;37;51;72;130;142;146;157;174;183;195;198,bc278e7235743ec2,99,1-200,201-300,1
15,1,17057259.490741186,5811903.5,11245355.990741182,0.0,5811903.5,11244278.351826709,0.0,1077.6389144730852,1.0460000038146973,0.0,SOV|3:1,,72,bc278e7235743ec2,99,1-200,201-300,1
15,3,14790330.022699708,5811903.5,8978426.522699703,0.0,5811903.5,8977348.883785233,0.0,1077.6389144730852,4.5299999713897705,3.12042231592301e-05,SOV|3:1,,10;72;188,bc278e7235743ec2,99,1-200,201-300,1
15,5,14690238.947007602,5811903.5,8878335.447007608,0.0,5811903.5,8877257.808093134,0.0,1077.6389144730852,7.316999912261963,7.118686274013649e-05,SOV|3:1,,10;72;93;148;188,bc278e7235743ec2,99,1-200,201-300,1
15,7,14917753.398522476,5811903.5,9105849.898522478,0.0,5811903.5,9104772.259608012,0.0,1077.6389144730852,14.89299988746643,7.603682412264768e-05,SOV|3:1,,10;46;59;72;93;148;188,bc278e7235743ec2,99,1-200,201-300,1
15,9,14997373.711977907,5811903.5,9185470.211977916,0.0,5811903.5,9184392.573063446,0.0,1077.6389144730854,18.509999990463257,8.133492424401024e-05,SOV|3:1,,10;46;59;72;93;114;129;148;188,bc278e7235743ec2,99,1-200,201-300,1
15,12,15460190.893586334,5811903.5,9648287.393586341,0.0,5811903.5,9647209.75467186,0.0,1077.6389144730845,27.228000164031982,4.72431432838139e-05,SOV|3:1,,1;10;23;46;59;72;93;114;129;141;148;188,bc278e7235743ec2,99,1-200,201-300,1
16,1,15205647.18078299,5811903.5,9393743.680782994,0.0,5811903.5,9392666.04186852,0.0,1077.6389144730852,1.4069998264312744,8.968265611527569e-05,SOV|3:1,,167,bc278e7235743ec2,99,1-200,201-300,1
16,3,14748896.149792163,5811903.5,8936992.649792152,0.0,5811903.5,8935915.010877682,0.0,1077.6389144730852,4.245000123977661,1.2629047830519879e-15,SOV|3:1,,91;124;167,bc278e7235743ec2,99,1-200,201-300,1
16,5,14932214.781111475,5811903.5,9120311.281111486,0.0,5811903.5,9119233.642197013,0.0,1077.6389144730852,7.979000091552734,8.625586877034851e-05,SOV|3:1,,78;91;124;132;167,bc278e7235743ec2,99,1-200,201-300,1
16,7,15497752.430331862,5811903.5,9685848.930331845,0.0,5811903.5,9684771.291417379,0.0,1077.6389144730852,13.04699993133545,5.487706849265877e-05,SOV|3:1,,33;78;86;91;124;132;167,bc278e7235743ec2,99,1-200,201-300,1
16,9,15332316.218107326,5811903.5,9520412.718107332,0.0,5811903.5,9519335.079192862,0.0,1077.6389144730854,17.165000200271606,3.6445474827173017e-16,SOV|3:1,,33;70;78;81;86;91;124;132;167,bc278e7235743ec2,99,1-200,201-300,1
16,12,16073872.702593049,5811903.5,10261969.202593055,0.0,5811903.5,10260891.563678574,0.0,1077.6389144730845,31.41699981689453,9.206595598048013e-05,SOV|3:1,,24;33;36;70;78;81;86;91;96;124;132;167,bc278e7235743ec2,99,1-200,201-300,1
17,1,18719814.07393316,7341340.5,11378473.573933166,1529437.0,5811903.5,11376318.296104219,0.0,2155.2778289461703,3.6050000190734863,0.0,SOV|3:1,SOV|3|Dec:1;SOV|3|Nov:1,9,bc278e7235743ec2,99,1-200,201-300,1
17,3,16887150.962655816,5811903.5,11075247.462655822,0.0,5811903.5,11074169.823741352,0.0,1077.6389144730852,4.23199987411499,1.3235945980586094e-15,SOV|3:1,,9;105;143,bc278e7235743ec2,99,1-200,201-300,1
17,5,16584891.052688906,5811903.5,10772987.552688895,0.0,5811903.5,10771909.913774421,0.0,1077.6389144730852,7.196000099182129,8.014726691423276e-05,SOV|3:1,,9;16;100;105;143,bc278e7235743ec2,99,1-200,201-300,1
17,7,16031242.51080313,5811903.5,10219339.010803157,0.0,5811903.5,10218261.371888692,0.0,1077.6389144730852,12.57800006866455,1.7819783950244097e-05,SOV|3:1,,9;16;23;100;105;143;163,bc278e7235743ec2,99,1-200,201-300,1
17,9,15268163.296640104,5811903.5,9456259.796640107,0.0,5811903.5,9455182.157725638,0.0,1077.6389144730854,16.546000003814697,7.348090010865335e-05,SOV|3:1,,8;9;16;23;100;105;143;163;185,bc278e7235743ec2,99,1-200,201-300,1
17,12,15298782.237283394,5811903.5,9486878.737283394,0.0,5811903.5,9485801.098368913,0.0,1077.6389144730845,20.66100001335144,4.250553792893498e-05,SOV|3:1,,8;9;16;22;23;48;100;105;143;151;163;185,bc278e7235743ec2,99,1-200,201-300,1
18,1,15038670.336949022,5811903.5,9226766.836949015,0.0,5811903.5,9225689.198034542,0.0,1077.6389144730852,0.9489998817443848,0.0,SOV|3:1,,125,bc278e7235743ec2,99,1-200,201-300,1
18,3,15663448.270701153,5811903.5,9851544.77070115,0.0,5811903.5,9850467.13178668,0.0,1077.6389144730852,3.6040000915527344,6.81032984536509e-05,SOV|3:1,,125;152;164,bc278e7235743ec2,99,1-200,201-300,1
18,5,14506994.136815924,5811903.5,8695090.636815941,0.0,5811903.5,8694012.997901468,0.0,1077.6389144730852,7.276000022888184,3.4821911168769495e-05,SOV|3:1,,66;87;125;152;164,bc278e7235743ec2,99,1-200,201-300,1
18,7,15202301.073399613,5811903.5,9390397.57339961,0.0,5811903.5,9389319.934485145,0.0,1077.6389144730852,11.684000015258789,6.914166082276276e-05,SOV|3:1,,66;87;125;127;152;162;164,bc278e7235743ec2,99,1-200,201-300,1
18,9,16931178.83737006,5811903.5,11119275.337370021,0.0,5811903.5,11118197.698455552,0.0,1077.6389144730854,37.46400022506714,0.0,SOV|3:1,,45;66;87;125;127;130;152;162;164,bc278e7235743ec2,99,1-200,201-300,1
18,12,16763885.858032797,5811903.5,10951982.358032776,0.0,5811903.5,10950904.719118295,0.0,1077.6389144730845,54.93899989128113,4.391084938934127e-05,SOV|3:1,,45;66;83;87;125;127;130;143;152;162;164;173,bc278e7235743ec2,99,1-200,201-300,1
19,1,13895106.112032099,5811903.5,8083202.6120321015,0.0,5811903.5,8082124.973117628,0.0,1077.6389144730852,0.9029998779296875,0.0,SOV|3:1,,170,bc278e7235743ec2,99,1-200,201-300,1
19,3,15875694.450497553,6003036.0,9872658.450497556,191132.5,5811903.5,9870718.70045151,862.1111315784681,1077.6389144730852,5.6519999504089355,8.663954589399084e-05,SOV|3:1,CTV|3|Jan:1,113;146;170,bc278e7235743ec2,99,1-200,201-300,1
19,5,16409488.999753505,5811903.5,10597585.499753471,0.0,5811903.5,10596507.860838998,0.0,1077.6389144730852,22.467000007629395,0.0,SOV|3:1,,52;113;139;146;170,bc278e7235743ec2,99,1-200,201-300,1
19,7,17009636.097837806,5811903.5,11197732.597837802,0.0,5811903.5,11196654.958923336,0.0,1077.6389144730852,13.740999937057495,1.8182500937960644e-05,SOV|3:1,,30;52;113;139;142;146;170,bc278e7235743ec2,99,1-200,201-300,1
19,9,16839006.35899206,5811903.5,11027102.858992055,0.0,5811903.5,11026025.220077585,0.0,1077.6389144730854,20.04800009727478,8.198642990235284e-05,SOV|3:1,,30;52;81;113;117;139;142;146;170,bc278e7235743ec2,99,1-200,201-300,1
19,12,17226206.148354657,5811903.5,11414302.648354668,0.0,5811903.5,11413225.009440187,0.0,1077.6389144730845,32.19700002670288,5.788849141290208e-06,SOV|3:1,,30;52;77;81;113;117;122;132;139;142;146;170,bc278e7235743ec2,99,1-200,201-300,1
20,1,15579383.497914277,5811903.5,9767479.997914286,0.0,5811903.5,9766402.358999813,0.0,1077.6389144730852,1.1129999160766602,7.1735000918887035e-16,SOV|3:1,,111,bc278e7235743ec2,99,1-200,201-300,1
20,3,16427972.204678433,5811903.5,10616068.704678422,0.0,5811903.5,10614991.065763952,0.0,1077.6389144730852,4.324999809265137,0.0,SOV|3:1,,28;110;111,bc278e7235743ec2,99,1-200,201-300,1
20,5,16840754.41364478,5811903.5,11028850.913644794,0.0,5811903.5,11027773.274730321,0.0,1077.6389144730852,9.348999977111816,6.29627853231655e-05,SOV|3:1,,28;70;99;110;111,bc278e7235743ec2,99,1-200,201-300,1
20,7,16416464.81812188,5811903.5,10604561.318121856,0.0,5811903.5,10603483.67920739,0.0,1077.6389144730852,10.846999883651733,6.921483242578834e-05,SOV|3:1,,28;61;70;99;110;111;123,bc278e7235743ec2,99,1-200,201-300,1
20,9,17563257.05523905,5811903.5,11751353.555239066,0.0,5811903.5,11750275.916324597,0.0,1077.6389144730854,47.39100003242493,8.430279655944478e-05,SOV|3:1,,28;60;61;70;99;110;111;123;136,bc278e7235743ec2,99,1-200,201-300,1
20,12,17092183.8117221,5811903.5,11280280.31172213,0.0,5811903.5,11279202.672807649,0.0,1077.6389144730845,55.979000091552734,8.567207565992989e-05,SOV|3:1,,19;28;42;43;60;61;70;99;110;111;123;136,bc278e7235743ec2,99,1-200,201-300,1
