tree_size,count,instances,objective,first_stage_cost,second_stage_cost,charter_cost_ST,charter_cost_LT,charter_cost_mob,downtime_cost,travel_cost_S,travel_cost_M,runtime,MIPGap,eta,gamma_LT,gamma_ST,alpha,param_signature,seed,iss_pool,oos_pool,iss_file
1,1,1,29110847.864337806,8203525.0,20907322.8643379,5865000.0,1811250.0,527275.0,20145227.85754601,469092.96004856506,293002.0467432609,1.131141161441803,0.009345204382653554,5:1,CTV|5:2,CTV|5|Aug:1;CTV|5|Jul:1;CTV|5|Jun:1;CTV|5|May:1;SOV|5|Apr:1;SOV|5|Dec:1;SOV|5|Feb:1;SOV|5|Jan:1;SOV|5|Mar:1;SOV|5|Nov:1;SOV|5|Oct:1;SOV|5|Sep:1,SOV1|5|Apr:1;SOV1|5|Dec:1;SOV1|5|Feb:1;SOV1|5|Jan:1;SOV1|5|Mar:1;SOV1|5|Nov:1;SOV1|5|Oct:1;SOV1|5|Sep:1,f625172cf7d9ff2c,200,1-500,501-1500,mip_count_under_4_ISS.csv
1,2,2;10,28910208.800559074,9917600.0,18992608.80055915,258750.0,9056250.0,602600.0,18332981.125645794,265118.0611168836,394509.6137963842,1.5425607104301453,0.009485738202028094,5:1,CTV|5:2;SOV|5:1,CTV|5|Apr:1;CTV|5|Mar:1;CTV|5|Oct:1,SOV1|5|Apr:1;SOV1|5|Aug:1;SOV1|5|Dec:1;SOV1|5|Feb:1;SOV1|5|Jan:1;SOV1|5|Jul:1;SOV1|5|Jun:1;SOV1|5|Mar:1;SOV1|5|May:1;SOV1|5|Nov:1;SOV1|5|Oct:1;SOV1|5|Sep:1,f625172cf7d9ff2c,200,1-500,501-1500,mip_count_under_4_ISS.csv
1,1,3,29171533.067313876,8365100.0,20806433.067313958,5951250.0,1811250.0,602600.0,20044926.974442776,471538.919916466,289967.17295461154,1.1042427282333374,0.009652392398361166,5:1,CTV|5:2,CTV|5|Aug:1;CTV|5|Dec:1;CTV|5|Jul:1;CTV|5|Jun:1;CTV|5|May:1;SOV|5|Apr:1;SOV|5|Dec:1;SOV|5|Feb:1;SOV|5|Jan:1;SOV|5|Mar:1;SOV|5|Nov:1;SOV|5|Oct:1;SOV|5|Sep:1,SOV1|5|Apr:1;SOV1|5|Dec:1;SOV1|5|Feb:1;SOV1|5|Jan:1;SOV1|5|Mar:1;SOV1|5|Nov:1;SOV1|5|Oct:1;SOV1|5|Sep:1,f625172cf7d9ff2c,200,1-500,501-1500,mip_count_under_4_ISS.csv
1,2,4;17,29360884.87307197,11437325.0,17923559.873071983,1552500.0,9056250.0,828575.0,17307579.010607537,239850.40553901272,376130.456925358,1.5440281343460083,0.00935967945574342,5:1,CTV|5:2;SOV|5:1,CTV|5|Apr:1;CTV|5|Mar:1;SOV|5|Dec:1;SOV|5|Nov:1,SOV1|5|Apr:1;SOV1|5|Aug:1;SOV1|5|Dec:1;SOV1|5|Feb:1;SOV1|5|Jan:1;SOV1|5|Jul:1;SOV1|5|Jun:1;SOV1|5|Mar:1;SOV1|5|May:1;SOV1|5|Nov:1;SOV1|5|Oct:1;SOV1|5|Sep:1;SOV2|5|Dec:1;SOV2|5|Nov:1,f625172cf7d9ff2c,200,1-500,501-1500,mip_count_under_4_ISS.csv
1,1,5,28722489.160075758,9615725.0,19106764.16007581,862500.0,8150625.0,602600.0,18436423.119563684,238880.4040991435,431460.6364128905,1.9832458775043487,0.008052318120359685,5:1,CTV|5:1;SOV|5:1,CTV|5|Aug:1;CTV|5|Dec:2;CTV|5|Feb:2;CTV|5|Jan:2;CTV|5|Jul:1;CTV|5|Oct:1;CTV|5|Sep:1,SOV1|5|Apr:1;SOV1|5|Aug:1;SOV1|5|Dec:1;SOV1|5|Feb:1;SOV1|5|Jan:1;SOV1|5|Jul:1;SOV1|5|Jun:1;SOV1|5|Mar:1;SOV1|5|May:1;SOV1|5|Nov:1;SOV1|5|Oct:1;SOV1|5|Sep:1,f625172cf7d9ff2c,200,1-500,501-1500,mip_count_under_4_ISS.csv
1,1,6,30068279.19533863,10908900.0,19159379.195338733,8193750.0,1811250.0,903900.0,18465833.622099422,401555.4883943075,291990.08484490565,1.1598735477924347,0.009616682464674736,5:1,CTV|5:2,CTV|5|Aug:1;CTV|5|Dec:1;CTV|5|Jan:1;CTV|5|Jul:1;CTV|5|Jun:1;CTV|5|Oct:1;CTV|5|Sep:1;SOV|5|Apr:1;SOV|5|Dec:2;SOV|5|Feb:1;SOV|5|Jan:1;SOV|5|Mar:1;SOV|5|May:1;SOV|5|Nov:2;SOV|5|Oct:1;SOV|5|Sep:1,SOV1|5|Apr:1;SOV1|5|Dec:1;SOV1|5|Feb:1;SOV1|5|Jan:1;SOV1|5|Mar:1;SOV1|5|May:1;SOV1|5|Nov:1;SOV1|5|Oct:1;SOV1|5|Sep:1;SOV2|5|Dec:1;SOV2|5|Nov:1,f625172cf7d9ff2c,200,1-500,501-1500,mip_count_under_4_ISS.csv
1,1,7,29550246.189019337,11835800.0,17714446.189019393,1725000.0,9056250.0,1054550.0,17099289.20365833,242345.71816492296,372811.2671960638,1.525248054742813,0.009633878781024641,5:1,CTV|5:2;SOV|5:1,CTV|5|Jan:4;SOV|5|Dec:1;SOV|5|Nov:1,SOV1|5|Apr:1;SOV1|5|Aug:1;SOV1|5|Dec:1;SOV1|5|Feb:1;SOV1|5|Jan:1;SOV1|5|Jul:1;SOV1|5|Jun:1;SOV1|5|Mar:1;SOV1|5|May:1;SOV1|5|Nov:1;SOV1|5|Oct:1;SOV1|5|Sep:1;SOV2|5|Dec:1;SOV2|5|Nov:1,f625172cf7d9ff2c,200,1-500,501-1500,mip_count_under_4_ISS.csv
1,1,8,29354925.87491394,8440425.0,20914500.874914043,5951250.0,1811250.0,677925.0,20159878.122952957,464347.60793211113,290275.1440288964,1.171366224527359,0.00906937302356584,5:1,CTV|5:2,CTV|5|Apr:1;CTV|5|Jan:2;CTV|5|Jun:1;CTV|5|May:1;SOV|5|Aug:1;SOV|5|Dec:1;SOV|5|Feb:1;SOV|5|Jan:1;SOV|5|Mar:1;SOV|5|Nov:1;SOV|5|Oct:1;SOV|5|Sep:1,SOV1|5|Aug:1;SOV1|5|Dec:1;SOV1|5|Feb:1;SOV1|5|Jan:1;SOV1|5|Mar:1;SOV1|5|Nov:1;SOV1|5|Oct:1;SOV1|5|Sep:1,f625172cf7d9ff2c,200,1-500,501-1500,mip_count_under_4_ISS.csv
1,1,9,29402181.91616858,9292000.0,20110181.916168656,6727500.0,1811250.0,753250.0,19372773.663015366,422824.50596490613,314583.74718827166,1.227649810552597,0.009604631862368722,5:1,CTV|5:2,CTV|5|Dec:1;CTV|5|Jul:1;CTV|5|Jun:1;CTV|5|May:1;CTV|5|Oct:2;SOV|5|Apr:1;SOV|5|Aug:1;SOV|5|Dec:1;SOV|5|Feb:1;SOV|5|Jan:1;SOV|5|Mar:1;SOV|5|Nov:1;SOV|5|Oct:1;SOV|5|Sep:1,SOV1|5|Apr:1;SOV1|5|Aug:1;SOV1|5|Dec:1;SOV1|5|Feb:1;SOV1|5|Jan:1;SOV1|5|Mar:1;SOV1|5|Nov:1;SOV1|5|Oct:1;SOV1|5|Sep:1,f625172cf7d9ff2c,200,1-500,501-1500,mip_count_under_4_ISS.csv
1,1,11,29774905.245286487,8547950.0,21226955.24528663,6813750.0,905625.0,828575.0,20459322.382410116,498324.1024793751,269308.760396992,1.1016106491088866,0.008805887912034786,5:1,CTV|5:1,CTV|5|Apr:2;CTV|5|Aug:2;CTV|5|Dec:1;CTV|5|Jul:2;CTV|5|Jun:2;CTV|5|Mar:1;CTV|5|May:2;CTV|5|Nov:1;CTV|5|Oct:1;CTV|5|Sep:1;SOV|5|Dec:1;SOV|5|Feb:1;SOV|5|Jan:2;SOV|5|Mar:1;SOV|5|Nov:1;SOV|5|Oct:1;SOV|5|Sep:1,SOV1|5|Dec:1;SOV1|5|Feb:1;SOV1|5|Jan:1;SOV1|5|Mar:1;SOV1|5|Nov:1;SOV1|5|Oct:1;SOV1|5|Sep:1;SOV2|5|Jan:1,f625172cf7d9ff2c,200,1-500,501-1500,mip_count_under_4_ISS.csv
1,2,12;14,30961217.98930551,11048625.0,19912592.98930557,8107500.0,1811250.0,1129875.0,19194386.031122204,445542.9989170466,272663.9592662313,1.116731146812439,0.00946494162265637,5:1,CTV|5:2,CTV|5|Apr:1;CTV|5|Aug:1;CTV|5|Jul:1;CTV|5|Jun:1;CTV|5|May:1;CTV|5|Sep:1;SOV|5|Aug:1;SOV|5|Dec:1;SOV|5|Feb:3;SOV|5|Jan:2;SOV|5|Mar:1;SOV|5|Nov:1;SOV|5|Oct:1;SOV|5|Sep:1,SOV1|5|Aug:1;SOV1|5|Dec:1;SOV1|5|Feb:1;SOV1|5|Jan:1;SOV1|5|Mar:1;SOV1|5|Nov:1;SOV1|5|Oct:1;SOV1|5|Sep:1;SOV2|5|Feb:1;SOV2|5|Jan:1;SOV3|5|Feb:1,f625172cf7d9ff2c,200,1-500,501-1500,mip_count_under_4_ISS.csv
1,1,13,30165313.75665916,10445450.0,19719863.756659288,8711250.0,905625.0,828575.0,19036137.903891407,419667.65990035277,264058.1928674177,1.0906439714431764,0.00913211809854268,5:1,CTV|5:1,CTV|5|Apr:1;CTV|5|Aug:2;CTV|5|Feb:1;CTV|5|Jan:1;CTV|5|Jul:2;CTV|5|Jun:2;CTV|5|Mar:1;CTV|5|May:2;CTV|5|Sep:1;SOV|5|Apr:1;SOV|5|Dec:2;SOV|5|Feb:1;SOV|5|Jan:1;SOV|5|Mar:1;SOV|5|Nov:2;SOV|5|Oct:2;SOV|5|Sep:1,SOV1|5|Apr:1;SOV1|5|Dec:1;SOV1|5|Feb:1;SOV1|5|Jan:1;SOV1|5|Mar:1;SOV1|5|Nov:1;SOV1|5|Oct:1;SOV1|5|Sep:1;SOV2|5|Dec:1;SOV2|5|Nov:1;SOV2|5|Oct:1,f625172cf7d9ff2c,200,1-500,501-1500,mip_count_under_4_ISS.csv
1,1,15,28515592.479278054,9378825.0,19136767.479278147,776250.0,8150625.0,451950.0,18474025.23613553,241522.71662565164,421219.52651687793,1.9029496943950652,0.007928307368479399,5:1,CTV|5:1;SOV|5:1,CTV|5|Apr:1;CTV|5|Aug:1;CTV|5|Dec:1;CTV|5|Feb:1;CTV|5|Jan:1;CTV|5|Mar:1;CTV|5|Nov:1;CTV|5|Oct:1;CTV|5|Sep:1,SOV1|5|Apr:1;SOV1|5|Aug:1;SOV1|5|Dec:1;SOV1|5|Feb:1;SOV1|5|Jan:1;SOV1|5|Jul:1;SOV1|5|Jun:1;SOV1|5|Mar:1;SOV1|5|May:1;SOV1|5|Nov:1;SOV1|5|Oct:1;SOV1|5|Sep:1,f625172cf7d9ff2c,200,1-500,501-1500,mip_count_under_4_ISS.csv
1,1,16,30333759.369942583,9690475.0,20643284.369942717,6900000.0,1811250.0,979225.0,19908622.981570896,493840.1618282369,240821.2265434775,0.9578843157291412,0.009277262349591003,5:1,CTV|5:2,CTV|5|Apr:1;CTV|5|Aug:1;CTV|5|Feb:1;CTV|5|Jan:2;CTV|5|Jul:1;CTV|5|Jun:1;CTV|5|May:1;SOV|5|Dec:1;SOV|5|Feb:1;SOV|5|Jan:1;SOV|5|Mar:1;SOV|5|Nov:2;SOV|5|Oct:2;SOV|5|Sep:1,SOV1|5|Dec:1;SOV1|5|Feb:1;SOV1|5|Jan:1;SOV1|5|Mar:1;SOV1|5|Nov:1;SOV1|5|Oct:1;SOV1|5|Sep:1;SOV2|5|Nov:1;SOV2|5|Oct:1,f625172cf7d9ff2c,200,1-500,501-1500,mip_count_under_4_ISS.csv
1,1,18,29729548.91827904,9884825.0,19844723.918279085,7245000.0,1811250.0,828575.0,19128707.448235016,444463.18792584335,271553.2821181774,1.1114625341892241,0.009471641153697792,5:1,CTV|5:2,CTV|5|Apr:1;CTV|5|Jul:1;CTV|5|Jun:1;CTV|5|May:1;SOV|5|Aug:1;SOV|5|Dec:2;SOV|5|Feb:1;SOV|5|Jan:1;SOV|5|Mar:1;SOV|5|Nov:2;SOV|5|Oct:1;SOV|5|Sep:1,SOV1|5|Aug:1;SOV1|5|Dec:1;SOV1|5|Feb:1;SOV1|5|Jan:1;SOV1|5|Mar:1;SOV1|5|Nov:1;SOV1|5|Oct:1;SOV1|5|Sep:1;SOV2|5|Dec:1;SOV2|5|Nov:1,f625172cf7d9ff2c,200,1-500,501-1500,mip_count_under_4_ISS.csv
1,1,19,28636779.822694294,9756025.0,18880754.82269435,172500.0,9056250.0,527275.0,18222778.487356357,263235.9170100135,394740.41832788894,1.561644677400589,0.00943717106399429,5:1,CTV|5:2;SOV|5:1,CTV|5|Feb:1;CTV|5|Jan:1,SOV1|5|Apr:1;SOV1|5|Aug:1;SOV1|5|Dec:1;SOV1|5|Feb:1;SOV1|5|Jan:1;SOV1|5|Jul:1;SOV1|5|Jun:1;SOV1|5|Mar:1;SOV1|5|May:1;SOV1|5|Nov:1;SOV1|5|Oct:1;SOV1|5|Sep:1,f625172cf7d9ff2c,200,1-500,501-1500,mip_count_under_4_ISS.csv
1,1,20,31559301.105951194,9916450.0,21642851.1059513,6900000.0,1811250.0,1205200.0,20901137.323645,495923.47641127097,245790.30589494176,0.9972859935760499,0.009419772543991385,5:1,CTV|5:2,CTV|5|Apr:2;CTV|5|Aug:1;CTV|5|Jul:1;CTV|5|Jun:1;CTV|5|Mar:1;CTV|5|May:2;SOV|5|Aug:1;SOV|5|Dec:1;SOV|5|Feb:2;SOV|5|Jan:1;SOV|5|Nov:2;SOV|5|Oct:1;SOV|5|Sep:1,SOV1|5|Aug:1;SOV1|5|Dec:1;SOV1|5|Feb:1;SOV1|5|Jan:1;SOV1|5|Nov:1;SOV1|5|Oct:1;SOV1|5|Sep:1;SOV2|5|Feb:1;SOV2|5|Nov:1,f625172cf7d9ff2c,200,1-500,501-1500,mip_count_under_4_ISS.csv
3,1,1,28670895.11272461,9917600.0,18753295.112724666,258750.0,9056250.0,602600.0,18095044.80026926,266149.837468865,392100.47498648625,1.5359658691883087,0.0097474429705409,5:1,CTV|5:2;SOV|5:1,CTV|5|Dec:1;CTV|5|Jan:2,SOV1|5|Apr:1;SOV1|5|Aug:1;SOV1|5|Dec:1;SOV1|5|Feb:1;SOV1|5|Jan:1;SOV1|5|Jul:1;SOV1|5|Jun:1;SOV1|5|Mar:1;SOV1|5|May:1;SOV1|5|Nov:1;SOV1|5|Oct:1;SOV1|5|Sep:1,f625172cf7d9ff2c,200,1-500,501-1500,mip_count_under_4_ISS.csv
3,1,2,28992473.270280316,11189500.0,17802973.270280387,1380000.0,9056250.0,753250.0,17181527.56551478,239975.15127482763,381470.5534907189,1.561887008190155,0.009599937219445904,5:1,CTV|5:2;SOV|5:1,SOV|5|Dec:1;SOV|5|Jan:1,SOV1|5|Apr:1;SOV1|5|Aug:1;SOV1|5|Dec:1;SOV1|5|Feb:1;SOV1|5|Jan:1;SOV1|5|Jul:1;SOV1|5|Jun:1;SOV1|5|Mar:1;SOV1|5|May:1;SOV1|5|Nov:1;SOV1|5|Oct:1;SOV1|5|Sep:1;SOV2|5|Dec:1;SOV2|5|Jan:1,f625172cf7d9ff2c,200,1-500,501-1500,mip_count_under_4_ISS.csv
3,1,3,30283802.77512326,10401750.0,19882052.77512333,6555000.0,2716875.0,1129875.0,19134667.48241678,479815.788064931,267569.50464151445,1.0259939320087432,0.009932118863287995,5:1,CTV|5:3,CTV|5|Dec:4;SOV|5|Apr:1;SOV|5|Dec:2;SOV|5|Feb:1;SOV|5|Jan:1;SOV|5|Mar:1;SOV|5|Nov:1;SOV|5|Oct:1;SOV|5|Sep:1,SOV1|5|Apr:1;SOV1|5|Dec:1;SOV1|5|Feb:1;SOV1|5|Jan:1;SOV1|5|Mar:1;SOV1|5|Nov:1;SOV1|5|Oct:1;SOV1|5|Sep:1;SOV2|5|Dec:1,f625172cf7d9ff2c,200,1-500,501-1500,mip_count_under_4_ISS.csv
3,1,4,29525323.17413644,9152275.0,20373048.174136594,6813750.0,1811250.0,527275.0,19636559.638065867,424995.9646106954,311492.57145993924,1.217767268896103,0.009869061141007086,5:1,CTV|5:2,CTV|5|Aug:1;CTV|5|Jul:1;CTV|5|Jun:1;CTV|5|May:1;CTV|5|Nov:1;CTV|5|Oct:1;CTV|5|Sep:1;SOV|5|Apr:1;SOV|5|Dec:1;SOV|5|Feb:1;SOV|5|Jan:1;SOV|5|Mar:1;SOV|5|May:1;SOV|5|Nov:1;SOV|5|Oct:1;SOV|5|Sep:1,SOV1|5|Apr:1;SOV1|5|Dec:1;SOV1|5|Feb:1;SOV1|5|Jan:1;SOV1|5|Mar:1;SOV1|5|May:1;SOV1|5|Nov:1;SOV1|5|Oct:1;SOV1|5|Sep:1,f625172cf7d9ff2c,200,1-500,501-1500,mip_count_under_4_ISS.csv
3,1,5,29451160.75799511,12041075.0,17410085.75799516,2156250.0,9056250.0,828575.0,16811727.077150326,227983.5509859864,370375.1298587578,1.5045306367874145,0.00988487926516663,5:1,CTV|5:2;SOV|5:1,CTV|5|Oct:1;SOV|5|Dec:1;SOV|5|Feb:1;SOV|5|Jan:1,SOV1|5|Apr:1;SOV1|5|Aug:1;SOV1|5|Dec:1;SOV1|5|Feb:1;SOV1|5|Jan:1;SOV1|5|Jul:1;SOV1|5|Jun:1;SOV1|5|Mar:1;SOV1|5|May:1;SOV1|5|Nov:1;SOV1|5|Oct:1;SOV1|5|Sep:1;SOV2|5|Dec:1;SOV2|5|Feb:1;SOV2|5|Jan:1,f625172cf7d9ff2c,200,1-500,501-1500,mip_count_under_4_ISS.csv
3,3,6;14;16,28561310.86464707,9508200.0,19053110.864647117,0.0,9056250.0,451950.0,18394972.645374056,259429.93973534217,398708.2795376363,1.6131283648014068,0.009280173717389257,5:1,CTV|5:2;SOV|5:1,nan,SOV1|5|Apr:1;SOV1|5|Aug:1;SOV1|5|Dec:1;SOV1|5|Feb:1;SOV1|5|Jan:1;SOV1|5|Jul:1;SOV1|5|Jun:1;SOV1|5|Mar:1;SOV1|5|May:1;SOV1|5|Nov:1;SOV1|5|Oct:1;SOV1|5|Sep:1,f625172cf7d9ff2c,200,1-500,501-1500,mip_count_under_4_ISS.csv
3,1,7,28945069.374948338,10499500.0,18445569.374948453,690000.0,9056250.0,753250.0,17806244.468837317,248334.41566025472,390990.49045077356,1.5701558673381806,0.009576295388730581,5:1,CTV|5:2;SOV|5:1,SOV|5|Jan:1,SOV1|5|Apr:1;SOV1|5|Aug:1;SOV1|5|Dec:1;SOV1|5|Feb:1;SOV1|5|Jan:1;SOV1|5|Jul:1;SOV1|5|Jun:1;SOV1|5|Mar:1;SOV1|5|May:1;SOV1|5|Nov:1;SOV1|5|Oct:1;SOV1|5|Sep:1;SOV2|5|Jan:1,f625172cf7d9ff2c,200,1-500,501-1500,mip_count_under_4_ISS.csv
3,1,8,29052693.26551508,10542625.0,18510068.26551515,1638750.0,8150625.0,753250.0,17876967.079077262,189337.00157604384,443764.1848618142,2.189944617033005,0.00921567807418553,5:1,CTV|5:1;SOV|5:1,CTV|5|Dec:1;CTV|5|Feb:1;CTV|5|Jan:1;SOV|5|Dec:1;SOV|5|Nov:1,SOV1|5|Apr:1;SOV1|5|Aug:1;SOV1|5|Dec:1;SOV1|5|Feb:1;SOV1|5|Jan:1;SOV1|5|Jul:1;SOV1|5|Jun:1;SOV1|5|Mar:1;SOV1|5|May:1;SOV1|5|Nov:1;SOV1|5|Oct:1;SOV1|5|Sep:1;SOV2|5|Dec:1;SOV2|5|Nov:1,f625172cf7d9ff2c,200,1-500,501-1500,mip_count_under_4_ISS.csv
3,1,9,29156642.791197073,10542625.0,18614017.791197147,1638750.0,8150625.0,753250.0,17987363.59829331,190678.95274053724,435975.2401632339,2.112690307855606,0.008791981546537467,5:1,CTV|5:1;SOV|5:1,CTV|5|Dec:1;CTV|5|Nov:1;CTV|5|Oct:1;SOV|5|Feb:1;SOV|5|Jan:1,SOV1|5|Apr:1;SOV1|5|Aug:1;SOV1|5|Dec:1;SOV1|5|Feb:1;SOV1|5|Jan:1;SOV1|5|Jul:1;SOV1|5|Jun:1;SOV1|5|Mar:1;SOV1|5|May:1;SOV1|5|Nov:1;SOV1|5|Oct:1;SOV1|5|Sep:1;SOV2|5|Feb:1;SOV2|5|Jan:1,f625172cf7d9ff2c,200,1-500,501-1500,mip_count_under_4_ISS.csv
3,1,10,29606842.632069543,11393625.0,18213217.63206963,1207500.0,9056250.0,1129875.0,17571531.600205958,255209.12318960458,386476.9086739913,1.552395170211792,0.009609378285873915,5:1,CTV|5:2;SOV|5:1,CTV|5|Dec:5;CTV|5|Jan:1;SOV|5|Dec:1,SOV1|5|Apr:1;SOV1|5|Aug:1;SOV1|5|Dec:1;SOV1|5|Feb:1;SOV1|5|Jan:1;SOV1|5|Jul:1;SOV1|5|Jun:1;SOV1|5|Mar:1;SOV1|5|May:1;SOV1|5|Nov:1;SOV1|5|Oct:1;SOV1|5|Sep:1;SOV2|5|Dec:1,f625172cf7d9ff2c,200,1-500,501-1500,mip_count_under_4_ISS.csv
3,1,11,28918388.602964547,10499500.0,18418888.602964643,690000.0,9056250.0,753250.0,17778210.83981899,249505.70232772228,391172.06081782136,1.5950624125003814,0.009763678844290956,5:1,CTV|5:2;SOV|5:1,SOV|5|Dec:1,SOV1|5|Apr:1;SOV1|5|Aug:1;SOV1|5|Dec:1;SOV1|5|Feb:1;SOV1|5|Jan:1;SOV1|5|Jul:1;SOV1|5|Jun:1;SOV1|5|Mar:1;SOV1|5|May:1;SOV1|5|Nov:1;SOV1|5|Oct:1;SOV1|5|Sep:1;SOV2|5|Dec:1,f625172cf7d9ff2c,200,1-500,501-1500,mip_count_under_4_ISS.csv
3,1,12,28896733.621100172,10251675.0,18645058.621100247,517500.0,9056250.0,677925.0,17987527.478816267,270795.08838915965,386736.0538947376,1.5097235894203187,0.009506749687110528,5:1,CTV|5:2;SOV|5:1,CTV|5|Dec:3;CTV|5|Feb:1;CTV|5|Jan:1;CTV|5|Nov:1,SOV1|5|Apr:1;SOV1|5|Aug:1;SOV1|5|Dec:1;SOV1|5|Feb:1;SOV1|5|Jan:1;SOV1|5|Jul:1;SOV1|5|Jun:1;SOV1|5|Mar:1;SOV1|5|May:1;SOV1|5|Nov:1;SOV1|5|Oct:1;SOV1|5|Sep:1,f625172cf7d9ff2c,200,1-500,501-1500,mip_count_under_4_ISS.csv
3,1,13,30098637.66684786,7858525.0,22240112.66684793,5520000.0,1811250.0,527275.0,21460875.062031046,525432.6511969366,253804.9536198574,1.0153062584400177,0.008388956732250827,5:1,CTV|5:2,CTV|5|Apr:1;CTV|5|Dec:1;CTV|5|Feb:1;CTV|5|Jan:1;CTV|5|Jul:1;CTV|5|Jun:1;CTV|5|Mar:1;CTV|5|May:1;SOV|5|Aug:1;SOV|5|Dec:1;SOV|5|Feb:1;SOV|5|Jan:1;SOV|5|Nov:1;SOV|5|Oct:1;SOV|5|Sep:1,SOV1|5|Aug:1;SOV1|5|Dec:1;SOV1|5|Feb:1;SOV1|5|Jan:1;SOV1|5|Nov:1;SOV1|5|Oct:1;SOV1|5|Sep:1,f625172cf7d9ff2c,200,1-500,501-1500,mip_count_under_4_ISS.csv
3,1,15,28658265.794231243,9928525.0,18729740.794231355,345000.0,9056250.0,527275.0,18071735.99147167,268799.200797944,389205.60196163616,1.5171047105789184,0.009696678275770467,5:1,CTV|5:2;SOV|5:1,CTV|5|Dec:1;CTV|5|Jan:1;CTV|5|Nov:1;CTV|5|Oct:1,SOV1|5|Apr:1;SOV1|5|Aug:1;SOV1|5|Dec:1;SOV1|5|Feb:1;SOV1|5|Jan:1;SOV1|5|Jul:1;SOV1|5|Jun:1;SOV1|5|Mar:1;SOV1|5|May:1;SOV1|5|Nov:1;SOV1|5|Oct:1;SOV1|5|Sep:1,f625172cf7d9ff2c,200,1-500,501-1500,mip_count_under_4_ISS.csv
3,1,17,28622782.25096164,9669775.0,18953007.250961717,86250.0,9056250.0,527275.0,18295078.08381523,261843.22612521623,396085.94102117734,1.5756911823749542,0.009613645803779132,5:1,CTV|5:2;SOV|5:1,CTV|5|Dec:1,SOV1|5|Apr:1;SOV1|5|Aug:1;SOV1|5|Dec:1;SOV1|5|Feb:1;SOV1|5|Jan:1;SOV1|5|Jul:1;SOV1|5|Jun:1;SOV1|5|Mar:1;SOV1|5|May:1;SOV1|5|Nov:1;SOV1|5|Oct:1;SOV1|5|Sep:1,f625172cf7d9ff2c,200,1-500,501-1500,mip_count_under_4_ISS.csv
3,1,18,29553664.385538526,12569500.0,16984164.385538615,2760000.0,9056250.0,753250.0,16411951.208957015,211876.54539739742,360336.63118410576,1.491231981277466,0.009641432458587264,5:1,CTV|5:2;SOV|5:1,SOV|5|Dec:1;SOV|5|Feb:1;SOV|5|Jan:1;SOV|5|Nov:1,SOV1|5|Apr:1;SOV1|5|Aug:1;SOV1|5|Dec:1;SOV1|5|Feb:1;SOV1|5|Jan:1;SOV1|5|Jul:1;SOV1|5|Jun:1;SOV1|5|Mar:1;SOV1|5|May:1;SOV1|5|Nov:1;SOV1|5|Oct:1;SOV1|5|Sep:1;SOV2|5|Dec:1;SOV2|5|Feb:1;SOV2|5|Jan:1;SOV2|5|Nov:1,f625172cf7d9ff2c,200,1-500,501-1500,mip_count_under_4_ISS.csv
3,1,19,28855456.99202042,10079175.0,18776281.99202047,345000.0,9056250.0,677925.0,18117997.381765533,266206.2991554494,392078.31109942106,1.5421087777614593,0.009330631390817051,5:1,CTV|5:2;SOV|5:1,CTV|5|Feb:1;CTV|5|Jan:2;CTV|5|Oct:1,SOV1|5|Apr:1;SOV1|5|Aug:1;SOV1|5|Dec:1;SOV1|5|Feb:1;SOV1|5|Jan:1;SOV1|5|Jul:1;SOV1|5|Jun:1;SOV1|5|Mar:1;SOV1|5|May:1;SOV1|5|Nov:1;SOV1|5|Oct:1;SOV1|5|Sep:1,f625172cf7d9ff2c,200,1-500,501-1500,mip_count_under_4_ISS.csv
3,1,20,28691366.225450832,9669775.0,19021591.225450885,86250.0,9056250.0,527275.0,18363759.191052426,260684.86557205176,397147.1688263818,1.6020457112789155,0.00937621043376677,5:1,CTV|5:2;SOV|5:1,CTV|5|Oct:1,SOV1|5|Apr:1;SOV1|5|Aug:1;SOV1|5|Dec:1;SOV1|5|Feb:1;SOV1|5|Jan:1;SOV1|5|Jul:1;SOV1|5|Jun:1;SOV1|5|Mar:1;SOV1|5|May:1;SOV1|5|Nov:1;SOV1|5|Oct:1;SOV1|5|Sep:1,f625172cf7d9ff2c,200,1-500,501-1500,mip_count_under_4_ISS.csv
5,2,1;4,28651952.171534453,9928525.0,18723427.17153452,345000.0,9056250.0,527275.0,18065941.129403528,268943.06802292966,388542.9741079913,1.5238303768634796,0.009526571590311122,5:1,CTV|5:2;SOV|5:1,CTV|5|Dec:1;CTV|5|Feb:1;CTV|5|Jan:1;CTV|5|Nov:1,SOV1|5|Apr:1;SOV1|5|Aug:1;SOV1|5|Dec:1;SOV1|5|Feb:1;SOV1|5|Jan:1;SOV1|5|Jul:1;SOV1|5|Jun:1;SOV1|5|Mar:1;SOV1|5|May:1;SOV1|5|Nov:1;SOV1|5|Oct:1;SOV1|5|Sep:1,f625172cf7d9ff2c,200,1-500,501-1500,mip_count_under_4_ISS.csv
5,3,2;3;10,28918388.602964547,10499500.0,18418888.602964643,690000.0,9056250.0,753250.0,17778210.83981899,249505.70232772228,391172.06081782136,1.5950624125003814,0.009763678844290956,5:1,CTV|5:2;SOV|5:1,SOV|5|Dec:1,SOV1|5|Apr:1;SOV1|5|Aug:1;SOV1|5|Dec:1;SOV1|5|Feb:1;SOV1|5|Jan:1;SOV1|5|Jul:1;SOV1|5|Jun:1;SOV1|5|Mar:1;SOV1|5|May:1;SOV1|5|Nov:1;SOV1|5|Oct:1;SOV1|5|Sep:1;SOV2|5|Dec:1,f625172cf7d9ff2c,200,1-500,501-1500,mip_count_under_4_ISS.csv
5,1,5,29931506.18892428,9755450.0,20176056.188924357,6210000.0,2716875.0,828575.0,19432113.912575815,510541.7751974944,233400.50115095184,0.9279398040771485,0.009716511055101436,5:1,CTV|5:3,SOV|5|Dec:2;SOV|5|Feb:1;SOV|5|Jan:1;SOV|5|Mar:1;SOV|5|Nov:2;SOV|5|Oct:1;SOV|5|Sep:1,SOV1|5|Dec:1;SOV1|5|Feb:1;SOV1|5|Jan:1;SOV1|5|Mar:1;SOV1|5|Nov:1;SOV1|5|Oct:1;SOV1|5|Sep:1;SOV2|5|Dec:1;SOV2|5|Nov:1,f625172cf7d9ff2c,200,1-500,501-1500,mip_count_under_4_ISS.csv
5,1,6,29026456.093980577,10661075.0,18365381.093980666,776250.0,9056250.0,828575.0,17725273.054931268,251709.9540312429,388398.08501809847,1.553027307510376,0.009470969714519493,5:1,CTV|5:2;SOV|5:1,CTV|5|Nov:1;SOV|5|Dec:1,SOV1|5|Apr:1;SOV1|5|Aug:1;SOV1|5|Dec:1;SOV1|5|Feb:1;SOV1|5|Jan:1;SOV1|5|Jul:1;SOV1|5|Jun:1;SOV1|5|Mar:1;SOV1|5|May:1;SOV1|5|Nov:1;SOV1|5|Oct:1;SOV1|5|Sep:1;SOV2|5|Dec:1,f625172cf7d9ff2c,200,1-500,501-1500,mip_count_under_4_ISS.csv
5,1,7,28724242.368372902,10014775.0,18709467.368372966,431250.0,9056250.0,527275.0,18051671.461672418,269994.8890202769,387801.0176801995,1.510447329521179,0.009669663129729118,5:1,CTV|5:2;SOV|5:1,CTV|5|Dec:1;CTV|5|Jan:1;CTV|5|Nov:1;CTV|5|Oct:1;CTV|5|Sep:1,SOV1|5|Apr:1;SOV1|5|Aug:1;SOV1|5|Dec:1;SOV1|5|Feb:1;SOV1|5|Jan:1;SOV1|5|Jul:1;SOV1|5|Jun:1;SOV1|5|Mar:1;SOV1|5|May:1;SOV1|5|Nov:1;SOV1|5|Oct:1;SOV1|5|Sep:1,f625172cf7d9ff2c,200,1-500,501-1500,mip_count_under_4_ISS.csv
5,3,8;11;20,28561310.86464707,9508200.0,19053110.864647117,0.0,9056250.0,451950.0,18394972.645374056,259429.93973534217,398708.2795376363,1.6131283648014068,0.009280173717389257,5:1,CTV|5:2;SOV|5:1,nan,SOV1|5|Apr:1;SOV1|5|Aug:1;SOV1|5|Dec:1;SOV1|5|Feb:1;SOV1|5|Jan:1;SOV1|5|Jul:1;SOV1|5|Jun:1;SOV1|5|Mar:1;SOV1|5|May:1;SOV1|5|Nov:1;SOV1|5|Oct:1;SOV1|5|Sep:1,f625172cf7d9ff2c,200,1-500,501-1500,mip_count_under_4_ISS.csv
5,1,9,29214162.605583802,8074150.0,21140012.60558393,4830000.0,2716875.0,527275.0,20353593.161288098,535095.5327417152,251323.91155399437,0.9685107083320618,0.008640282522363997,5:1,CTV|5:3,SOV|5|Dec:1;SOV|5|Feb:1;SOV|5|Jan:1;SOV|5|Mar:1;SOV|5|Nov:1;SOV|5|Oct:1;SOV|5|Sep:1,SOV1|5|Dec:1;SOV1|5|Feb:1;SOV1|5|Jan:1;SOV1|5|Mar:1;SOV1|5|Nov:1;SOV1|5|Oct:1;SOV1|5|Sep:1,f625172cf7d9ff2c,200,1-500,501-1500,mip_count_under_4_ISS.csv
5,1,12,28675485.590590402,9831350.0,18844135.590590473,172500.0,9056250.0,602600.0,18184815.226534452,263256.69995417085,396063.6641017664,1.5759300429821015,0.009038187547936068,5:1,CTV|5:2;SOV|5:1,CTV|5|Jan:2,SOV1|5|Apr:1;SOV1|5|Aug:1;SOV1|5|Dec:1;SOV1|5|Feb:1;SOV1|5|Jan:1;SOV1|5|Jul:1;SOV1|5|Jun:1;SOV1|5|Mar:1;SOV1|5|May:1;SOV1|5|Nov:1;SOV1|5|Oct:1;SOV1|5|Sep:1,f625172cf7d9ff2c,200,1-500,501-1500,mip_count_under_4_ISS.csv
5,1,13,29390793.010504853,12127325.0,17263468.010504898,2242500.0,9056250.0,828575.0,16665065.427942848,228981.91690174173,369420.66566027165,1.500823248386383,0.00978387688176129,5:1,CTV|5:2;SOV|5:1,CTV|5|Dec:1;CTV|5|Jan:1;SOV|5|Dec:1;SOV|5|Jan:1;SOV|5|Nov:1,SOV1|5|Apr:1;SOV1|5|Aug:1;SOV1|5|Dec:1;SOV1|5|Feb:1;SOV1|5|Jan:1;SOV1|5|Jul:1;SOV1|5|Jun:1;SOV1|5|Mar:1;SOV1|5|May:1;SOV1|5|Nov:1;SOV1|5|Oct:1;SOV1|5|Sep:1;SOV2|5|Dec:1;SOV2|5|Jan:1;SOV2|5|Nov:1,f625172cf7d9ff2c,200,1-500,501-1500,mip_count_under_4_ISS.csv
5,1,14,29149103.90908034,11189500.0,17959603.90908034,1380000.0,9056250.0,753250.0,17344611.766921196,236335.309920222,378656.8322388568,1.5498469350337982,0.00954974547145064,5:1,CTV|5:2;SOV|5:1,SOV|5|Dec:1;SOV|5|Nov:1,SOV1|5|Apr:1;SOV1|5|Aug:1;SOV1|5|Dec:1;SOV1|5|Feb:1;SOV1|5|Jan:1;SOV1|5|Jul:1;SOV1|5|Jun:1;SOV1|5|Mar:1;SOV1|5|May:1;SOV1|5|Nov:1;SOV1|5|Oct:1;SOV1|5|Sep:1;SOV2|5|Dec:1;SOV2|5|Nov:1,f625172cf7d9ff2c,200,1-500,501-1500,mip_count_under_4_ISS.csv
5,1,15,28702160.57972795,9842275.0,18859885.579728045,258750.0,9056250.0,527275.0,18203077.11129007,264814.2497803482,391994.218657537,1.5584614441394806,0.009409942842118756,5:1,CTV|5:2;SOV|5:1,CTV|5|Dec:1;CTV|5|Nov:1;CTV|5|Oct:1,SOV1|5|Apr:1;SOV1|5|Aug:1;SOV1|5|Dec:1;SOV1|5|Feb:1;SOV1|5|Jan:1;SOV1|5|Jul:1;SOV1|5|Jun:1;SOV1|5|Mar:1;SOV1|5|May:1;SOV1|5|Nov:1;SOV1|5|Oct:1;SOV1|5|Sep:1,f625172cf7d9ff2c,200,1-500,501-1500,mip_count_under_4_ISS.csv
5,1,16,28699525.28644673,10003850.0,18695675.2864468,345000.0,9056250.0,602600.0,18037722.725302894,267415.76622665516,390536.79491719475,1.5261499798297882,0.00945291803734966,5:1,CTV|5:2;SOV|5:1,CTV|5|Dec:1;CTV|5|Jan:2;CTV|5|Nov:1,SOV1|5|Apr:1;SOV1|5|Aug:1;SOV1|5|Dec:1;SOV1|5|Feb:1;SOV1|5|Jan:1;SOV1|5|Jul:1;SOV1|5|Jun:1;SOV1|5|Mar:1;SOV1|5|May:1;SOV1|5|Nov:1;SOV1|5|Oct:1;SOV1|5|Sep:1,f625172cf7d9ff2c,200,1-500,501-1500,mip_count_under_4_ISS.csv
5,1,17,28603820.588075217,9842275.0,18761545.588075258,258750.0,9056250.0,527275.0,18103920.68607742,267020.96381072194,390603.9381870688,1.546219404220581,0.009404694502189734,5:1,CTV|5:2;SOV|5:1,CTV|5|Dec:1;CTV|5|Jan:1;CTV|5|Nov:1,SOV1|5|Apr:1;SOV1|5|Aug:1;SOV1|5|Dec:1;SOV1|5|Feb:1;SOV1|5|Jan:1;SOV1|5|Jul:1;SOV1|5|Jun:1;SOV1|5|Mar:1;SOV1|5|May:1;SOV1|5|Nov:1;SOV1|5|Oct:1;SOV1|5|Sep:1,f625172cf7d9ff2c,200,1-500,501-1500,mip_count_under_4_ISS.csv
5,1,18,28622782.25096164,9669775.0,18953007.250961717,86250.0,9056250.0,527275.0,18295078.08381523,261843.22612521623,396085.94102117734,1.5756911823749542,0.009613645803779132,5:1,CTV|5:2;SOV|5:1,CTV|5|Dec:1,SOV1|5|Apr:1;SOV1|5|Aug:1;SOV1|5|Dec:1;SOV1|5|Feb:1;SOV1|5|Jan:1;SOV1|5|Jul:1;SOV1|5|Jun:1;SOV1|5|Mar:1;SOV1|5|May:1;SOV1|5|Nov:1;SOV1|5|Oct:1;SOV1|5|Sep:1,f625172cf7d9ff2c,200,1-500,501-1500,mip_count_under_4_ISS.csv
5,1,19,28945069.374948338,10499500.0,18445569.374948453,690000.0,9056250.0,753250.0,17806244.468837317,248334.41566025472,390990.49045077356,1.5701558673381806,0.009576295388730581,5:1,CTV|5:2;SOV|5:1,SOV|5|Jan:1,SOV1|5|Apr:1;SOV1|5|Aug:1;SOV1|5|Dec:1;SOV1|5|Feb:1;SOV1|5|Jan:1;SOV1|5|Jul:1;SOV1|5|Jun:1;SOV1|5|Mar:1;SOV1|5|May:1;SOV1|5|Nov:1;SOV1|5|Oct:1;SOV1|5|Sep:1;SOV2|5|Jan:1,f625172cf7d9ff2c,200,1-500,501-1500,mip_count_under_4_ISS.csv
7,1,1,28945069.374948338,10499500.0,18445569.374948453,690000.0,9056250.0,753250.0,17806244.468837317,248334.41566025472,390990.49045077356,1.5701558673381806,0.009576295388730581,5:1,CTV|5:2;SOV|5:1,SOV|5|Jan:1,SOV1|5|Apr:1;SOV1|5|Aug:1;SOV1|5|Dec:1;SOV1|5|Feb:1;SOV1|5|Jan:1;SOV1|5|Jul:1;SOV1|5|Jun:1;SOV1|5|Mar:1;SOV1|5|May:1;SOV1|5|Nov:1;SOV1|5|Oct:1;SOV1|5|Sep:1;SOV2|5|Jan:1,f625172cf7d9ff2c,200,1-500,501-1500,mip_count_under_4_ISS.csv
7,1,2,28588874.93680822,9669775.0,18919099.93680826,86250.0,9056250.0,527275.0,18259344.542799473,262376.2274410248,397379.1665676933,1.581196234226227,0.009511644810177767,5:1,CTV|5:2;SOV|5:1,CTV|5|Jan:1,SOV1|5|Apr:1;SOV1|5|Aug:1;SOV1|5|Dec:1;SOV1|5|Feb:1;SOV1|5|Jan:1;SOV1|5|Jul:1;SOV1|5|Jun:1;SOV1|5|Mar:1;SOV1|5|May:1;SOV1|5|Nov:1;SOV1|5|Oct:1;SOV1|5|Sep:1,f625172cf7d9ff2c,200,1-500,501-1500,mip_count_under_4_ISS.csv
7,2,3;13,28603820.588075217,9842275.0,18761545.588075258,258750.0,9056250.0,527275.0,18103920.68607742,267020.96381072194,390603.9381870688,1.546219404220581,0.009404694502189734,5:1,CTV|5:2;SOV|5:1,CTV|5|Dec:1;CTV|5|Jan:1;CTV|5|Nov:1,SOV1|5|Apr:1;SOV1|5|Aug:1;SOV1|5|Dec:1;SOV1|5|Feb:1;SOV1|5|Jan:1;SOV1|5|Jul:1;SOV1|5|Jun:1;SOV1|5|Mar:1;SOV1|5|May:1;SOV1|5|Nov:1;SOV1|5|Oct:1;SOV1|5|Sep:1,f625172cf7d9ff2c,200,1-500,501-1500,mip_count_under_4_ISS.csv
7,2,4;11,28992473.270280316,11189500.0,17802973.270280387,1380000.0,9056250.0,753250.0,17181527.56551478,239975.15127482763,381470.5534907189,1.561887008190155,0.009599937219445904,5:1,CTV|5:2;SOV|5:1,SOV|5|Dec:1;SOV|5|Jan:1,SOV1|5|Apr:1;SOV1|5|Aug:1;SOV1|5|Dec:1;SOV1|5|Feb:1;SOV1|5|Jan:1;SOV1|5|Jul:1;SOV1|5|Jun:1;SOV1|5|Mar:1;SOV1|5|May:1;SOV1|5|Nov:1;SOV1|5|Oct:1;SOV1|5|Sep:1;SOV2|5|Dec:1;SOV2|5|Jan:1,f625172cf7d9ff2c,200,1-500,501-1500,mip_count_under_4_ISS.csv
7,1,5,28577075.924393903,9756025.0,18821050.92439396,172500.0,9056250.0,527275.0,18164324.374354467,264344.41717924434,392382.132860208,1.5505361313819885,0.0098126362494051,5:1,CTV|5:2;SOV|5:1,CTV|5|Dec:1;CTV|5|Jan:1,SOV1|5|Apr:1;SOV1|5|Aug:1;SOV1|5|Dec:1;SOV1|5|Feb:1;SOV1|5|Jan:1;SOV1|5|Jul:1;SOV1|5|Jun:1;SOV1|5|Mar:1;SOV1|5|May:1;SOV1|5|Nov:1;SOV1|5|Oct:1;SOV1|5|Sep:1,f625172cf7d9ff2c,200,1-500,501-1500,mip_count_under_4_ISS.csv
7,2,6;9,28622782.25096164,9669775.0,18953007.250961717,86250.0,9056250.0,527275.0,18295078.08381523,261843.22612521623,396085.94102117734,1.5756911823749542,0.009613645803779132,5:1,CTV|5:2;SOV|5:1,CTV|5|Dec:1,SOV1|5|Apr:1;SOV1|5|Aug:1;SOV1|5|Dec:1;SOV1|5|Feb:1;SOV1|5|Jan:1;SOV1|5|Jul:1;SOV1|5|Jun:1;SOV1|5|Mar:1;SOV1|5|May:1;SOV1|5|Nov:1;SOV1|5|Oct:1;SOV1|5|Sep:1,f625172cf7d9ff2c,200,1-500,501-1500,mip_count_under_4_ISS.csv
7,1,7,28918388.602964547,10499500.0,18418888.602964643,690000.0,9056250.0,753250.0,17778210.83981899,249505.70232772228,391172.06081782136,1.5950624125003814,0.009763678844290956,5:1,CTV|5:2;SOV|5:1,SOV|5|Dec:1,SOV1|5|Apr:1;SOV1|5|Aug:1;SOV1|5|Dec:1;SOV1|5|Feb:1;SOV1|5|Jan:1;SOV1|5|Jul:1;SOV1|5|Jun:1;SOV1|5|Mar:1;SOV1|5|May:1;SOV1|5|Nov:1;SOV1|5|Oct:1;SOV1|5|Sep:1;SOV2|5|Dec:1,f625172cf7d9ff2c,200,1-500,501-1500,mip_count_under_4_ISS.csv
7,1,8,28658265.794231243,9928525.0,18729740.794231355,345000.0,9056250.0,527275.0,18071735.99147167,268799.200797944,389205.60196163616,1.5171047105789184,0.009696678275770467,5:1,CTV|5:2;SOV|5:1,CTV|5|Dec:1;CTV|5|Jan:1;CTV|5|Nov:1;CTV|5|Oct:1,SOV1|5|Apr:1;SOV1|5|Aug:1;SOV1|5|Dec:1;SOV1|5|Feb:1;SOV1|5|Jan:1;SOV1|5|Jul:1;SOV1|5|Jun:1;SOV1|5|Mar:1;SOV1|5|May:1;SOV1|5|Nov:1;SOV1|5|Oct:1;SOV1|5|Sep:1,f625172cf7d9ff2c,200,1-500,501-1500,mip_count_under_4_ISS.csv
7,1,10,28561310.86464707,9508200.0,19053110.864647117,0.0,9056250.0,451950.0,18394972.645374056,259429.93973534217,398708.2795376363,1.6131283648014068,0.009280173717389257,5:1,CTV|5:2;SOV|5:1,nan,SOV1|5|Apr:1;SOV1|5|Aug:1;SOV1|5|Dec:1;SOV1|5|Feb:1;SOV1|5|Jan:1;SOV1|5|Jul:1;SOV1|5|Jun:1;SOV1|5|Mar:1;SOV1|5|May:1;SOV1|5|Nov:1;SOV1|5|Oct:1;SOV1|5|Sep:1,f625172cf7d9ff2c,200,1-500,501-1500,mip_count_under_4_ISS.csv
7,1,12,29557437.959041573,10984225.0,18573212.959041614,948750.0,9056250.0,979225.0,17914784.22823795,274265.70918991766,384163.0216136796,1.4734794223308563,0.009617848115218364,5:1,CTV|5:2;SOV|5:1,CTV|5|Dec:6;CTV|5|Feb:1;CTV|5|Jan:1;CTV|5|Nov:1;CTV|5|Oct:2,SOV1|5|Apr:1;SOV1|5|Aug:1;SOV1|5|Dec:1;SOV1|5|Feb:1;SOV1|5|Jan:1;SOV1|5|Jul:1;SOV1|5|Jun:1;SOV1|5|Mar:1;SOV1|5|May:1;SOV1|5|Nov:1;SOV1|5|Oct:1;SOV1|5|Sep:1,f625172cf7d9ff2c,200,1-500,501-1500,mip_count_under_4_ISS.csv
7,1,14,29447551.249941766,11771400.0,17676151.249941852,1811250.0,9056250.0,903900.0,17060012.493280485,244563.70312037464,371575.05354094337,1.487596462249756,0.009565268400033388,5:1,CTV|5:2;SOV|5:1,CTV|5|Dec:2;CTV|5|Feb:1;CTV|5|Jan:2;SOV|5|Dec:1;SOV|5|Nov:1,SOV1|5|Apr:1;SOV1|5|Aug:1;SOV1|5|Dec:1;SOV1|5|Feb:1;SOV1|5|Jan:1;SOV1|5|Jul:1;SOV1|5|Jun:1;SOV1|5|Mar:1;SOV1|5|May:1;SOV1|5|Nov:1;SOV1|5|Oct:1;SOV1|5|Sep:1;SOV2|5|Dec:1;SOV2|5|Nov:1,f625172cf7d9ff2c,200,1-500,501-1500,mip_count_under_4_ISS.csv
7,1,15,29032979.352123875,10747325.0,18285654.352123894,862500.0,9056250.0,828575.0,17646949.466237172,252859.8493126546,385845.03657402174,1.509516925573349,0.009568267599993114,5:1,CTV|5:2;SOV|5:1,CTV|5|Dec:1;CTV|5|Nov:1;SOV|5|Jan:1,SOV1|5|Apr:1;SOV1|5|Aug:1;SOV1|5|Dec:1;SOV1|5|Feb:1;SOV1|5|Jan:1;SOV1|5|Jul:1;SOV1|5|Jun:1;SOV1|5|Mar:1;SOV1|5|May:1;SOV1|5|Nov:1;SOV1|5|Oct:1;SOV1|5|Sep:1;SOV2|5|Jan:1,f625172cf7d9ff2c,200,1-500,501-1500,mip_count_under_4_ISS.csv
7,1,16,29372881.865648318,11598900.0,17773981.865648407,1638750.0,9056250.0,903900.0,17158545.71779207,244268.50970524008,371167.6381509949,1.484460375547409,0.009793786834391398,5:1,CTV|5:2;SOV|5:1,CTV|5|Feb:1;CTV|5|Jan:1;CTV|5|Sep:1;SOV|5|Dec:1;SOV|5|Nov:1,SOV1|5|Apr:1;SOV1|5|Aug:1;SOV1|5|Dec:1;SOV1|5|Feb:1;SOV1|5|Jan:1;SOV1|5|Jul:1;SOV1|5|Jun:1;SOV1|5|Mar:1;SOV1|5|May:1;SOV1|5|Nov:1;SOV1|5|Oct:1;SOV1|5|Sep:1;SOV2|5|Dec:1;SOV2|5|Nov:1,f625172cf7d9ff2c,200,1-500,501-1500,mip_count_under_4_ISS.csv
7,1,17,28943464.279252194,10661075.0,18282389.279252294,776250.0,9056250.0,828575.0,17641858.826099966,253035.60545083438,387494.8477014343,1.5448934516906738,0.009539169374016632,5:1,CTV|5:2;SOV|5:1,CTV|5|Jan:1;SOV|5|Dec:1,SOV1|5|Apr:1;SOV1|5|Aug:1;SOV1|5|Dec:1;SOV1|5|Feb:1;SOV1|5|Jan:1;SOV1|5|Jul:1;SOV1|5|Jun:1;SOV1|5|Mar:1;SOV1|5|May:1;SOV1|5|Nov:1;SOV1|5|Oct:1;SOV1|5|Sep:1;SOV2|5|Dec:1,f625172cf7d9ff2c,200,1-500,501-1500,mip_count_under_4_ISS.csv
7,1,18,28692444.32115508,9669775.0,19022669.32115514,86250.0,9056250.0,527275.0,18364982.486966137,260657.39906806507,397029.43512087764,1.5841326587200164,0.009538189815772905,5:1,CTV|5:2;SOV|5:1,CTV|5|Feb:1,SOV1|5|Apr:1;SOV1|5|Aug:1;SOV1|5|Dec:1;SOV1|5|Feb:1;SOV1|5|Jan:1;SOV1|5|Jul:1;SOV1|5|Jun:1;SOV1|5|Mar:1;SOV1|5|May:1;SOV1|5|Nov:1;SOV1|5|Oct:1;SOV1|5|Sep:1,f625172cf7d9ff2c,200,1-500,501-1500,mip_count_under_4_ISS.csv
7,1,19,28682004.74655144,9928525.0,18753479.746551502,345000.0,9056250.0,527275.0,18095280.626328703,267657.0271152119,390542.0931075112,1.5266379473209382,0.009616480862482284,5:1,CTV|5:2;SOV|5:1,CTV|5|Dec:1;CTV|5|Feb:1;CTV|5|Jan:1;CTV|5|Mar:1,SOV1|5|Apr:1;SOV1|5|Aug:1;SOV1|5|Dec:1;SOV1|5|Feb:1;SOV1|5|Jan:1;SOV1|5|Jul:1;SOV1|5|Jun:1;SOV1|5|Mar:1;SOV1|5|May:1;SOV1|5|Nov:1;SOV1|5|Oct:1;SOV1|5|Sep:1,f625172cf7d9ff2c,200,1-500,501-1500,mip_count_under_4_ISS.csv
7,1,20,29160088.030270334,11437325.0,17722763.03027043,1552500.0,9056250.0,828575.0,17100835.086337935,244342.70862113312,377585.2353112674,1.4874942915439606,0.009778581345245011,5:1,CTV|5:2;SOV|5:1,CTV|5|Nov:1;CTV|5|Oct:1;SOV|5|Dec:1;SOV|5|Jan:1,SOV1|5|Apr:1;SOV1|5|Aug:1;SOV1|5|Dec:1;SOV1|5|Feb:1;SOV1|5|Jan:1;SOV1|5|Jul:1;SOV1|5|Jun:1;SOV1|5|Mar:1;SOV1|5|May:1;SOV1|5|Nov:1;SOV1|5|Oct:1;SOV1|5|Sep:1;SOV2|5|Dec:1;SOV2|5|Jan:1,f625172cf7d9ff2c,200,1-500,501-1500,mip_count_under_4_ISS.csv
10,1,1,28992473.270280316,11189500.0,17802973.270280387,1380000.0,9056250.0,753250.0,17181527.56551478,239975.15127482763,381470.5534907189,1.561887008190155,0.009599937219445904,5:1,CTV|5:2;SOV|5:1,SOV|5|Dec:1;SOV|5|Jan:1,SOV1|5|Apr:1;SOV1|5|Aug:1;SOV1|5|Dec:1;SOV1|5|Feb:1;SOV1|5|Jan:1;SOV1|5|Jul:1;SOV1|5|Jun:1;SOV1|5|Mar:1;SOV1|5|May:1;SOV1|5|Nov:1;SOV1|5|Oct:1;SOV1|5|Sep:1;SOV2|5|Dec:1;SOV2|5|Jan:1,f625172cf7d9ff2c,200,1-500,501-1500,mip_count_under_4_ISS.csv
10,3,2;13;15,28603820.588075217,9842275.0,18761545.588075258,258750.0,9056250.0,527275.0,18103920.68607742,267020.96381072194,390603.9381870688,1.546219404220581,0.009404694502189734,5:1,CTV|5:2;SOV|5:1,CTV|5|Dec:1;CTV|5|Jan:1;CTV|5|Nov:1,SOV1|5|Apr:1;SOV1|5|Aug:1;SOV1|5|Dec:1;SOV1|5|Feb:1;SOV1|5|Jan:1;SOV1|5|Jul:1;SOV1|5|Jun:1;SOV1|5|Mar:1;SOV1|5|May:1;SOV1|5|Nov:1;SOV1|5|Oct:1;SOV1|5|Sep:1,f625172cf7d9ff2c,200,1-500,501-1500,mip_count_under_4_ISS.csv
10,2,3;14,28658265.794231243,9928525.0,18729740.794231355,345000.0,9056250.0,527275.0,18071735.99147167,268799.200797944,389205.60196163616,1.5171047105789184,0.009696678275770467,5:1,CTV|5:2;SOV|5:1,CTV|5|Dec:1;CTV|5|Jan:1;CTV|5|Nov:1;CTV|5|Oct:1,SOV1|5|Apr:1;SOV1|5|Aug:1;SOV1|5|Dec:1;SOV1|5|Feb:1;SOV1|5|Jan:1;SOV1|5|Jul:1;SOV1|5|Jun:1;SOV1|5|Mar:1;SOV1|5|May:1;SOV1|5|Nov:1;SOV1|5|Oct:1;SOV1|5|Sep:1,f625172cf7d9ff2c,200,1-500,501-1500,mip_count_under_4_ISS.csv
10,1,4,28636779.822694294,9756025.0,18880754.82269435,172500.0,9056250.0,527275.0,18222778.487356357,263235.9170100135,394740.41832788894,1.561644677400589,0.00943717106399429,5:1,CTV|5:2;SOV|5:1,CTV|5|Feb:1;CTV|5|Jan:1,SOV1|5|Apr:1;SOV1|5|Aug:1;SOV1|5|Dec:1;SOV1|5|Feb:1;SOV1|5|Jan:1;SOV1|5|Jul:1;SOV1|5|Jun:1;SOV1|5|Mar:1;SOV1|5|May:1;SOV1|5|Nov:1;SOV1|5|Oct:1;SOV1|5|Sep:1,f625172cf7d9ff2c,200,1-500,501-1500,mip_count_under_4_ISS.csv
10,1,5,29278114.842589952,11351075.0,17927039.842589997,1466250.0,9056250.0,828575.0,17312105.279573403,236573.30290477496,378361.260111767,1.551110153198242,0.0096191089773821,5:1,CTV|5:2;SOV|5:1,CTV|5|Dec:1;SOV|5|Dec:1;SOV|5|Nov:1,SOV1|5|Apr:1;SOV1|5|Aug:1;SOV1|5|Dec:1;SOV1|5|Feb:1;SOV1|5|Jan:1;SOV1|5|Jul:1;SOV1|5|Jun:1;SOV1|5|Mar:1;SOV1|5|May:1;SOV1|5|Nov:1;SOV1|5|Oct:1;SOV1|5|Sep:1;SOV2|5|Dec:1;SOV2|5|Nov:1,f625172cf7d9ff2c,200,1-500,501-1500,mip_count_under_4_ISS.csv
10,1,6,28622782.25096164,9669775.0,18953007.250961717,86250.0,9056250.0,527275.0,18295078.08381523,261843.22612521623,396085.94102117734,1.5756911823749542,0.009613645803779132,5:1,CTV|5:2;SOV|5:1,CTV|5|Dec:1,SOV1|5|Apr:1;SOV1|5|Aug:1;SOV1|5|Dec:1;SOV1|5|Feb:1;SOV1|5|Jan:1;SOV1|5|Jul:1;SOV1|5|Jun:1;SOV1|5|Mar:1;SOV1|5|May:1;SOV1|5|Nov:1;SOV1|5|Oct:1;SOV1|5|Sep:1,f625172cf7d9ff2c,200,1-500,501-1500,mip_count_under_4_ISS.csv
10,1,7,28691366.225450832,9669775.0,19021591.225450885,86250.0,9056250.0,527275.0,18363759.191052426,260684.86557205176,397147.1688263818,1.6020457112789155,0.00937621043376677,5:1,CTV|5:2;SOV|5:1,CTV|5|Oct:1,SOV1|5|Apr:1;SOV1|5|Aug:1;SOV1|5|Dec:1;SOV1|5|Feb:1;SOV1|5|Jan:1;SOV1|5|Jul:1;SOV1|5|Jun:1;SOV1|5|Mar:1;SOV1|5|May:1;SOV1|5|Nov:1;SOV1|5|Oct:1;SOV1|5|Sep:1,f625172cf7d9ff2c,200,1-500,501-1500,mip_count_under_4_ISS.csv
10,3,8;17;18,28620378.66312208,9842275.0,18778103.66312215,258750.0,9056250.0,527275.0,18120278.845843885,267592.1960527349,390232.62122543855,1.532009213447571,0.009724819746062225,5:1,CTV|5:2;SOV|5:1,CTV|5|Dec:1;CTV|5|Feb:1;CTV|5|Jan:1,SOV1|5|Apr:1;SOV1|5|Aug:1;SOV1|5|Dec:1;SOV1|5|Feb:1;SOV1|5|Jan:1;SOV1|5|Jul:1;SOV1|5|Jun:1;SOV1|5|Mar:1;SOV1|5|May:1;SOV1|5|Nov:1;SOV1|5|Oct:1;SOV1|5|Sep:1,f625172cf7d9ff2c,200,1-500,501-1500,mip_count_under_4_ISS.csv
10,1,9,28702160.57972795,9842275.0,18859885.579728045,258750.0,9056250.0,527275.0,18203077.11129007,264814.2497803482,391994.218657537,1.5584614441394806,0.009409942842118756,5:1,CTV|5:2;SOV|5:1,CTV|5|Dec:1;CTV|5|Nov:1;CTV|5|Oct:1,SOV1|5|Apr:1;SOV1|5|Aug:1;SOV1|5|Dec:1;SOV1|5|Feb:1;SOV1|5|Jan:1;SOV1|5|Jul:1;SOV1|5|Jun:1;SOV1|5|Mar:1;SOV1|5|May:1;SOV1|5|Nov:1;SOV1|5|Oct:1;SOV1|5|Sep:1,f625172cf7d9ff2c,200,1-500,501-1500,mip_count_under_4_ISS.csv
10,1,10,29185116.502140623,11351075.0,17834041.50214071,1466250.0,9056250.0,828575.0,17218344.53610061,240158.25884652708,375538.70719346846,1.5224583048820495,0.009821163818624325,5:1,CTV|5:2;SOV|5:1,CTV|5|Jan:1;SOV|5|Dec:1;SOV|5|Nov:1,SOV1|5|Apr:1;SOV1|5|Aug:1;SOV1|5|Dec:1;SOV1|5|Feb:1;SOV1|5|Jan:1;SOV1|5|Jul:1;SOV1|5|Jun:1;SOV1|5|Mar:1;SOV1|5|May:1;SOV1|5|Nov:1;SOV1|5|Oct:1;SOV1|5|Sep:1;SOV2|5|Dec:1;SOV2|5|Nov:1,f625172cf7d9ff2c,200,1-500,501-1500,mip_count_under_4_ISS.csv
10,1,11,28712433.454298943,10014775.0,18697658.45429903,431250.0,9056250.0,527275.0,18039131.85655587,271458.8059534144,387067.791789683,1.4899116010665894,0.00992178057644518,5:1,CTV|5:2;SOV|5:1,CTV|5|Dec:1;CTV|5|Feb:1;CTV|5|Jan:1;CTV|5|Nov:1;CTV|5|Oct:1,SOV1|5|Apr:1;SOV1|5|Aug:1;SOV1|5|Dec:1;SOV1|5|Feb:1;SOV1|5|Jan:1;SOV1|5|Jul:1;SOV1|5|Jun:1;SOV1|5|Mar:1;SOV1|5|May:1;SOV1|5|Nov:1;SOV1|5|Oct:1;SOV1|5|Sep:1,f625172cf7d9ff2c,200,1-500,501-1500,mip_count_under_4_ISS.csv
10,1,12,28918388.602964547,10499500.0,18418888.602964643,690000.0,9056250.0,753250.0,17778210.83981899,249505.70232772228,391172.06081782136,1.5950624125003814,0.009763678844290956,5:1,CTV|5:2;SOV|5:1,SOV|5|Dec:1,SOV1|5|Apr:1;SOV1|5|Aug:1;SOV1|5|Dec:1;SOV1|5|Feb:1;SOV1|5|Jan:1;SOV1|5|Jul:1;SOV1|5|Jun:1;SOV1|5|Mar:1;SOV1|5|May:1;SOV1|5|Nov:1;SOV1|5|Oct:1;SOV1|5|Sep:1;SOV2|5|Dec:1,f625172cf7d9ff2c,200,1-500,501-1500,mip_count_under_4_ISS.csv
10,1,16,28715051.879449338,9831350.0,18883701.87944937,172500.0,9056250.0,602600.0,18225124.970549908,263849.59492947103,394727.3139699377,1.5486592364311218,0.009421619170268167,5:1,CTV|5:2;SOV|5:1,CTV|5|Jan:1;CTV|5|Oct:1,SOV1|5|Apr:1;SOV1|5|Aug:1;SOV1|5|Dec:1;SOV1|5|Feb:1;SOV1|5|Jan:1;SOV1|5|Jul:1;SOV1|5|Jun:1;SOV1|5|Mar:1;SOV1|5|May:1;SOV1|5|Nov:1;SOV1|5|Oct:1;SOV1|5|Sep:1,f625172cf7d9ff2c,200,1-500,501-1500,mip_count_under_4_ISS.csv
10,1,19,28864523.77880572,10165425.0,18699098.778805837,431250.0,9056250.0,677925.0,18041262.248122152,268800.6253111282,389035.9053724713,1.5101633365154266,0.009870235357434124,5:1,CTV|5:2;SOV|5:1,CTV|5|Dec:3;CTV|5|Jan:1;CTV|5|Nov:1,SOV1|5|Apr:1;SOV1|5|Aug:1;SOV1|5|Dec:1;SOV1|5|Feb:1;SOV1|5|Jan:1;SOV1|5|Jul:1;SOV1|5|Jun:1;SOV1|5|Mar:1;SOV1|5|May:1;SOV1|5|Nov:1;SOV1|5|Oct:1;SOV1|5|Sep:1,f625172cf7d9ff2c,200,1-500,501-1500,mip_count_under_4_ISS.csv
10,1,20,28561310.86464707,9508200.0,19053110.864647117,0.0,9056250.0,451950.0,18394972.645374056,259429.93973534217,398708.2795376363,1.6131283648014068,0.009280173717389257,5:1,CTV|5:2;SOV|5:1,nan,SOV1|5|Apr:1;SOV1|5|Aug:1;SOV1|5|Dec:1;SOV1|5|Feb:1;SOV1|5|Jan:1;SOV1|5|Jul:1;SOV1|5|Jun:1;SOV1|5|Mar:1;SOV1|5|May:1;SOV1|5|Nov:1;SOV1|5|Oct:1;SOV1|5|Sep:1,f625172cf7d9ff2c,200,1-500,501-1500,mip_count_under_4_ISS.csv
15,2,1;20,28712433.454298943,10014775.0,18697658.45429903,431250.0,9056250.0,527275.0,18039131.85655587,271458.8059534144,387067.791789683,1.4899116010665894,0.00992178057644518,5:1,CTV|5:2;SOV|5:1,CTV|5|Dec:1;CTV|5|Feb:1;CTV|5|Jan:1;CTV|5|Nov:1;CTV|5|Oct:1,SOV1|5|Apr:1;SOV1|5|Aug:1;SOV1|5|Dec:1;SOV1|5|Feb:1;SOV1|5|Jan:1;SOV1|5|Jul:1;SOV1|5|Jun:1;SOV1|5|Mar:1;SOV1|5|May:1;SOV1|5|Nov:1;SOV1|5|Oct:1;SOV1|5|Sep:1,f625172cf7d9ff2c,200,1-500,501-1500,mip_count_under_4_ISS.csv
15,2,2;17,28603820.588075217,9842275.0,18761545.588075258,258750.0,9056250.0,527275.0,18103920.68607742,267020.96381072194,390603.9381870688,1.546219404220581,0.009404694502189734,5:1,CTV|5:2;SOV|5:1,CTV|5|Dec:1;CTV|5|Jan:1;CTV|5|Nov:1,SOV1|5|Apr:1;SOV1|5|Aug:1;SOV1|5|Dec:1;SOV1|5|Feb:1;SOV1|5|Jan:1;SOV1|5|Jul:1;SOV1|5|Jun:1;SOV1|5|Mar:1;SOV1|5|May:1;SOV1|5|Nov:1;SOV1|5|Oct:1;SOV1|5|Sep:1,f625172cf7d9ff2c,200,1-500,501-1500,mip_count_under_4_ISS.csv
15,1,3,28943464.279252194,10661075.0,18282389.279252294,776250.0,9056250.0,828575.0,17641858.826099966,253035.60545083438,387494.8477014343,1.5448934516906738,0.009539169374016632,5:1,CTV|5:2;SOV|5:1,CTV|5|Jan:1;SOV|5|Dec:1,SOV1|5|Apr:1;SOV1|5|Aug:1;SOV1|5|Dec:1;SOV1|5|Feb:1;SOV1|5|Jan:1;SOV1|5|Jul:1;SOV1|5|Jun:1;SOV1|5|Mar:1;SOV1|5|May:1;SOV1|5|Nov:1;SOV1|5|Oct:1;SOV1|5|Sep:1;SOV2|5|Dec:1,f625172cf7d9ff2c,200,1-500,501-1500,mip_count_under_4_ISS.csv
15,1,4,28705982.48407048,10003850.0,18702132.484070558,345000.0,9056250.0,602600.0,18043422.505067475,267708.2603736762,391001.7186293387,1.5258600482940674,0.00976851926875519,5:1,CTV|5:2;SOV|5:1,CTV|5|Dec:2;CTV|5|Jan:2,SOV1|5|Apr:1;SOV1|5|Aug:1;SOV1|5|Dec:1;SOV1|5|Feb:1;SOV1|5|Jan:1;SOV1|5|Jul:1;SOV1|5|Jun:1;SOV1|5|Mar:1;SOV1|5|May:1;SOV1|5|Nov:1;SOV1|5|Oct:1;SOV1|5|Sep:1,f625172cf7d9ff2c,200,1-500,501-1500,mip_count_under_4_ISS.csv
15,1,5,28670895.11272461,9917600.0,18753295.112724666,258750.0,9056250.0,602600.0,18095044.80026926,266149.837468865,392100.47498648625,1.5359658691883087,0.0097474429705409,5:1,CTV|5:2;SOV|5:1,CTV|5|Dec:1;CTV|5|Jan:2,SOV1|5|Apr:1;SOV1|5|Aug:1;SOV1|5|Dec:1;SOV1|5|Feb:1;SOV1|5|Jan:1;SOV1|5|Jul:1;SOV1|5|Jun:1;SOV1|5|Mar:1;SOV1|5|May:1;SOV1|5|Nov:1;SOV1|5|Oct:1;SOV1|5|Sep:1,f625172cf7d9ff2c,200,1-500,501-1500,mip_count_under_4_ISS.csv
15,3,6;9;18,28658265.794231243,9928525.0,18729740.794231355,345000.0,9056250.0,527275.0,18071735.99147167,268799.200797944,389205.60196163616,1.5171047105789184,0.009696678275770467,5:1,CTV|5:2;SOV|5:1,CTV|5|Dec:1;CTV|5|Jan:1;CTV|5|Nov:1;CTV|5|Oct:1,SOV1|5|Apr:1;SOV1|5|Aug:1;SOV1|5|Dec:1;SOV1|5|Feb:1;SOV1|5|Jan:1;SOV1|5|Jul:1;SOV1|5|Jun:1;SOV1|5|Mar:1;SOV1|5|May:1;SOV1|5|Nov:1;SOV1|5|Oct:1;SOV1|5|Sep:1,f625172cf7d9ff2c,200,1-500,501-1500,mip_count_under_4_ISS.csv
15,3,7;11;13,28992473.270280316,11189500.0,17802973.270280387,1380000.0,9056250.0,753250.0,17181527.56551478,239975.15127482763,381470.5534907189,1.561887008190155,0.009599937219445904,5:1,CTV|5:2;SOV|5:1,SOV|5|Dec:1;SOV|5|Jan:1,SOV1|5|Apr:1;SOV1|5|Aug:1;SOV1|5|Dec:1;SOV1|5|Feb:1;SOV1|5|Jan:1;SOV1|5|Jul:1;SOV1|5|Jun:1;SOV1|5|Mar:1;SOV1|5|May:1;SOV1|5|Nov:1;SOV1|5|Oct:1;SOV1|5|Sep:1;SOV2|5|Dec:1;SOV2|5|Jan:1,f625172cf7d9ff2c,200,1-500,501-1500,mip_count_under_4_ISS.csv
15,1,8,28622782.25096164,9669775.0,18953007.250961717,86250.0,9056250.0,527275.0,18295078.08381523,261843.22612521623,396085.94102117734,1.5756911823749542,0.009613645803779132,5:1,CTV|5:2;SOV|5:1,CTV|5|Dec:1,SOV1|5|Apr:1;SOV1|5|Aug:1;SOV1|5|Dec:1;SOV1|5|Feb:1;SOV1|5|Jan:1;SOV1|5|Jul:1;SOV1|5|Jun:1;SOV1|5|Mar:1;SOV1|5|May:1;SOV1|5|Nov:1;SOV1|5|Oct:1;SOV1|5|Sep:1,f625172cf7d9ff2c,200,1-500,501-1500,mip_count_under_4_ISS.csv
15,1,10,28786875.12246273,10176350.0,18610525.122462798,517500.0,9056250.0,602600.0,17952865.23360474,269996.90989444184,387662.978963517,1.4994233586788177,0.009457071191960136,5:1,CTV|5:2;SOV|5:1,CTV|5|Dec:2;CTV|5|Jan:2;CTV|5|Nov:1;CTV|5|Oct:1,SOV1|5|Apr:1;SOV1|5|Aug:1;SOV1|5|Dec:1;SOV1|5|Feb:1;SOV1|5|Jan:1;SOV1|5|Jul:1;SOV1|5|Jun:1;SOV1|5|Mar:1;SOV1|5|May:1;SOV1|5|Nov:1;SOV1|5|Oct:1;SOV1|5|Sep:1,f625172cf7d9ff2c,200,1-500,501-1500,mip_count_under_4_ISS.csv
15,1,12,28620378.66312208,9842275.0,18778103.66312215,258750.0,9056250.0,527275.0,18120278.845843885,267592.1960527349,390232.62122543855,1.532009213447571,0.009724819746062225,5:1,CTV|5:2;SOV|5:1,CTV|5|Dec:1;CTV|5|Feb:1;CTV|5|Jan:1,SOV1|5|Apr:1;SOV1|5|Aug:1;SOV1|5|Dec:1;SOV1|5|Feb:1;SOV1|5|Jan:1;SOV1|5|Jul:1;SOV1|5|Jun:1;SOV1|5|Mar:1;SOV1|5|May:1;SOV1|5|Nov:1;SOV1|5|Oct:1;SOV1|5|Sep:1,f625172cf7d9ff2c,200,1-500,501-1500,mip_count_under_4_ISS.csv
15,1,14,29186684.363293663,11437325.0,17749359.36329369,1552500.0,9056250.0,828575.0,17127843.984931886,244782.50867184874,376732.8696898621,1.4926413877010345,0.009786019599866436,5:1,CTV|5:2;SOV|5:1,CTV|5|Oct:1;CTV|5|Sep:1;SOV|5|Dec:1;SOV|5|Jan:1,SOV1|5|Apr:1;SOV1|5|Aug:1;SOV1|5|Dec:1;SOV1|5|Feb:1;SOV1|5|Jan:1;SOV1|5|Jul:1;SOV1|5|Jun:1;SOV1|5|Mar:1;SOV1|5|May:1;SOV1|5|Nov:1;SOV1|5|Oct:1;SOV1|5|Sep:1;SOV2|5|Dec:1;SOV2|5|Jan:1,f625172cf7d9ff2c,200,1-500,501-1500,mip_count_under_4_ISS.csv
15,1,15,28577075.924393903,9756025.0,18821050.92439396,172500.0,9056250.0,527275.0,18164324.374354467,264344.41717924434,392382.132860208,1.5505361313819885,0.0098126362494051,5:1,CTV|5:2;SOV|5:1,CTV|5|Dec:1;CTV|5|Jan:1,SOV1|5|Apr:1;SOV1|5|Aug:1;SOV1|5|Dec:1;SOV1|5|Feb:1;SOV1|5|Jan:1;SOV1|5|Jul:1;SOV1|5|Jun:1;SOV1|5|Mar:1;SOV1|5|May:1;SOV1|5|Nov:1;SOV1|5|Oct:1;SOV1|5|Sep:1,f625172cf7d9ff2c,200,1-500,501-1500,mip_count_under_4_ISS.csv
15,1,16,29147249.37385617,11437325.0,17709924.373856172,1552500.0,9056250.0,828575.0,17087841.466002762,242169.04134682185,379913.8665065098,1.5297029800415038,0.009509762650104201,5:1,CTV|5:2;SOV|5:1,CTV|5|Dec:1;CTV|5|Jan:1;SOV|5|Dec:1;SOV|5|Jan:1,SOV1|5|Apr:1;SOV1|5|Aug:1;SOV1|5|Dec:1;SOV1|5|Feb:1;SOV1|5|Jan:1;SOV1|5|Jul:1;SOV1|5|Jun:1;SOV1|5|Mar:1;SOV1|5|May:1;SOV1|5|Nov:1;SOV1|5|Oct:1;SOV1|5|Sep:1;SOV2|5|Dec:1;SOV2|5|Jan:1,f625172cf7d9ff2c,200,1-500,501-1500,mip_count_under_4_ISS.csv
15,1,19,28651952.171534453,9928525.0,18723427.17153452,345000.0,9056250.0,527275.0,18065941.129403528,268943.06802292966,388542.9741079913,1.5238303768634796,0.009526571590311122,5:1,CTV|5:2;SOV|5:1,CTV|5|Dec:1;CTV|5|Feb:1;CTV|5|Jan:1;CTV|5|Nov:1,SOV1|5|Apr:1;SOV1|5|Aug:1;SOV1|5|Dec:1;SOV1|5|Feb:1;SOV1|5|Jan:1;SOV1|5|Jul:1;SOV1|5|Jun:1;SOV1|5|Mar:1;SOV1|5|May:1;SOV1|5|Nov:1;SOV1|5|Oct:1;SOV1|5|Sep:1,f625172cf7d9ff2c,200,1-500,501-1500,mip_count_under_4_ISS.csv
20,1,1,28620378.66312208,9842275.0,18778103.66312215,258750.0,9056250.0,527275.0,18120278.845843885,267592.1960527349,390232.62122543855,1.532009213447571,0.009724819746062225,5:1,CTV|5:2;SOV|5:1,CTV|5|Dec:1;CTV|5|Feb:1;CTV|5|Jan:1,SOV1|5|Apr:1;SOV1|5|Aug:1;SOV1|5|Dec:1;SOV1|5|Feb:1;SOV1|5|Jan:1;SOV1|5|Jul:1;SOV1|5|Jun:1;SOV1|5|Mar:1;SOV1|5|May:1;SOV1|5|Nov:1;SOV1|5|Oct:1;SOV1|5|Sep:1,f625172cf7d9ff2c,200,1-500,501-1500,mip_count_under_4_ISS.csv
20,2,4;9,28724242.368372902,10014775.0,18709467.368372966,431250.0,9056250.0,527275.0,18051671.461672418,269994.8890202769,387801.0176801995,1.510447329521179,0.009669663129729118,5:1,CTV|5:2;SOV|5:1,CTV|5|Dec:1;CTV|5|Jan:1;CTV|5|Nov:1;CTV|5|Oct:1;CTV|5|Sep:1,SOV1|5|Apr:1;SOV1|5|Aug:1;SOV1|5|Dec:1;SOV1|5|Feb:1;SOV1|5|Jan:1;SOV1|5|Jul:1;SOV1|5|Jun:1;SOV1|5|Mar:1;SOV1|5|May:1;SOV1|5|Nov:1;SOV1|5|Oct:1;SOV1|5|Sep:1,f625172cf7d9ff2c,200,1-500,501-1500,mip_count_under_4_ISS.csv
20,1,5,29147249.37385617,11437325.0,17709924.373856172,1552500.0,9056250.0,828575.0,17087841.466002762,242169.04134682185,379913.8665065098,1.5297029800415038,0.009509762650104201,5:1,CTV|5:2;SOV|5:1,CTV|5|Dec:1;CTV|5|Jan:1;SOV|5|Dec:1;SOV|5|Jan:1,SOV1|5|Apr:1;SOV1|5|Aug:1;SOV1|5|Dec:1;SOV1|5|Feb:1;SOV1|5|Jan:1;SOV1|5|Jul:1;SOV1|5|Jun:1;SOV1|5|Mar:1;SOV1|5|May:1;SOV1|5|Nov:1;SOV1|5|Oct:1;SOV1|5|Sep:1;SOV2|5|Dec:1;SOV2|5|Jan:1,f625172cf7d9ff2c,200,1-500,501-1500,mip_count_under_4_ISS.csv
20,3,6;14;19,28577075.924393903,9756025.0,18821050.92439396,172500.0,9056250.0,527275.0,18164324.374354467,264344.41717924434,392382.132860208,1.5505361313819885,0.0098126362494051,5:1,CTV|5:2;SOV|5:1,CTV|5|Dec:1;CTV|5|Jan:1,SOV1|5|Apr:1;SOV1|5|Aug:1;SOV1|5|Dec:1;SOV1|5|Feb:1;SOV1|5|Jan:1;SOV1|5|Jul:1;SOV1|5|Jun:1;SOV1|5|Mar:1;SOV1|5|May:1;SOV1|5|Nov:1;SOV1|5|Oct:1;SOV1|5|Sep:1,f625172cf7d9ff2c,200,1-500,501-1500,mip_count_under_4_ISS.csv
20,1,7,28744405.307558425,10090100.0,18654305.30755854,431250.0,9056250.0,602600.0,17996964.53309536,268961.0969452607,388379.6775178194,1.511787299156189,0.009363141799366485,5:1,CTV|5:2;SOV|5:1,CTV|5|Dec:1;CTV|5|Jan:2;CTV|5|Nov:1;CTV|5|Oct:1,SOV1|5|Apr:1;SOV1|5|Aug:1;SOV1|5|Dec:1;SOV1|5|Feb:1;SOV1|5|Jan:1;SOV1|5|Jul:1;SOV1|5|Jun:1;SOV1|5|Mar:1;SOV1|5|May:1;SOV1|5|Nov:1;SOV1|5|Oct:1;SOV1|5|Sep:1,f625172cf7d9ff2c,200,1-500,501-1500,mip_count_under_4_ISS.csv
20,1,12,28867343.40431789,10165425.0,18701918.404318016,431250.0,9056250.0,677925.0,18043007.17917073,268965.2006007005,389946.0245465087,1.5241969356536864,0.009632379187826084,5:1,CTV|5:2;SOV|5:1,CTV|5|Dec:3;CTV|5|Feb:1;CTV|5|Jan:1,SOV1|5|Apr:1;SOV1|5|Aug:1;SOV1|5|Dec:1;SOV1|5|Feb:1;SOV1|5|Jan:1;SOV1|5|Jul:1;SOV1|5|Jun:1;SOV1|5|Mar:1;SOV1|5|May:1;SOV1|5|Nov:1;SOV1|5|Oct:1;SOV1|5|Sep:1,f625172cf7d9ff2c,200,1-500,501-1500,mip_count_under_4_ISS.csv
20,1,13,28705982.48407048,10003850.0,18702132.484070558,345000.0,9056250.0,602600.0,18043422.505067475,267708.2603736762,391001.7186293387,1.5258600482940674,0.00976851926875519,5:1,CTV|5:2;SOV|5:1,CTV|5|Dec:2;CTV|5|Jan:2,SOV1|5|Apr:1;SOV1|5|Aug:1;SOV1|5|Dec:1;SOV1|5|Feb:1;SOV1|5|Jan:1;SOV1|5|Jul:1;SOV1|5|Jun:1;SOV1|5|Mar:1;SOV1|5|May:1;SOV1|5|Nov:1;SOV1|5|Oct:1;SOV1|5|Sep:1,f625172cf7d9ff2c,200,1-500,501-1500,mip_count_under_4_ISS.csv
20,1,17,28850035.5060871,10165425.0,18684610.506087217,431250.0,9056250.0,677925.0,18025398.760300204,270276.5592892162,388935.18649770087,1.5021073503494262,0.009506844076382524,5:1,CTV|5:2;SOV|5:1,CTV|5|Dec:2;CTV|5|Feb:1;CTV|5|Jan:1;CTV|5|Oct:1,SOV1|5|Apr:1;SOV1|5|Aug:1;SOV1|5|Dec:1;SOV1|5|Feb:1;SOV1|5|Jan:1;SOV1|5|Jul:1;SOV1|5|Jun:1;SOV1|5|Mar:1;SOV1|5|May:1;SOV1|5|Nov:1;SOV1|5|Oct:1;SOV1|5|Sep:1,f625172cf7d9ff2c,200,1-500,501-1500,mip_count_under_4_ISS.csv
20,1,18,28712433.454298943,10014775.0,18697658.45429903,431250.0,9056250.0,527275.0,18039131.85655587,271458.8059534144,387067.791789683,1.4899116010665894,0.00992178057644518,5:1,CTV|5:2;SOV|5:1,CTV|5|Dec:1;CTV|5|Feb:1;CTV|5|Jan:1;CTV|5|Nov:1;CTV|5|Oct:1,SOV1|5|Apr:1;SOV1|5|Aug:1;SOV1|5|Dec:1;SOV1|5|Feb:1;SOV1|5|Jan:1;SOV1|5|Jul:1;SOV1|5|Jun:1;SOV1|5|Mar:1;SOV1|5|May:1;SOV1|5|Nov:1;SOV1|5|Oct:1;SOV1|5|Sep:1,f625172cf7d9ff2c,200,1-500,501-1500,mip_count_under_4_ISS.csv
20,1,20,29287179.359572742,11696075.0,17591104.359572817,1811250.0,9056250.0,828575.0,16969689.718388844,248448.27399394792,372966.3671899124,1.4864481925964355,0.009781236731008282,5:1,CTV|5:2;SOV|5:1,CTV|5|Dec:1;CTV|5|Feb:1;CTV|5|Jan:1;CTV|5|Nov:1;CTV|5|Oct:1;SOV|5|Dec:1;SOV|5|Jan:1,SOV1|5|Apr:1;SOV1|5|Aug:1;SOV1|5|Dec:1;SOV1|5|Feb:1;SOV1|5|Jan:1;SOV1|5|Jul:1;SOV1|5|Jun:1;SOV1|5|Mar:1;SOV1|5|May:1;SOV1|5|Nov:1;SOV1|5|Oct:1;SOV1|5|Sep:1;SOV2|5|Dec:1;SOV2|5|Jan:1,f625172cf7d9ff2c,200,1-500,501-1500,mip_count_under_4_ISS.csv
