instance_id,tree_size,objective,first_stage_cost,second_stage_cost,charter_cost_ST,charter_cost_LT,charter_cost_mob,downtime_cost,travel_cost_S,travel_cost_M,MIP_runtime,Con_total runtime,Con_eta runtime,Con_gamma_LT_runtime,Con_gamma_ST_runtime,Con_Master_runtime,Con_eta_n_iters,Con_eta_vars_fixed,Con_eta_judges_solved_min,Con_eta_gap_p90_max,Con_eta_unanimous_count,Con_gamma_LT_n_iters,Con_gamma_LT_vars_fixed,Con_gamma_LT_judges_solved_min,Con_gamma_LT_gap_p90_max,Con_gamma_LT_unanimous_count,Con_fix_history_json,MIPGap,has_solution,solve_status_code,solve_status,solve_outcome,gap_pruned,optimize_error,eta,gamma_LT,gamma_ST,alpha,scenarios,param_signature,seed,iss_pool,oos_pool
1,1,18590823.302235883,8203525.0,10387298.302235883,5865000.0,1811250.0,527275.0,9644357.899290001,473599.6345891989,269340.7683566807,20.938832998275757,,,,,,,,,,,,,,,,,0.017688208465294147,True,2,OPTIMAL,solution_within_gap,False,,5:1,CTV|5:2,CTV|5|Aug:1;CTV|5|Jul:1;CTV|5|Jun:1;CTV|5|May:1;SOV|5|Apr:1;SOV|5|Dec:1;SOV|5|Feb:1;SOV|5|Jan:1;SOV|5|Mar:1;SOV|5|Nov:1;SOV|5|Oct:1;SOV|5|Sep:1,SOV1|5|Apr:1;SOV1|5|Dec:1;SOV1|5|Feb:1;SOV1|5|Jan:1;SOV1|5|Mar:1;SOV1|5|Nov:1;SOV1|5|Oct:1;SOV1|5|Sep:1,418,f625172cf7d9ff2c,200,1-500,501-1500
1,3,25789507.890495658,9508200.0,16281307.89049564,0.0,9056250.0,451950.0,15614352.230335683,235941.86188575422,431013.79827422556,89.5433509349823,,,,,,,,,,,,,,,,,0.01838267347490905,True,2,OPTIMAL,solution_within_gap,False,,5:1,CTV|5:2;SOV|5:1,,SOV1|5|Apr:1;SOV1|5|Aug:1;SOV1|5|Dec:1;SOV1|5|Feb:1;SOV1|5|Jan:1;SOV1|5|Jul:1;SOV1|5|Jun:1;SOV1|5|Mar:1;SOV1|5|May:1;SOV1|5|Nov:1;SOV1|5|Oct:1;SOV1|5|Sep:1,390;458;499,f625172cf7d9ff2c,200,1-500,501-1500
1,5,26219596.42017381,10090100.0,16129496.420173114,431250.0,9056250.0,602600.0,15428491.764188027,253906.25618827707,447098.3997974273,223.56438183784485,,,,,,,,,,,,,,,,,0.018408923693748688,True,2,OPTIMAL,solution_within_gap,False,,5:1,CTV|5:2;SOV|5:1,CTV|5|Dec:2;CTV|5|Feb:1;CTV|5|Jan:2,SOV1|5|Apr:1;SOV1|5|Aug:1;SOV1|5|Dec:1;SOV1|5|Feb:1;SOV1|5|Jan:1;SOV1|5|Jul:1;SOV1|5|Jun:1;SOV1|5|Mar:1;SOV1|5|May:1;SOV1|5|Nov:1;SOV1|5|Oct:1;SOV1|5|Sep:1,86;110;231;305;440,f625172cf7d9ff2c,200,1-500,501-1500
1,7,28769547.684288274,11879500.0,16890047.684287593,2070000.0,9056250.0,753250.0,16296557.919632297,208671.45993515034,384818.3047209147,1615.332388162613,,,,,,,,,,,,,,,,,0.019005398840758317,True,2,OPTIMAL,solution_within_gap,False,,5:1,CTV|5:2;SOV|5:1,SOV|5|Dec:1;SOV|5|Jan:1;SOV|5|Nov:1,SOV1|5|Apr:1;SOV1|5|Aug:1;SOV1|5|Dec:1;SOV1|5|Feb:1;SOV1|5|Jan:1;SOV1|5|Jul:1;SOV1|5|Jun:1;SOV1|5|Mar:1;SOV1|5|May:1;SOV1|5|Nov:1;SOV1|5|Oct:1;SOV1|5|Sep:1;SOV2|5|Dec:1;SOV2|5|Jan:1;SOV2|5|Nov:1,28;131;176;181;264;290;295,f625172cf7d9ff2c,200,1-500,501-1500
1,10,30095629.018620305,11879500.0,18216129.018624377,2070000.0,9056250.0,753250.0,17629864.20824224,212773.64339459964,373491.1669836303,3772.666141986847,,,,,,,,,,,,,,,,,0.01939527183959852,True,2,OPTIMAL,solution_within_gap,False,,5:1,CTV|5:2;SOV|5:1,SOV|5|Dec:1;SOV|5|Jan:1;SOV|5|Nov:1,SOV1|5|Apr:1;SOV1|5|Aug:1;SOV1|5|Dec:1;SOV1|5|Feb:1;SOV1|5|Jan:1;SOV1|5|Jul:1;SOV1|5|Jun:1;SOV1|5|Mar:1;SOV1|5|May:1;SOV1|5|Nov:1;SOV1|5|Oct:1;SOV1|5|Sep:1;SOV2|5|Dec:1;SOV2|5|Jan:1;SOV2|5|Nov:1,14;22;29;58;85;93;135;187;301;480,f625172cf7d9ff2c,200,1-500,501-1500
1,15,28618146.474760666,10014775.0,18603371.47475474,431250.0,9056250.0,527275.0,17944234.313280728,250377.82646844987,408759.33501129464,1558.9120490550995,,,,,,,,,,,,,,,,,0.019882727975908805,True,2,OPTIMAL,solution_within_gap,False,,5:1,CTV|5:2;SOV|5:1,CTV|5|Dec:1;CTV|5|Feb:1;CTV|5|Jan:1;CTV|5|Nov:1;CTV|5|Oct:1,SOV1|5|Apr:1;SOV1|5|Aug:1;SOV1|5|Dec:1;SOV1|5|Feb:1;SOV1|5|Jan:1;SOV1|5|Jul:1;SOV1|5|Jun:1;SOV1|5|Mar:1;SOV1|5|May:1;SOV1|5|Nov:1;SOV1|5|Oct:1;SOV1|5|Sep:1,6;25;71;78;93;144;156;171;173;197;320;345;351;388;433,f625172cf7d9ff2c,200,1-500,501-1500
1,20,28027706.00584287,9842275.0,18185431.005836416,258750.0,9056250.0,527275.0,17530117.197585132,247076.17571243263,408237.6325453175,12173.330955028534,,,,,,,,,,,,,,,,,0.01935622425297088,True,2,OPTIMAL,solution_within_gap,False,,5:1,CTV|5:2;SOV|5:1,CTV|5|Dec:1;CTV|5|Nov:1;CTV|5|Oct:1,SOV1|5|Apr:1;SOV1|5|Aug:1;SOV1|5|Dec:1;SOV1|5|Feb:1;SOV1|5|Jan:1;SOV1|5|Jul:1;SOV1|5|Jun:1;SOV1|5|Mar:1;SOV1|5|May:1;SOV1|5|Nov:1;SOV1|5|Oct:1;SOV1|5|Sep:1,34;57;65;82;83;89;123;177;183;195;208;217;224;232;253;273;283;331;430;483,f625172cf7d9ff2c,200,1-500,501-1500
2,1,29999836.216173872,8569225.0,21430611.216174074,5778750.0,1811250.0,979225.0,20567985.164774217,620256.8732601957,242369.17813945742,20.787357091903687,,,,,,,,,,,,,,,,,0.018419084717337702,True,2,OPTIMAL,solution_within_gap,False,,5:1,CTV|5:2,CTV|5|Apr:2;CTV|5|Aug:1;CTV|5|Jul:2;CTV|5|Jun:1;CTV|5|Mar:1;CTV|5|May:2;CTV|5|Oct:1;CTV|5|Sep:1;SOV|5|Dec:1;SOV|5|Feb:1;SOV|5|Jan:2;SOV|5|Mar:1;SOV|5|Nov:1;SOV|5|Oct:1,SOV1|5|Dec:1;SOV1|5|Feb:1;SOV1|5|Jan:1;SOV1|5|Mar:1;SOV1|5|Nov:1;SOV1|5|Oct:1;SOV2|5|Jan:1,139,f625172cf7d9ff2c,200,1-500,501-1500
2,3,31260010.022303864,11351075.0,19908935.022303864,1466250.0,9056250.0,828575.0,19274411.435264733,224486.30816520282,410037.2788739172,91.73469686508179,,,,,,,,,,,,,,,,,0.010916121919367212,True,2,OPTIMAL,solution_within_gap,False,,5:1,CTV|5:2;SOV|5:1,CTV|5|Jan:1;SOV|5|Dec:1;SOV|5|Jan:1,SOV1|5|Apr:1;SOV1|5|Aug:1;SOV1|5|Dec:1;SOV1|5|Feb:1;SOV1|5|Jan:1;SOV1|5|Jul:1;SOV1|5|Jun:1;SOV1|5|Mar:1;SOV1|5|May:1;SOV1|5|Nov:1;SOV1|5|Oct:1;SOV1|5|Sep:1;SOV2|5|Dec:1;SOV2|5|Jan:1,31;236;316,f625172cf7d9ff2c,200,1-500,501-1500
2,5,30614303.51456963,10003850.0,20610453.514568154,345000.0,9056250.0,602600.0,19965379.624804534,240910.0032568461,404163.88650815847,525.7160539627075,,,,,,,,,,,,,,,,,0.01999895065077967,True,2,OPTIMAL,solution_within_gap,False,,5:1,CTV|5:2;SOV|5:1,CTV|5|Dec:1;CTV|5|Jan:2;CTV|5|Nov:1,SOV1|5|Apr:1;SOV1|5|Aug:1;SOV1|5|Dec:1;SOV1|5|Feb:1;SOV1|5|Jan:1;SOV1|5|Jul:1;SOV1|5|Jun:1;SOV1|5|Mar:1;SOV1|5|May:1;SOV1|5|Nov:1;SOV1|5|Oct:1;SOV1|5|Sep:1,85;127;134;171;180,f625172cf7d9ff2c,200,1-500,501-1500
2,7,25915023.43945358,10090100.0,15824923.439452551,431250.0,9056250.0,602600.0,15187146.571935875,250269.7605779345,387507.1069396902,1632.327017068863,,,,,,,,,,,,,,,,,0.01994891757736315,True,2,OPTIMAL,solution_within_gap,False,,5:1,CTV|5:2;SOV|5:1,CTV|5|Dec:2;CTV|5|Feb:1;CTV|5|Jan:2,SOV1|5|Apr:1;SOV1|5|Aug:1;SOV1|5|Dec:1;SOV1|5|Feb:1;SOV1|5|Jan:1;SOV1|5|Jul:1;SOV1|5|Jun:1;SOV1|5|Mar:1;SOV1|5|May:1;SOV1|5|Nov:1;SOV1|5|Oct:1;SOV1|5|Sep:1,10;44;102;151;157;346;398,f625172cf7d9ff2c,200,1-500,501-1500
2,10,30888166.012539305,11879500.0,19008666.012543388,2070000.0,9056250.0,753250.0,18418097.077953827,195451.527523252,395117.40706232854,3396.007884979248,,,,,,,,,,,,,,,,,0.01880301679664283,True,2,OPTIMAL,solution_within_gap,False,,5:1,CTV|5:2;SOV|5:1,SOV|5|Dec:1;SOV|5|Jan:1;SOV|5|Nov:1,SOV1|5|Apr:1;SOV1|5|Aug:1;SOV1|5|Dec:1;SOV1|5|Feb:1;SOV1|5|Jan:1;SOV1|5|Jul:1;SOV1|5|Jun:1;SOV1|5|Mar:1;SOV1|5|May:1;SOV1|5|Nov:1;SOV1|5|Oct:1;SOV1|5|Sep:1;SOV2|5|Dec:1;SOV2|5|Jan:1;SOV2|5|Nov:1,4;15;91;99;160;303;365;426;430;478,f625172cf7d9ff2c,200,1-500,501-1500
2,15,27882856.612211388,9756025.0,18126831.61220539,172500.0,9056250.0,527275.0,17485299.670184296,238202.14134966847,403329.8006772443,1365.5210468769073,,,,,,,,,,,,,,,,,0.016678426414734715,True,2,OPTIMAL,solution_within_gap,False,,5:1,CTV|5:2;SOV|5:1,CTV|5|Dec:1;CTV|5|Jan:1,SOV1|5|Apr:1;SOV1|5|Aug:1;SOV1|5|Dec:1;SOV1|5|Feb:1;SOV1|5|Jan:1;SOV1|5|Jul:1;SOV1|5|Jun:1;SOV1|5|Mar:1;SOV1|5|May:1;SOV1|5|Nov:1;SOV1|5|Oct:1;SOV1|5|Sep:1,4;21;63;74;91;136;194;210;212;257;291;303;308;478;500,f625172cf7d9ff2c,200,1-500,501-1500
2,20,28222811.84530921,9928525.0,18294286.845302712,345000.0,9056250.0,527275.0,17646937.973344304,250001.8570676623,397347.01489722024,3404.5277309417725,,,,,,,,,,,,,,,,,0.019018641977870527,True,2,OPTIMAL,solution_within_gap,False,,5:1,CTV|5:2;SOV|5:1,CTV|5|Dec:1;CTV|5|Feb:1;CTV|5|Jan:1;CTV|5|Mar:1,SOV1|5|Apr:1;SOV1|5|Aug:1;SOV1|5|Dec:1;SOV1|5|Feb:1;SOV1|5|Jan:1;SOV1|5|Jul:1;SOV1|5|Jun:1;SOV1|5|Mar:1;SOV1|5|May:1;SOV1|5|Nov:1;SOV1|5|Oct:1;SOV1|5|Sep:1,10;100;102;115;158;180;272;291;292;300;374;394;395;405;423;437;448;463;467;500,f625172cf7d9ff2c,200,1-500,501-1500
3,1,25384580.808285408,8947000.0,16437580.808285404,6382500.0,1811250.0,753250.0,15698349.236998234,465185.11137362744,274046.4599135373,19.62096405029297,,,,,,,,,,,,,,,,,0.019871241657683957,True,2,OPTIMAL,solution_within_gap,False,,5:1,CTV|5:2,CTV|5|Apr:1;CTV|5|Dec:3;CTV|5|Jan:3;CTV|5|Jul:1;CTV|5|Jun:1;CTV|5|May:1;SOV|5|Aug:1;SOV|5|Dec:1;SOV|5|Feb:1;SOV|5|Jan:1;SOV|5|Mar:1;SOV|5|Nov:1;SOV|5|Oct:1;SOV|5|Sep:1,SOV1|5|Aug:1;SOV1|5|Dec:1;SOV1|5|Feb:1;SOV1|5|Jan:1;SOV1|5|Mar:1;SOV1|5|Nov:1;SOV1|5|Oct:1;SOV1|5|Sep:1,6,f625172cf7d9ff2c,200,1-500,501-1500
3,3,26910376.088478338,9120075.0,17790301.088478357,517500.0,8150625.0,451950.0,17117503.360692933,216710.83717403523,456086.8906113847,112.01848006248474,,,,,,,,,,,,,,,,,0.019705323583091173,True,2,OPTIMAL,solution_within_gap,False,,5:1,CTV|5:1;SOV|5:1,CTV|5|Dec:1;CTV|5|Feb:1;CTV|5|Jan:1;CTV|5|Nov:1;CTV|5|Oct:1;CTV|5|Sep:1,SOV1|5|Apr:1;SOV1|5|Aug:1;SOV1|5|Dec:1;SOV1|5|Feb:1;SOV1|5|Jan:1;SOV1|5|Jul:1;SOV1|5|Jun:1;SOV1|5|Mar:1;SOV1|5|May:1;SOV1|5|Nov:1;SOV1|5|Oct:1;SOV1|5|Sep:1,36;248;481,f625172cf7d9ff2c,200,1-500,501-1500
3,5,28027943.69094413,9508200.0,18519743.690942645,0.0,9056250.0,451950.0,17841646.24232227,239146.5408986849,438950.907723097,215.22726392745972,,,,,,,,,,,,,,,,,0.01980251419032135,True,2,OPTIMAL,solution_within_gap,False,,5:1,CTV|5:2;SOV|5:1,,SOV1|5|Apr:1;SOV1|5|Aug:1;SOV1|5|Dec:1;SOV1|5|Feb:1;SOV1|5|Jan:1;SOV1|5|Jul:1;SOV1|5|Jun:1;SOV1|5|Mar:1;SOV1|5|May:1;SOV1|5|Nov:1;SOV1|5|Oct:1;SOV1|5|Sep:1,23;136;345;389;420,f625172cf7d9ff2c,200,1-500,501-1500
3,7,26909516.017530486,10176350.0,16733166.017529475,517500.0,9056250.0,602600.0,16053303.99374705,270415.15390956774,409446.86987377156,1368.6994400024414,,,,,,,,,,,,,,,,,0.019642397899575146,True,2,OPTIMAL,solution_within_gap,False,,5:1,CTV|5:2;SOV|5:1,CTV|5|Dec:2;CTV|5|Jan:2;CTV|5|Nov:1;CTV|5|Oct:1,SOV1|5|Apr:1;SOV1|5|Aug:1;SOV1|5|Dec:1;SOV1|5|Feb:1;SOV1|5|Jan:1;SOV1|5|Jul:1;SOV1|5|Jun:1;SOV1|5|Mar:1;SOV1|5|May:1;SOV1|5|Nov:1;SOV1|5|Oct:1;SOV1|5|Sep:1,285;308;402;410;433;438;475,f625172cf7d9ff2c,200,1-500,501-1500
3,10,29111272.6253215,10262600.0,18848672.62532607,603750.0,9056250.0,602600.0,18185936.467113804,256693.18565020504,406042.97255764256,3559.0774760246277,,,,,,,,,,,,,,,,,0.01778281193969016,True,2,OPTIMAL,solution_within_gap,False,,5:1,CTV|5:2;SOV|5:1,CTV|5|Dec:2;CTV|5|Jan:2;CTV|5|Nov:1;CTV|5|Oct:1;CTV|5|Sep:1,SOV1|5|Apr:1;SOV1|5|Aug:1;SOV1|5|Dec:1;SOV1|5|Feb:1;SOV1|5|Jan:1;SOV1|5|Jul:1;SOV1|5|Jun:1;SOV1|5|Mar:1;SOV1|5|May:1;SOV1|5|Nov:1;SOV1|5|Oct:1;SOV1|5|Sep:1,26;48;79;85;233;280;349;353;354;412,f625172cf7d9ff2c,200,1-500,501-1500
3,15,27869645.056775928,9917600.0,17952045.056770016,258750.0,9056250.0,602600.0,17287750.43344396,247803.24387496413,416491.3794567972,8456.673596143723,,,,,,,,,,,,,,,,,0.018821844254990033,True,2,OPTIMAL,solution_within_gap,False,,5:1,CTV|5:2;SOV|5:1,CTV|5|Dec:2;CTV|5|Jan:1,SOV1|5|Apr:1;SOV1|5|Aug:1;SOV1|5|Dec:1;SOV1|5|Feb:1;SOV1|5|Jan:1;SOV1|5|Jul:1;SOV1|5|Jun:1;SOV1|5|Mar:1;SOV1|5|May:1;SOV1|5|Nov:1;SOV1|5|Oct:1;SOV1|5|Sep:1,4;10;88;148;163;219;224;305;313;339;356;382;397;429;462,f625172cf7d9ff2c,200,1-500,501-1500
3,20,29393022.15177992,9842275.0,19550747.151773263,258750.0,9056250.0,527275.0,18893129.281864133,238524.02935618698,419093.8405595325,3744.7946169376373,,,,,,,,,,,,,,,,,0.01930064054991938,True,2,OPTIMAL,solution_within_gap,False,,5:1,CTV|5:2;SOV|5:1,CTV|5|Dec:1;CTV|5|Jan:1;CTV|5|Nov:1,SOV1|5|Apr:1;SOV1|5|Aug:1;SOV1|5|Dec:1;SOV1|5|Feb:1;SOV1|5|Jan:1;SOV1|5|Jul:1;SOV1|5|Jun:1;SOV1|5|Mar:1;SOV1|5|May:1;SOV1|5|Nov:1;SOV1|5|Oct:1;SOV1|5|Sep:1,54;61;69;120;121;129;133;171;183;187;211;300;331;337;428;435;440;448;463;477,f625172cf7d9ff2c,200,1-500,501-1500
4,1,37903020.42860421,10789875.0,27113145.428604364,7848750.0,1811250.0,1129875.0,26379551.142381225,369872.89318885654,363721.3930341212,15.683737993240356,,,,,,,,,,,,,,,,,0.013827397827750226,True,2,OPTIMAL,solution_within_gap,False,,5:1,CTV|5:2,CTV|5|Jul:1;CTV|5|Jun:1;CTV|5|May:1;SOV|5|Apr:1;SOV|5|Aug:1;SOV|5|Dec:1;SOV|5|Feb:1;SOV|5|Jan:2;SOV|5|Mar:1;SOV|5|Nov:1;SOV|5|Oct:2;SOV|5|Sep:1,SOV1|5|Apr:1;SOV1|5|Aug:1;SOV1|5|Dec:1;SOV1|5|Feb:1;SOV1|5|Jan:1;SOV1|5|Mar:1;SOV1|5|Nov:1;SOV1|5|Oct:1;SOV1|5|Sep:1;SOV2|5|Jan:1;SOV2|5|Oct:1,220,f625172cf7d9ff2c,200,1-500,501-1500
4,3,28092273.080132004,10014775.0,18077498.08013202,431250.0,9056250.0,527275.0,17392722.722523298,250107.7809049139,434667.57670378557,95.73144197463989,,,,,,,,,,,,,,,,,0.019639787968047093,True,2,OPTIMAL,solution_within_gap,False,,5:1,CTV|5:2;SOV|5:1,CTV|5|Dec:1;CTV|5|Jan:1;CTV|5|Nov:1;CTV|5|Oct:1;CTV|5|Sep:1,SOV1|5|Apr:1;SOV1|5|Aug:1;SOV1|5|Dec:1;SOV1|5|Feb:1;SOV1|5|Jan:1;SOV1|5|Jul:1;SOV1|5|Jun:1;SOV1|5|Mar:1;SOV1|5|May:1;SOV1|5|Nov:1;SOV1|5|Oct:1;SOV1|5|Sep:1,240;354;483,f625172cf7d9ff2c,200,1-500,501-1500
4,5,27484481.0105615,9033825.0,18450656.01056004,431250.0,8150625.0,451950.0,17789866.298254408,218077.44191171793,442712.2703953278,341.12329483032227,,,,,,,,,,,,,,,,,0.012524576690082672,True,2,OPTIMAL,solution_within_gap,False,,5:1,CTV|5:1;SOV|5:1,CTV|5|Dec:1;CTV|5|Feb:1;CTV|5|Jan:1;CTV|5|Nov:1;CTV|5|Oct:1,SOV1|5|Apr:1;SOV1|5|Aug:1;SOV1|5|Dec:1;SOV1|5|Feb:1;SOV1|5|Jan:1;SOV1|5|Jul:1;SOV1|5|Jun:1;SOV1|5|Mar:1;SOV1|5|May:1;SOV1|5|Nov:1;SOV1|5|Oct:1;SOV1|5|Sep:1,118;158;170;426;474,f625172cf7d9ff2c,200,1-500,501-1500
4,7,28658088.695166178,10090100.0,18567988.695167776,431250.0,9056250.0,602600.0,17922212.39075926,253342.08417099022,392434.2202358279,355.9443278312683,,,,,,,,,,,,,,,,,0.019884337322881567,True,2,OPTIMAL,solution_within_gap,False,,5:1,CTV|5:2;SOV|5:1,CTV|5|Dec:2;CTV|5|Jan:2;CTV|5|Nov:1,SOV1|5|Apr:1;SOV1|5|Aug:1;SOV1|5|Dec:1;SOV1|5|Feb:1;SOV1|5|Jan:1;SOV1|5|Jul:1;SOV1|5|Jun:1;SOV1|5|Mar:1;SOV1|5|May:1;SOV1|5|Nov:1;SOV1|5|Oct:1;SOV1|5|Sep:1,61;62;309;326;410;445;472,f625172cf7d9ff2c,200,1-500,501-1500
4,10,27546952.139813874,9756025.0,17790927.13981846,172500.0,9056250.0,527275.0,17158693.651584122,238411.75378370952,393821.73444614786,3116.683313846588,,,,,,,,,,,,,,,,,0.019998113730579203,True,2,OPTIMAL,solution_within_gap,False,,5:1,CTV|5:2;SOV|5:1,CTV|5|Dec:1;CTV|5|Jan:1,SOV1|5|Apr:1;SOV1|5|Aug:1;SOV1|5|Dec:1;SOV1|5|Feb:1;SOV1|5|Jan:1;SOV1|5|Jul:1;SOV1|5|Jun:1;SOV1|5|Mar:1;SOV1|5|May:1;SOV1|5|Nov:1;SOV1|5|Oct:1;SOV1|5|Sep:1,23;111;170;201;238;346;413;434;454;470,f625172cf7d9ff2c,200,1-500,501-1500
4,15,28574658.59035708,11189500.0,17385158.590351585,1380000.0,9056250.0,753250.0,16775980.93800455,218106.79787482967,391070.854477495,4955.057144165039,,,,,,,,,,,,,,,,,0.01999895928335297,True,2,OPTIMAL,solution_within_gap,False,,5:1,CTV|5:2;SOV|5:1,SOV|5|Dec:1;SOV|5|Nov:1,SOV1|5|Apr:1;SOV1|5|Aug:1;SOV1|5|Dec:1;SOV1|5|Feb:1;SOV1|5|Jan:1;SOV1|5|Jul:1;SOV1|5|Jun:1;SOV1|5|Mar:1;SOV1|5|May:1;SOV1|5|Nov:1;SOV1|5|Oct:1;SOV1|5|Sep:1;SOV2|5|Dec:1;SOV2|5|Nov:1,65;79;110;228;245;251;256;272;286;347;379;429;436;454;458,f625172cf7d9ff2c,200,1-500,501-1500
4,20,29416261.835894994,10908900.0,18507361.835888676,948750.0,9056250.0,903900.0,17871422.246509816,238670.24689415956,397269.3424910482,10707.309614896774,,,,,,,,,,,,,,,,,0.01976500334539097,True,2,OPTIMAL,solution_within_gap,False,,5:1,CTV|5:2;SOV|5:1,CTV|5|Feb:1;CTV|5|Jan:1;CTV|5|Sep:1;SOV|5|Dec:1,SOV1|5|Apr:1;SOV1|5|Aug:1;SOV1|5|Dec:1;SOV1|5|Feb:1;SOV1|5|Jan:1;SOV1|5|Jul:1;SOV1|5|Jun:1;SOV1|5|Mar:1;SOV1|5|May:1;SOV1|5|Nov:1;SOV1|5|Oct:1;SOV1|5|Sep:1;SOV2|5|Dec:1,8;46;50;70;81;100;133;152;180;198;202;241;257;259;299;302;375;448;461;469,f625172cf7d9ff2c,200,1-500,501-1500
5,1,22614610.06260902,7577925.0,15036685.062609006,5088750.0,1811250.0,677925.0,14278737.391589532,541922.7917518583,216024.8792676241,14.063400983810425,,,,,,,,,,,,,,,,,0.010289072639947673,True,2,OPTIMAL,solution_within_gap,False,,5:1,CTV|5:2,CTV|5|Apr:1;CTV|5|Feb:1;CTV|5|Jul:1;CTV|5|Jun:1;CTV|5|Mar:1;CTV|5|May:1;CTV|5|Nov:2;CTV|5|Oct:2;CTV|5|Sep:1;SOV|5|Aug:1;SOV|5|Dec:1;SOV|5|Jan:1;SOV|5|Nov:1;SOV|5|Oct:1;SOV|5|Sep:1,SOV1|5|Aug:1;SOV1|5|Dec:1;SOV1|5|Jan:1;SOV1|5|Nov:1;SOV1|5|Oct:1;SOV1|5|Sep:1,134,f625172cf7d9ff2c,200,1-500,501-1500
5,3,25509727.255259536,9508200.0,16001527.255259493,0.0,9056250.0,451950.0,15334708.336371092,250433.5283876752,416385.3905007576,102.459645986557,,,,,,,,,,,,,,,,,0.019972666212066142,True,2,OPTIMAL,solution_within_gap,False,,5:1,CTV|5:2;SOV|5:1,,SOV1|5|Apr:1;SOV1|5|Aug:1;SOV1|5|Dec:1;SOV1|5|Feb:1;SOV1|5|Jan:1;SOV1|5|Jul:1;SOV1|5|Jun:1;SOV1|5|Mar:1;SOV1|5|May:1;SOV1|5|Nov:1;SOV1|5|Oct:1;SOV1|5|Sep:1,12;35;159,f625172cf7d9ff2c,200,1-500,501-1500
5,5,29362739.254634295,9756025.0,19606714.254632894,172500.0,9056250.0,527275.0,18968124.64758382,229096.85754219416,409492.7495082564,248.8786380290985,,,,,,,,,,,,,,,,,0.01948691842932629,True,2,OPTIMAL,solution_within_gap,False,,5:1,CTV|5:2;SOV|5:1,CTV|5|Dec:1;CTV|5|Jan:1,SOV1|5|Apr:1;SOV1|5|Aug:1;SOV1|5|Dec:1;SOV1|5|Feb:1;SOV1|5|Jan:1;SOV1|5|Jul:1;SOV1|5|Jun:1;SOV1|5|Mar:1;SOV1|5|May:1;SOV1|5|Nov:1;SOV1|5|Oct:1;SOV1|5|Sep:1,272;299;341;357;450,f625172cf7d9ff2c,200,1-500,501-1500
5,7,27562271.39366101,9842275.0,17719996.393662795,258750.0,9056250.0,527275.0,17073618.721653163,236930.80213405253,409446.8698737716,389.14372277259827,,,,,,,,,,,,,,,,,0.019960518102832673,True,2,OPTIMAL,solution_within_gap,False,,5:1,CTV|5:2;SOV|5:1,CTV|5|Dec:1;CTV|5|Feb:1;CTV|5|Jan:1,SOV1|5|Apr:1;SOV1|5|Aug:1;SOV1|5|Dec:1;SOV1|5|Feb:1;SOV1|5|Jan:1;SOV1|5|Jul:1;SOV1|5|Jun:1;SOV1|5|Mar:1;SOV1|5|May:1;SOV1|5|Nov:1;SOV1|5|Oct:1;SOV1|5|Sep:1,56;106;113;115;238;390;488,f625172cf7d9ff2c,200,1-500,501-1500
5,10,28579485.345622864,9281650.0,19297835.34562772,603750.0,8150625.0,527275.0,18645969.92931561,220905.4101545239,430960.00615288614,2854.6800270080566,,,,,,,,,,,,,,,,,0.0199973418493762,True,2,OPTIMAL,solution_within_gap,False,,5:1,CTV|5:1;SOV|5:1,CTV|5|Dec:2;CTV|5|Feb:1;CTV|5|Jan:2;CTV|5|Mar:1;CTV|5|Nov:1,SOV1|5|Apr:1;SOV1|5|Aug:1;SOV1|5|Dec:1;SOV1|5|Feb:1;SOV1|5|Jan:1;SOV1|5|Jul:1;SOV1|5|Jun:1;SOV1|5|Mar:1;SOV1|5|May:1;SOV1|5|Nov:1;SOV1|5|Oct:1;SOV1|5|Sep:1,1;7;83;178;188;199;263;328;387;443,f625172cf7d9ff2c,200,1-500,501-1500
5,15,28509009.218213297,9842275.0,18666734.218207244,258750.0,9056250.0,527275.0,18027409.703827284,243516.9072908201,395807.6070949922,7978.399822950363,,,,,,,,,,,,,,,,,0.016064075865053092,True,2,OPTIMAL,solution_within_gap,False,,5:1,CTV|5:2;SOV|5:1,CTV|5|Dec:1;CTV|5|Feb:1;CTV|5|Jan:1,SOV1|5|Apr:1;SOV1|5|Aug:1;SOV1|5|Dec:1;SOV1|5|Feb:1;SOV1|5|Jan:1;SOV1|5|Jul:1;SOV1|5|Jun:1;SOV1|5|Mar:1;SOV1|5|May:1;SOV1|5|Nov:1;SOV1|5|Oct:1;SOV1|5|Sep:1,21;24;38;62;145;163;246;267;272;332;375;400;456;458;491,f625172cf7d9ff2c,200,1-500,501-1500
5,20,29197969.34355429,9842275.0,19355694.343547843,258750.0,9056250.0,527275.0,18705540.88019236,249124.9763311369,401028.4870307613,12443.304203987122,,,,,,,,,,,,,,,,,0.014647570912398539,True,2,OPTIMAL,solution_within_gap,False,,5:1,CTV|5:2;SOV|5:1,CTV|5|Dec:1;CTV|5|Jan:1;CTV|5|Nov:1,SOV1|5|Apr:1;SOV1|5|Aug:1;SOV1|5|Dec:1;SOV1|5|Feb:1;SOV1|5|Jan:1;SOV1|5|Jul:1;SOV1|5|Jun:1;SOV1|5|Mar:1;SOV1|5|May:1;SOV1|5|Nov:1;SOV1|5|Oct:1;SOV1|5|Sep:1,7;14;20;96;122;126;191;199;211;221;229;258;266;276;307;313;316;353;379;443,f625172cf7d9ff2c,200,1-500,501-1500
6,1,36649849.956895575,9237375.0,27412474.956895765,6296250.0,1811250.0,1129875.0,26642788.795373105,488429.4913150004,281256.6702074842,13.36121916770935,,,,,,,,,,,,,,,,,0.019998085813236678,True,2,OPTIMAL,solution_within_gap,False,,5:1,CTV|5:2,CTV|5|Apr:1;CTV|5|Aug:1;CTV|5|Dec:3;CTV|5|Feb:1;CTV|5|Jul:1;CTV|5|Jun:1;CTV|5|May:1;SOV|5|Dec:1;SOV|5|Feb:1;SOV|5|Jan:2;SOV|5|Mar:1;SOV|5|Nov:1;SOV|5|Oct:1;SOV|5|Sep:1,SOV1|5|Dec:1;SOV1|5|Feb:1;SOV1|5|Jan:1;SOV1|5|Mar:1;SOV1|5|Nov:1;SOV1|5|Oct:1;SOV1|5|Sep:1;SOV2|5|Jan:1,478,f625172cf7d9ff2c,200,1-500,501-1500
6,3,29831991.17368061,9033825.0,20798166.173680622,431250.0,8150625.0,451950.0,20108457.985098906,232055.39292909627,457652.79565262474,108.70344805717468,,,,,,,,,,,,,,,,,0.010802483708866826,True,2,OPTIMAL,solution_within_gap,False,,5:1,CTV|5:1;SOV|5:1,CTV|5|Dec:1;CTV|5|Feb:1;CTV|5|Jan:1;CTV|5|Nov:1;CTV|5|Oct:1,SOV1|5|Apr:1;SOV1|5|Aug:1;SOV1|5|Dec:1;SOV1|5|Feb:1;SOV1|5|Jan:1;SOV1|5|Jul:1;SOV1|5|Jun:1;SOV1|5|Mar:1;SOV1|5|May:1;SOV1|5|Nov:1;SOV1|5|Oct:1;SOV1|5|Sep:1,63;245;308,f625172cf7d9ff2c,200,1-500,501-1500
6,5,25728212.438763943,9756025.0,15972187.438763257,172500.0,9056250.0,527275.0,15278625.376777545,243640.24725482607,449921.81473154156,218.51925897598267,,,,,,,,,,,,,,,,,0.017214170912063762,True,2,OPTIMAL,solution_within_gap,False,,5:1,CTV|5:2;SOV|5:1,CTV|5|Dec:1;CTV|5|Jan:1,SOV1|5|Apr:1;SOV1|5|Aug:1;SOV1|5|Dec:1;SOV1|5|Feb:1;SOV1|5|Jan:1;SOV1|5|Jul:1;SOV1|5|Jun:1;SOV1|5|Mar:1;SOV1|5|May:1;SOV1|5|Nov:1;SOV1|5|Oct:1;SOV1|5|Sep:1,18;25;48;131;484,f625172cf7d9ff2c,200,1-500,501-1500
6,7,28802320.10107375,10176350.0,18625970.10107553,517500.0,9056250.0,602600.0,17980771.832634125,251645.54460291003,393552.7238367134,422.2144260406494,,,,,,,,,,,,,,,,,0.019268380328916174,True,2,OPTIMAL,solution_within_gap,False,,5:1,CTV|5:2;SOV|5:1,CTV|5|Dec:2;CTV|5|Feb:1;CTV|5|Jan:2;CTV|5|Mar:1,SOV1|5|Apr:1;SOV1|5|Aug:1;SOV1|5|Dec:1;SOV1|5|Feb:1;SOV1|5|Jan:1;SOV1|5|Jul:1;SOV1|5|Jun:1;SOV1|5|Mar:1;SOV1|5|May:1;SOV1|5|Nov:1;SOV1|5|Oct:1;SOV1|5|Sep:1,27;42;180;259;298;335;475,f625172cf7d9ff2c,200,1-500,501-1500
6,10,29008864.760884833,9842275.0,19166589.76088935,258750.0,9056250.0,527275.0,18528472.1129848,246333.18529426155,391784.46260590875,1593.4225208759308,,,,,,,,,,,,,,,,,0.01995901133987228,True,2,OPTIMAL,solution_within_gap,False,,5:1,CTV|5:2;SOV|5:1,CTV|5|Dec:1;CTV|5|Jan:1;CTV|5|Nov:1,SOV1|5|Apr:1;SOV1|5|Aug:1;SOV1|5|Dec:1;SOV1|5|Feb:1;SOV1|5|Jan:1;SOV1|5|Jul:1;SOV1|5|Jun:1;SOV1|5|Mar:1;SOV1|5|May:1;SOV1|5|Nov:1;SOV1|5|Oct:1;SOV1|5|Sep:1,76;88;109;127;163;189;294;400;445;471,f625172cf7d9ff2c,200,1-500,501-1500
6,15,30186357.12386853,11437325.0,18749032.123862762,1552500.0,9056250.0,828575.0,18145815.439696316,223492.1821813422,379724.50199071085,7307.079576015472,,,,,,,,,,,,,,,,,0.019149855085624154,True,2,OPTIMAL,solution_within_gap,False,,5:1,CTV|5:2;SOV|5:1,CTV|5|Dec:1;CTV|5|Jan:1;SOV|5|Dec:1;SOV|5|Jan:1,SOV1|5|Apr:1;SOV1|5|Aug:1;SOV1|5|Dec:1;SOV1|5|Feb:1;SOV1|5|Jan:1;SOV1|5|Jul:1;SOV1|5|Jun:1;SOV1|5|Mar:1;SOV1|5|May:1;SOV1|5|Nov:1;SOV1|5|Oct:1;SOV1|5|Sep:1;SOV2|5|Dec:1;SOV2|5|Jan:1,41;54;70;89;95;106;113;187;278;319;349;363;381;383;493,f625172cf7d9ff2c,200,1-500,501-1500
6,20,29287312.66009676,10176350.0,19110962.660090454,517500.0,9056250.0,602600.0,18462295.088155907,250771.69263592694,397895.879304968,13705.169124126434,,,,,,,,,,,,,,,,,0.01954827998051316,True,2,OPTIMAL,solution_within_gap,False,,5:1,CTV|5:2;SOV|5:1,CTV|5|Dec:2;CTV|5|Feb:2;CTV|5|Jan:2,SOV1|5|Apr:1;SOV1|5|Aug:1;SOV1|5|Dec:1;SOV1|5|Feb:1;SOV1|5|Jan:1;SOV1|5|Jul:1;SOV1|5|Jun:1;SOV1|5|Mar:1;SOV1|5|May:1;SOV1|5|Nov:1;SOV1|5|Oct:1;SOV1|5|Sep:1,3;44;68;130;131;168;172;224;246;261;271;306;316;326;346;361;404;469;494;497,f625172cf7d9ff2c,200,1-500,501-1500
7,1,26030657.009650826,7718225.0,18312432.009651028,6210000.0,905625.0,602600.0,17570248.06940582,460627.25390886556,281556.6863361409,19.05117702484131,,,,,,,,,,,,,,,,,0.01749691149203891,True,2,OPTIMAL,solution_within_gap,False,,5:1,CTV|5:1,CTV|5|Aug:2;CTV|5|Dec:2;CTV|5|Feb:2;CTV|5|Jan:2;CTV|5|Jul:2;CTV|5|Jun:1;CTV|5|Nov:1;CTV|5|Oct:2;CTV|5|Sep:2;SOV|5|Apr:1;SOV|5|Dec:1;SOV|5|Feb:1;SOV|5|Jan:1;SOV|5|Mar:1;SOV|5|May:1;SOV|5|Nov:1,SOV1|5|Apr:1;SOV1|5|Dec:1;SOV1|5|Feb:1;SOV1|5|Jan:1;SOV1|5|Mar:1;SOV1|5|May:1;SOV1|5|Nov:1,229,f625172cf7d9ff2c,200,1-500,501-1500
7,3,28363680.35516009,11189500.0,17174180.355160084,1380000.0,9056250.0,753250.0,16567104.678537797,228377.76906151779,378697.9075607524,93.97085499763489,,,,,,,,,,,,,,,,,0.00946414773993361,True,2,OPTIMAL,solution_within_gap,False,,5:1,CTV|5:2;SOV|5:1,SOV|5|Dec:1;SOV|5|Jan:1,SOV1|5|Apr:1;SOV1|5|Aug:1;SOV1|5|Dec:1;SOV1|5|Feb:1;SOV1|5|Jan:1;SOV1|5|Jul:1;SOV1|5|Jun:1;SOV1|5|Mar:1;SOV1|5|May:1;SOV1|5|Nov:1;SOV1|5|Oct:1;SOV1|5|Sep:1;SOV2|5|Dec:1;SOV2|5|Jan:1,31;189;282,f625172cf7d9ff2c,200,1-500,501-1500
7,5,31733015.243470613,11135450.0,20597565.243469324,2156250.0,8150625.0,828575.0,19963034.56349605,203640.00201193994,430890.6779625754,213.62914204597473,,,,,,,,,,,,,,,,,0.012146639673709355,True,2,OPTIMAL,solution_within_gap,False,,5:1,CTV|5:1;SOV|5:1,CTV|5|Apr:1;CTV|5|Dec:1;CTV|5|Feb:1;CTV|5|Jan:1;CTV|5|Mar:1;CTV|5|May:1;CTV|5|Nov:2;CTV|5|Oct:1;SOV|5|Dec:1;SOV|5|Jan:1,SOV1|5|Apr:1;SOV1|5|Aug:1;SOV1|5|Dec:1;SOV1|5|Feb:1;SOV1|5|Jan:1;SOV1|5|Jul:1;SOV1|5|Jun:1;SOV1|5|Mar:1;SOV1|5|May:1;SOV1|5|Nov:1;SOV1|5|Oct:1;SOV1|5|Sep:1;SOV2|5|Dec:1;SOV2|5|Jan:1,62;198;345;349;451,f625172cf7d9ff2c,200,1-500,501-1500
7,7,30074887.194760993,10413250.0,19661637.194762703,603750.0,9056250.0,753250.0,18989808.745365124,261203.51573373628,410624.9336620592,417.5880398750305,,,,,,,,,,,,,,,,,0.019903265275663547,True,2,OPTIMAL,solution_within_gap,False,,5:1,CTV|5:2;SOV|5:1,CTV|5|Dec:2;CTV|5|Feb:1;CTV|5|Jan:2;CTV|5|Oct:2,SOV1|5|Apr:1;SOV1|5|Aug:1;SOV1|5|Dec:1;SOV1|5|Feb:1;SOV1|5|Jan:1;SOV1|5|Jul:1;SOV1|5|Jun:1;SOV1|5|Mar:1;SOV1|5|May:1;SOV1|5|Nov:1;SOV1|5|Oct:1;SOV1|5|Sep:1,4;32;93;338;367;378;408,f625172cf7d9ff2c,200,1-500,501-1500
7,10,29149539.652466215,11879500.0,17270039.652466882,2070000.0,9056250.0,753250.0,16665435.687831772,215568.03850120073,389035.9261333434,3550.06174993515,,,,,,,,,,,,,,,,,0.019734501038475048,True,2,OPTIMAL,solution_within_gap,False,,5:1,CTV|5:2;SOV|5:1,SOV|5|Dec:1;SOV|5|Feb:1;SOV|5|Jan:1,SOV1|5|Apr:1;SOV1|5|Aug:1;SOV1|5|Dec:1;SOV1|5|Feb:1;SOV1|5|Jan:1;SOV1|5|Jul:1;SOV1|5|Jun:1;SOV1|5|Mar:1;SOV1|5|May:1;SOV1|5|Nov:1;SOV1|5|Oct:1;SOV1|5|Sep:1;SOV2|5|Dec:1;SOV2|5|Feb:1;SOV2|5|Jan:1,11;29;33;47;92;134;332;352;460;467,f625172cf7d9ff2c,200,1-500,501-1500
7,15,29229141.16002594,11879500.0,17349641.160021525,2070000.0,9056250.0,753250.0,16756683.16509348,213160.5468221865,379797.4481101221,6506.495247840881,,,,,,,,,,,,,,,,,0.019426220019279954,True,2,OPTIMAL,solution_within_gap,False,,5:1,CTV|5:2;SOV|5:1,SOV|5|Dec:1;SOV|5|Feb:1;SOV|5|Jan:1,SOV1|5|Apr:1;SOV1|5|Aug:1;SOV1|5|Dec:1;SOV1|5|Feb:1;SOV1|5|Jan:1;SOV1|5|Jul:1;SOV1|5|Jun:1;SOV1|5|Mar:1;SOV1|5|May:1;SOV1|5|Nov:1;SOV1|5|Oct:1;SOV1|5|Sep:1;SOV2|5|Dec:1;SOV2|5|Feb:1;SOV2|5|Jan:1,23;38;80;101;110;111;119;167;270;332;376;386;392;432;458,f625172cf7d9ff2c,200,1-500,501-1500
7,20,28113867.45113202,9701975.0,18411892.45112513,948750.0,8150625.0,602600.0,17736053.676822197,233909.85525674734,441928.9190530428,4209.832482099533,,,,,,,,,,,,,,,,,0.019982267003502696,True,2,OPTIMAL,solution_within_gap,False,,5:1,CTV|5:1;SOV|5:1,CTV|5|Dec:3;CTV|5|Feb:2;CTV|5|Jan:2;CTV|5|Mar:1;CTV|5|Nov:1;CTV|5|Oct:1;CTV|5|Sep:1,SOV1|5|Apr:1;SOV1|5|Aug:1;SOV1|5|Dec:1;SOV1|5|Feb:1;SOV1|5|Jan:1;SOV1|5|Jul:1;SOV1|5|Jun:1;SOV1|5|Mar:1;SOV1|5|May:1;SOV1|5|Nov:1;SOV1|5|Oct:1;SOV1|5|Sep:1,15;30;77;81;109;114;141;209;213;222;237;248;251;273;319;344;363;403;417;427,f625172cf7d9ff2c,200,1-500,501-1500
8,1,30035331.958299283,9194825.0,20840506.958299432,6555000.0,1811250.0,828575.0,20158190.742922403,437718.6053295672,244597.6100473002,12.440825939178467,,,,,,,,,,,,,,,,,0.019997093073124077,True,2,OPTIMAL,solution_within_gap,False,,5:1,CTV|5:2,CTV|5|Aug:1;CTV|5|Jul:1;CTV|5|Jun:1;CTV|5|May:1;SOV|5|Apr:1;SOV|5|Dec:2;SOV|5|Feb:1;SOV|5|Jan:1;SOV|5|Mar:1;SOV|5|Nov:1;SOV|5|Oct:1;SOV|5|Sep:1,SOV1|5|Apr:1;SOV1|5|Dec:1;SOV1|5|Feb:1;SOV1|5|Jan:1;SOV1|5|Mar:1;SOV1|5|Nov:1;SOV1|5|Oct:1;SOV1|5|Sep:1;SOV2|5|Dec:1,239,f625172cf7d9ff2c,200,1-500,501-1500
8,3,30334771.26115292,9917600.0,20417171.261152927,258750.0,9056250.0,602600.0,19765429.90370696,244756.71481475513,406984.64263122645,89.75636100769043,,,,,,,,,,,,,,,,,0.01779123301920704,True,2,OPTIMAL,solution_within_gap,False,,5:1,CTV|5:2;SOV|5:1,CTV|5|Feb:1;CTV|5|Jan:1;CTV|5|Oct:1,SOV1|5|Apr:1;SOV1|5|Aug:1;SOV1|5|Dec:1;SOV1|5|Feb:1;SOV1|5|Jan:1;SOV1|5|Jul:1;SOV1|5|Jun:1;SOV1|5|Mar:1;SOV1|5|May:1;SOV1|5|Nov:1;SOV1|5|Oct:1;SOV1|5|Sep:1,8;216;396,f625172cf7d9ff2c,200,1-500,501-1500
8,5,25983924.444448814,9194825.0,16789099.44444831,6555000.0,1811250.0,828575.0,16057917.030342512,435438.93893864146,295743.4751676187,252.68302297592163,,,,,,,,,,,,,,,,,0.019675823131520543,True,2,OPTIMAL,solution_within_gap,False,,5:1,CTV|5:2,CTV|5|Aug:1;CTV|5|Jul:1;CTV|5|Jun:1;CTV|5|May:1;SOV|5|Apr:1;SOV|5|Dec:2;SOV|5|Feb:1;SOV|5|Jan:1;SOV|5|Mar:1;SOV|5|Nov:1;SOV|5|Oct:1;SOV|5|Sep:1,SOV1|5|Apr:1;SOV1|5|Dec:1;SOV1|5|Feb:1;SOV1|5|Jan:1;SOV1|5|Mar:1;SOV1|5|Nov:1;SOV1|5|Oct:1;SOV1|5|Sep:1;SOV2|5|Dec:1,156;201;317;348;376,f625172cf7d9ff2c,200,1-500,501-1500
8,7,27234711.006200034,9842275.0,17392436.0062009,258750.0,9056250.0,527275.0,16731952.537705729,249918.09501960286,410565.3734746573,1284.6966688632965,,,,,,,,,,,,,,,,,0.01981547037008336,True,2,OPTIMAL,solution_within_gap,False,,5:1,CTV|5:2;SOV|5:1,CTV|5|Dec:1;CTV|5|Feb:1;CTV|5|Jan:1,SOV1|5|Apr:1;SOV1|5|Aug:1;SOV1|5|Dec:1;SOV1|5|Feb:1;SOV1|5|Jan:1;SOV1|5|Jul:1;SOV1|5|Jun:1;SOV1|5|Mar:1;SOV1|5|May:1;SOV1|5|Nov:1;SOV1|5|Oct:1;SOV1|5|Sep:1,44;93;115;218;310;341;349,f625172cf7d9ff2c,200,1-500,501-1500
8,10,28688396.11264813,10348850.0,18339546.112652566,690000.0,9056250.0,602600.0,17689240.21603906,260875.07742499668,389430.819184166,757.6489770412445,,,,,,,,,,,,,,,,,0.01962129018134465,True,2,OPTIMAL,solution_within_gap,False,,5:1,CTV|5:2;SOV|5:1,CTV|5|Dec:2;CTV|5|Feb:1;CTV|5|Jan:2;CTV|5|Nov:1;CTV|5|Oct:1;CTV|5|Sep:1,SOV1|5|Apr:1;SOV1|5|Aug:1;SOV1|5|Dec:1;SOV1|5|Feb:1;SOV1|5|Jan:1;SOV1|5|Jul:1;SOV1|5|Jun:1;SOV1|5|Mar:1;SOV1|5|May:1;SOV1|5|Nov:1;SOV1|5|Oct:1;SOV1|5|Sep:1,31;81;118;181;196;258;313;342;355;386,f625172cf7d9ff2c,200,1-500,501-1500
8,15,29606589.444335554,11006075.0,18600514.444329705,1121250.0,9056250.0,828575.0,17971419.6098253,239917.38227648253,389177.45223360986,5535.3742780685425,,,,,,,,,,,,,,,,,0.01989589988853086,True,2,OPTIMAL,solution_within_gap,False,,5:1,CTV|5:2;SOV|5:1,CTV|5|Dec:1;CTV|5|Feb:1;CTV|5|Jan:1;CTV|5|Mar:1;CTV|5|Nov:1;SOV|5|Dec:1,SOV1|5|Apr:1;SOV1|5|Aug:1;SOV1|5|Dec:1;SOV1|5|Feb:1;SOV1|5|Jan:1;SOV1|5|Jul:1;SOV1|5|Jun:1;SOV1|5|Mar:1;SOV1|5|May:1;SOV1|5|Nov:1;SOV1|5|Oct:1;SOV1|5|Sep:1;SOV2|5|Dec:1,21;29;94;114;145;151;232;255;293;297;301;330;334;366;419,f625172cf7d9ff2c,200,1-500,501-1500
8,20,27897111.577575874,10262600.0,17634511.577569384,603750.0,9056250.0,602600.0,16993881.839021843,250335.67748894182,390294.061065131,12093.197799921036,,,,,,,,,,,,,,,,,0.01982460976139846,True,2,OPTIMAL,solution_within_gap,False,,5:1,CTV|5:2;SOV|5:1,CTV|5|Dec:2;CTV|5|Feb:1;CTV|5|Jan:2;CTV|5|Mar:1;CTV|5|Nov:1,SOV1|5|Apr:1;SOV1|5|Aug:1;SOV1|5|Dec:1;SOV1|5|Feb:1;SOV1|5|Jan:1;SOV1|5|Jul:1;SOV1|5|Jun:1;SOV1|5|Mar:1;SOV1|5|May:1;SOV1|5|Nov:1;SOV1|5|Oct:1;SOV1|5|Sep:1,9;28;39;47;60;85;130;147;158;166;190;212;239;317;318;334;344;350;401;426,f625172cf7d9ff2c,200,1-500,501-1500
9,1,24273537.839012112,9680125.0,14593412.839012152,776250.0,8150625.0,753250.0,13932013.961950356,195167.31801533388,466231.5590464187,16.766250133514404,,,,,,,,,,,,,,,,,0.011274246876020164,True,2,OPTIMAL,solution_within_gap,False,,5:1,CTV|5:1;SOV|5:1,CTV|5|Nov:1;SOV|5|Dec:1,SOV1|5|Apr:1;SOV1|5|Aug:1;SOV1|5|Dec:1;SOV1|5|Feb:1;SOV1|5|Jan:1;SOV1|5|Jul:1;SOV1|5|Jun:1;SOV1|5|Mar:1;SOV1|5|May:1;SOV1|5|Nov:1;SOV1|5|Oct:1;SOV1|5|Sep:1;SOV2|5|Dec:1,482,f625172cf7d9ff2c,200,1-500,501-1500
9,3,28117151.51645177,9842275.0,18274876.516451795,258750.0,9056250.0,527275.0,17606465.405114114,261953.75467562734,406457.35666205536,123.25566697120667,,,,,,,,,,,,,,,,,0.017343307630170713,True,2,OPTIMAL,solution_within_gap,False,,5:1,CTV|5:2;SOV|5:1,CTV|5|Dec:1;CTV|5|Jan:1;CTV|5|Nov:1,SOV1|5|Apr:1;SOV1|5|Aug:1;SOV1|5|Dec:1;SOV1|5|Feb:1;SOV1|5|Jan:1;SOV1|5|Jul:1;SOV1|5|Jun:1;SOV1|5|Mar:1;SOV1|5|May:1;SOV1|5|Nov:1;SOV1|5|Oct:1;SOV1|5|Sep:1,158;344;467,f625172cf7d9ff2c,200,1-500,501-1500
9,5,26771369.27251647,8095425.0,18675944.27251499,5606250.0,1811250.0,677925.0,17896552.74436164,533885.754072964,245505.77408181937,465.2017750740051,,,,,,,,,,,,,,,,,0.019520967066174483,True,2,OPTIMAL,solution_within_gap,False,,5:1,CTV|5:2,CTV|5|Apr:2;CTV|5|Aug:1;CTV|5|Dec:1;CTV|5|Jan:1;CTV|5|Jul:1;CTV|5|Jun:1;CTV|5|May:1;CTV|5|Sep:1;SOV|5|Dec:1;SOV|5|Feb:1;SOV|5|Jan:1;SOV|5|Mar:1;SOV|5|Nov:1;SOV|5|Oct:1;SOV|5|Sep:1,SOV1|5|Dec:1;SOV1|5|Feb:1;SOV1|5|Jan:1;SOV1|5|Mar:1;SOV1|5|Nov:1;SOV1|5|Oct:1;SOV1|5|Sep:1,182;273;312;314;467,f625172cf7d9ff2c,200,1-500,501-1500
9,7,28414036.217312563,9756025.0,18658011.217314217,172500.0,9056250.0,527275.0,18024180.153664574,231320.05559012922,402511.00805783214,1183.0793359279633,,,,,,,,,,,,,,,,,0.01999719693052418,True,2,OPTIMAL,solution_within_gap,False,,5:1,CTV|5:2;SOV|5:1,CTV|5|Dec:1;CTV|5|Jan:1,SOV1|5|Apr:1;SOV1|5|Aug:1;SOV1|5|Dec:1;SOV1|5|Feb:1;SOV1|5|Jan:1;SOV1|5|Jul:1;SOV1|5|Jun:1;SOV1|5|Mar:1;SOV1|5|May:1;SOV1|5|Nov:1;SOV1|5|Oct:1;SOV1|5|Sep:1,3;97;165;174;258;260;275,f625172cf7d9ff2c,200,1-500,501-1500
9,10,27530592.641626474,9508200.0,18022392.641631067,0.0,9056250.0,451950.0,17370074.845148876,243891.64354988871,408426.15292780334,907.740443944931,,,,,,,,,,,,,,,,,0.019533914299246957,True,2,OPTIMAL,solution_within_gap,False,,5:1,CTV|5:2;SOV|5:1,,SOV1|5|Apr:1;SOV1|5|Aug:1;SOV1|5|Dec:1;SOV1|5|Feb:1;SOV1|5|Jan:1;SOV1|5|Jul:1;SOV1|5|Jun:1;SOV1|5|Mar:1;SOV1|5|May:1;SOV1|5|Nov:1;SOV1|5|Oct:1;SOV1|5|Sep:1,86;102;141;251;257;270;307;389;442;451,f625172cf7d9ff2c,200,1-500,501-1500
9,15,28346795.422836907,10003850.0,18342945.422830984,345000.0,9056250.0,602600.0,17689908.770593658,242814.21057336533,410222.44166974607,8011.74173283577,,,,,,,,,,,,,,,,,0.01973769931207603,True,2,OPTIMAL,solution_within_gap,False,,5:1,CTV|5:2;SOV|5:1,CTV|5|Dec:1;CTV|5|Jan:2;CTV|5|Nov:1,SOV1|5|Apr:1;SOV1|5|Aug:1;SOV1|5|Dec:1;SOV1|5|Feb:1;SOV1|5|Jan:1;SOV1|5|Jul:1;SOV1|5|Jun:1;SOV1|5|Mar:1;SOV1|5|May:1;SOV1|5|Nov:1;SOV1|5|Oct:1;SOV1|5|Sep:1,11;26;37;60;78;96;173;187;206;218;236;318;349;387;398,f625172cf7d9ff2c,200,1-500,501-1500
9,20,26976051.72634538,9928525.0,17047526.726347856,345000.0,9056250.0,527275.0,16402370.806334464,249612.08884097505,395543.8311698531,12794.702450990677,,,,,,,,,,,,,,,,,0.018453677343903265,True,2,OPTIMAL,solution_within_gap,False,,5:1,CTV|5:2;SOV|5:1,CTV|5|Dec:1;CTV|5|Feb:1;CTV|5|Jan:1;CTV|5|Nov:1,SOV1|5|Apr:1;SOV1|5|Aug:1;SOV1|5|Dec:1;SOV1|5|Feb:1;SOV1|5|Jan:1;SOV1|5|Jul:1;SOV1|5|Jun:1;SOV1|5|Mar:1;SOV1|5|May:1;SOV1|5|Nov:1;SOV1|5|Oct:1;SOV1|5|Sep:1,28;44;129;150;169;177;184;191;201;203;207;252;253;274;352;362;446;479;484;486,f625172cf7d9ff2c,200,1-500,501-1500
10,1,29999836.216173872,8569225.0,21430611.216174074,5778750.0,1811250.0,979225.0,20567985.164774217,620256.8732601957,242369.17813945742,21.644274950027466,,,,,,,,,,,,,,,,,0.018419084717337702,True,2,OPTIMAL,solution_within_gap,False,,5:1,CTV|5:2,CTV|5|Apr:2;CTV|5|Aug:1;CTV|5|Jul:2;CTV|5|Jun:1;CTV|5|Mar:1;CTV|5|May:2;CTV|5|Oct:1;CTV|5|Sep:1;SOV|5|Dec:1;SOV|5|Feb:1;SOV|5|Jan:2;SOV|5|Mar:1;SOV|5|Nov:1;SOV|5|Oct:1,SOV1|5|Dec:1;SOV1|5|Feb:1;SOV1|5|Jan:1;SOV1|5|Mar:1;SOV1|5|Nov:1;SOV1|5|Oct:1;SOV2|5|Jan:1,139,f625172cf7d9ff2c,200,1-500,501-1500
10,3,27557522.151411906,8591075.0,18966447.151411623,5951250.0,1811250.0,828575.0,18189152.034452174,502734.66513222863,274560.4518274811,114.338045835495,,,,,,,,,,,,,,,,,0.013148555341575458,True,2,OPTIMAL,solution_within_gap,False,,5:1,CTV|5:2,CTV|5|Apr:1;CTV|5|Aug:1;CTV|5|Jul:1;CTV|5|Jun:1;CTV|5|May:1;SOV|5|Dec:1;SOV|5|Feb:1;SOV|5|Jan:2;SOV|5|Mar:1;SOV|5|Nov:1;SOV|5|Oct:1;SOV|5|Sep:1,SOV1|5|Dec:1;SOV1|5|Feb:1;SOV1|5|Jan:1;SOV1|5|Mar:1;SOV1|5|Nov:1;SOV1|5|Oct:1;SOV1|5|Sep:1;SOV2|5|Jan:1,73;243;493,f625172cf7d9ff2c,200,1-500,501-1500
10,5,25376551.7550235,9842275.0,15534276.755022816,258750.0,9056250.0,527275.0,14888612.81502419,234602.0948765548,411061.8451227514,238.4192841053009,,,,,,,,,,,,,,,,,0.018977668857224374,True,2,OPTIMAL,solution_within_gap,False,,5:1,CTV|5:2;SOV|5:1,CTV|5|Dec:1;CTV|5|Nov:1;CTV|5|Oct:1,SOV1|5|Apr:1;SOV1|5|Aug:1;SOV1|5|Dec:1;SOV1|5|Feb:1;SOV1|5|Jan:1;SOV1|5|Jul:1;SOV1|5|Jun:1;SOV1|5|Mar:1;SOV1|5|May:1;SOV1|5|Nov:1;SOV1|5|Oct:1;SOV1|5|Sep:1,56;219;285;303;496,f625172cf7d9ff2c,200,1-500,501-1500
10,7,28917739.802503794,11512650.0,17405089.802505545,1552500.0,9056250.0,903900.0,16774318.96810418,233341.66131360995,397429.17308609764,350.09541392326355,,,,,,,,,,,,,,,,,0.01981415236661018,True,2,OPTIMAL,solution_within_gap,False,,5:1,CTV|5:2;SOV|5:1,CTV|5|Jan:1;CTV|5|Sep:1;SOV|5|Dec:1;SOV|5|Nov:1,SOV1|5|Apr:1;SOV1|5|Aug:1;SOV1|5|Dec:1;SOV1|5|Feb:1;SOV1|5|Jan:1;SOV1|5|Jul:1;SOV1|5|Jun:1;SOV1|5|Mar:1;SOV1|5|May:1;SOV1|5|Nov:1;SOV1|5|Oct:1;SOV1|5|Sep:1;SOV2|5|Dec:1;SOV2|5|Nov:1,11;80;143;351;391;440;444,f625172cf7d9ff2c,200,1-500,501-1500
10,10,29564685.190867502,10833575.0,18731110.19087189,948750.0,9056250.0,828575.0,18121195.454451248,222505.49957733965,387409.23683904024,3471.9038751125336,,,,,,,,,,,,,,,,,0.019976668190496375,True,2,OPTIMAL,solution_within_gap,False,,5:1,CTV|5:2;SOV|5:1,CTV|5|Dec:1;CTV|5|Jan:1;CTV|5|Nov:1;SOV|5|Jan:1,SOV1|5|Apr:1;SOV1|5|Aug:1;SOV1|5|Dec:1;SOV1|5|Feb:1;SOV1|5|Jan:1;SOV1|5|Jul:1;SOV1|5|Jun:1;SOV1|5|Mar:1;SOV1|5|May:1;SOV1|5|Nov:1;SOV1|5|Oct:1;SOV1|5|Sep:1;SOV2|5|Jan:1,61;68;92;105;181;203;348;381;430;495,f625172cf7d9ff2c,200,1-500,501-1500
10,15,26875788.387721542,9756025.0,17119763.387722824,172500.0,9056250.0,527275.0,16474920.386468947,241829.0403944667,403013.96085795085,8247.34289598465,,,,,,,,,,,,,,,,,0.018138246573034103,True,2,OPTIMAL,solution_within_gap,False,,5:1,CTV|5:2;SOV|5:1,CTV|5|Dec:1;CTV|5|Jan:1,SOV1|5|Apr:1;SOV1|5|Aug:1;SOV1|5|Dec:1;SOV1|5|Feb:1;SOV1|5|Jan:1;SOV1|5|Jul:1;SOV1|5|Jun:1;SOV1|5|Mar:1;SOV1|5|May:1;SOV1|5|Nov:1;SOV1|5|Oct:1;SOV1|5|Sep:1,7;9;45;52;87;139;225;252;256;310;334;360;400;404;493,f625172cf7d9ff2c,200,1-500,501-1500
10,20,28244051.946562648,9928525.0,18315526.946556095,345000.0,9056250.0,527275.0,17667260.260906238,252148.75076046566,396117.9348958819,10457.552548885345,,,,,,,,,,,,,,,,,0.0130623724907306,True,2,OPTIMAL,solution_within_gap,False,,5:1,CTV|5:2;SOV|5:1,CTV|5|Dec:1;CTV|5|Jan:1;CTV|5|Nov:1;CTV|5|Oct:1,SOV1|5|Apr:1;SOV1|5|Aug:1;SOV1|5|Dec:1;SOV1|5|Feb:1;SOV1|5|Jan:1;SOV1|5|Jul:1;SOV1|5|Jun:1;SOV1|5|Mar:1;SOV1|5|May:1;SOV1|5|Nov:1;SOV1|5|Oct:1;SOV1|5|Sep:1,75;76;90;110;171;193;200;217;241;250;252;295;322;388;401;406;428;464;496;498,f625172cf7d9ff2c,200,1-500,501-1500
11,1,21093622.707323924,8569225.0,12524397.707323905,5778750.0,1811250.0,979225.0,11764413.057437968,527010.9019939265,232973.7478920172,16.523108959197998,,,,,,,,,,,,,,,,,0.01985165858929115,True,2,OPTIMAL,solution_within_gap,False,,5:1,CTV|5:2,CTV|5|Apr:1;CTV|5|Aug:1;CTV|5|Dec:6;CTV|5|Jul:1;CTV|5|Jun:1;CTV|5|May:1;SOV|5|Dec:1;SOV|5|Feb:1;SOV|5|Jan:1;SOV|5|Mar:1;SOV|5|Nov:1;SOV|5|Oct:1;SOV|5|Sep:1,SOV1|5|Dec:1;SOV1|5|Feb:1;SOV1|5|Jan:1;SOV1|5|Mar:1;SOV1|5|Nov:1;SOV1|5|Oct:1;SOV1|5|Sep:1,280,f625172cf7d9ff2c,200,1-500,501-1500
11,3,28538820.011576805,9917600.0,18621220.011576794,258750.0,9056250.0,602600.0,17940584.25676439,254324.98928399026,426310.7655284144,79.29718208312988,,,,,,,,,,,,,,,,,0.017192071290208236,True,2,OPTIMAL,solution_within_gap,False,,5:1,CTV|5:2;SOV|5:1,CTV|5|Dec:1;CTV|5|Jan:2,SOV1|5|Apr:1;SOV1|5|Aug:1;SOV1|5|Dec:1;SOV1|5|Feb:1;SOV1|5|Jan:1;SOV1|5|Jul:1;SOV1|5|Jun:1;SOV1|5|Mar:1;SOV1|5|May:1;SOV1|5|Nov:1;SOV1|5|Oct:1;SOV1|5|Sep:1,40;116;441,f625172cf7d9ff2c,200,1-500,501-1500
11,5,28508171.041597072,10661075.0,17847096.041595746,776250.0,9056250.0,828575.0,17226802.263364714,238178.28394178246,382115.49429055944,205.07558488845825,,,,,,,,,,,,,,,,,0.018925678787565153,True,2,OPTIMAL,solution_within_gap,False,,5:1,CTV|5:2;SOV|5:1,CTV|5|Jan:1;SOV|5|Dec:1,SOV1|5|Apr:1;SOV1|5|Aug:1;SOV1|5|Dec:1;SOV1|5|Feb:1;SOV1|5|Jan:1;SOV1|5|Jul:1;SOV1|5|Jun:1;SOV1|5|Mar:1;SOV1|5|May:1;SOV1|5|Nov:1;SOV1|5|Oct:1;SOV1|5|Sep:1;SOV2|5|Dec:1,70;97;114;161;188,f625172cf7d9ff2c,200,1-500,501-1500
11,7,26432735.345242552,10251675.0,16181060.345241554,517500.0,9056250.0,677925.0,15517916.868121108,249441.73560244747,413701.7415189295,1258.8201041221619,,,,,,,,,,,,,,,,,0.015584482878680141,True,2,OPTIMAL,solution_within_gap,False,,5:1,CTV|5:2;SOV|5:1,CTV|5|Dec:1;CTV|5|Feb:1;CTV|5|Jan:3;CTV|5|Nov:1,SOV1|5|Apr:1;SOV1|5|Aug:1;SOV1|5|Dec:1;SOV1|5|Feb:1;SOV1|5|Jan:1;SOV1|5|Jul:1;SOV1|5|Jun:1;SOV1|5|Mar:1;SOV1|5|May:1;SOV1|5|Nov:1;SOV1|5|Oct:1;SOV1|5|Sep:1,10;105;229;326;347;420;466,f625172cf7d9ff2c,200,1-500,501-1500
11,10,26390277.668302376,9669775.0,16720502.668301124,86250.0,9056250.0,527275.0,16047954.356040092,248483.07415085856,424065.23811154894,856.7561130523682,,,,,,,,,,,,,,,,,0.019809747304669247,True,2,OPTIMAL,solution_within_gap,False,,5:1,CTV|5:2;SOV|5:1,CTV|5|Jan:1,SOV1|5|Apr:1;SOV1|5|Aug:1;SOV1|5|Dec:1;SOV1|5|Feb:1;SOV1|5|Jan:1;SOV1|5|Jul:1;SOV1|5|Jun:1;SOV1|5|Mar:1;SOV1|5|May:1;SOV1|5|Nov:1;SOV1|5|Oct:1;SOV1|5|Sep:1,18;20;225;268;321;326;336;337;340;361,f625172cf7d9ff2c,200,1-500,501-1500
11,15,28549665.0571099,9917600.0,18632065.057103958,258750.0,9056250.0,602600.0,17990152.23453757,250181.8862064316,391730.9363656769,6119.616893053055,,,,,,,,,,,,,,,,,0.019844716554916052,True,2,OPTIMAL,solution_within_gap,False,,5:1,CTV|5:2;SOV|5:1,CTV|5|Dec:1;CTV|5|Jan:2,SOV1|5|Apr:1;SOV1|5|Aug:1;SOV1|5|Dec:1;SOV1|5|Feb:1;SOV1|5|Jan:1;SOV1|5|Jul:1;SOV1|5|Jun:1;SOV1|5|Mar:1;SOV1|5|May:1;SOV1|5|Nov:1;SOV1|5|Oct:1;SOV1|5|Sep:1,10;59;118;124;135;174;178;207;228;235;383;398;442;459;496,f625172cf7d9ff2c,200,1-500,501-1500
11,20,28144866.395576052,11437325.0,16707541.395580249,1552500.0,9056250.0,828575.0,16096968.841993231,222692.75589617723,387879.7976867341,10625.015734910965,,,,,,,,,,,,,,,,,0.019998882094475316,True,2,OPTIMAL,solution_within_gap,False,,5:1,CTV|5:2;SOV|5:1,CTV|5|Feb:1;CTV|5|Jan:1;SOV|5|Dec:1;SOV|5|Jan:1,SOV1|5|Apr:1;SOV1|5|Aug:1;SOV1|5|Dec:1;SOV1|5|Feb:1;SOV1|5|Jan:1;SOV1|5|Jul:1;SOV1|5|Jun:1;SOV1|5|Mar:1;SOV1|5|May:1;SOV1|5|Nov:1;SOV1|5|Oct:1;SOV1|5|Sep:1;SOV2|5|Dec:1;SOV2|5|Jan:1,14;34;35;60;62;95;109;126;151;173;242;264;276;278;330;335;373;410;427;470,f625172cf7d9ff2c,200,1-500,501-1500
12,1,27983347.184790242,9508200.0,18475147.184790343,0.0,9056250.0,451950.0,17773613.261214133,258514.85331902583,443019.07025706524,11.17114806175232,,,,,,,,,,,,,,,,,0.01968883258757786,True,2,OPTIMAL,solution_within_gap,False,,5:1,CTV|5:2;SOV|5:1,,SOV1|5|Apr:1;SOV1|5|Aug:1;SOV1|5|Dec:1;SOV1|5|Feb:1;SOV1|5|Jan:1;SOV1|5|Jul:1;SOV1|5|Jun:1;SOV1|5|Mar:1;SOV1|5|May:1;SOV1|5|Nov:1;SOV1|5|Oct:1;SOV1|5|Sep:1,158,f625172cf7d9ff2c,200,1-500,501-1500
12,3,27737373.067565404,10661075.0,17076298.067565452,776250.0,9056250.0,828575.0,16420014.623861479,243642.75064625396,412640.6930576706,96.67596888542175,,,,,,,,,,,,,,,,,0.016711401200514293,True,2,OPTIMAL,solution_within_gap,False,,5:1,CTV|5:2;SOV|5:1,CTV|5|Jan:1;SOV|5|Dec:1,SOV1|5|Apr:1;SOV1|5|Aug:1;SOV1|5|Dec:1;SOV1|5|Feb:1;SOV1|5|Jan:1;SOV1|5|Jul:1;SOV1|5|Jun:1;SOV1|5|Mar:1;SOV1|5|May:1;SOV1|5|Nov:1;SOV1|5|Oct:1;SOV1|5|Sep:1;SOV2|5|Dec:1,24;271;433,f625172cf7d9ff2c,200,1-500,501-1500
12,5,29148190.854130365,9842275.0,19305915.854129016,258750.0,9056250.0,527275.0,18660749.656450544,244763.67384386135,400402.5238359277,226.38641691207886,,,,,,,,,,,,,,,,,0.01847088551271196,True,2,OPTIMAL,solution_within_gap,False,,5:1,CTV|5:2;SOV|5:1,CTV|5|Dec:1;CTV|5|Feb:1;CTV|5|Jan:1,SOV1|5|Apr:1;SOV1|5|Aug:1;SOV1|5|Dec:1;SOV1|5|Feb:1;SOV1|5|Jan:1;SOV1|5|Jul:1;SOV1|5|Jun:1;SOV1|5|Mar:1;SOV1|5|May:1;SOV1|5|Nov:1;SOV1|5|Oct:1;SOV1|5|Sep:1,128;142;181;222;269,f625172cf7d9ff2c,200,1-500,501-1500
12,7,27982150.916479707,10499500.0,17482650.916481353,690000.0,9056250.0,753250.0,16876149.22508948,224977.2073170262,381524.4840731687,1526.1815900802612,,,,,,,,,,,,,,,,,0.019998968311782602,True,2,OPTIMAL,solution_within_gap,False,,5:1,CTV|5:2;SOV|5:1,SOV|5|Dec:1,SOV1|5|Apr:1;SOV1|5|Aug:1;SOV1|5|Dec:1;SOV1|5|Feb:1;SOV1|5|Jan:1;SOV1|5|Jul:1;SOV1|5|Jun:1;SOV1|5|Mar:1;SOV1|5|May:1;SOV1|5|Nov:1;SOV1|5|Oct:1;SOV1|5|Sep:1;SOV2|5|Dec:1,6;73;140;186;331;438;460,f625172cf7d9ff2c,200,1-500,501-1500
12,10,27549889.573304653,11189500.0,16360389.573303465,1380000.0,9056250.0,753250.0,15752595.796197329,215070.45405049084,392723.323056938,3435.4348928928375,,,,,,,,,,,,,,,,,0.01956395646676394,True,2,OPTIMAL,solution_within_gap,False,,5:1,CTV|5:2;SOV|5:1,SOV|5|Dec:1;SOV|5|Jan:1,SOV1|5|Apr:1;SOV1|5|Aug:1;SOV1|5|Dec:1;SOV1|5|Feb:1;SOV1|5|Jan:1;SOV1|5|Jul:1;SOV1|5|Jun:1;SOV1|5|Mar:1;SOV1|5|May:1;SOV1|5|Nov:1;SOV1|5|Oct:1;SOV1|5|Sep:1;SOV2|5|Dec:1;SOV2|5|Jan:1,48;85;91;102;141;152;274;326;423;459,f625172cf7d9ff2c,200,1-500,501-1500
12,15,27229175.287753604,9508200.0,17720975.287747692,0.0,9056250.0,451950.0,17084173.81003592,235145.16632420485,401656.31139333366,6683.828901052475,,,,,,,,,,,,,,,,,0.019998936437373806,True,2,OPTIMAL,solution_within_gap,False,,5:1,CTV|5:2;SOV|5:1,,SOV1|5|Apr:1;SOV1|5|Aug:1;SOV1|5|Dec:1;SOV1|5|Feb:1;SOV1|5|Jan:1;SOV1|5|Jul:1;SOV1|5|Jun:1;SOV1|5|Mar:1;SOV1|5|May:1;SOV1|5|Nov:1;SOV1|5|Oct:1;SOV1|5|Sep:1,66;82;109;110;165;170;256;293;306;371;398;431;486;496;499,f625172cf7d9ff2c,200,1-500,501-1500
12,20,33159733.90351301,16235125.0,16924608.90351283,86250.0,15395625.0,753250.0,16306321.024248656,41702.56841463049,576585.3108498573,14401.919465065002,,,,,,,,,,,,,,,,,0.15256273404371976,True,9,TIME_LIMIT,solution_gap_high_or_unknown,False,,6:1,CTV|6:1;SOV|6:2,CTV|6|Jan:1,SOV1|6|Apr:1;SOV1|6|Aug:1;SOV1|6|Dec:1;SOV1|6|Feb:1;SOV1|6|Jan:1;SOV1|6|Jul:1;SOV1|6|Jun:1;SOV1|6|Mar:1;SOV1|6|May:1;SOV1|6|Nov:1;SOV1|6|Oct:1;SOV1|6|Sep:1;SOV2|6|Apr:1;SOV2|6|Aug:1;SOV2|6|Dec:1;SOV2|6|Feb:1;SOV2|6|Jan:1;SOV2|6|Jul:1;SOV2|6|Jun:1;SOV2|6|Mar:1;SOV2|6|May:1;SOV2|6|Nov:1;SOV2|6|Oct:1;SOV2|6|Sep:1,1;33;48;58;93;136;173;186;210;266;287;301;303;305;398;426;443;454;475;490,f625172cf7d9ff2c,200,1-500,501-1500
13,1,28234548.90499622,7243850.0,20990698.90499642,4830000.0,1811250.0,602600.0,20235456.747760024,546100.2130457723,209141.94419041052,20.228657007217407,,,,,,,,,,,,,,,,,0.018420496384734034,True,2,OPTIMAL,solution_within_gap,False,,5:1,CTV|5:2,CTV|5|Apr:1;CTV|5|Feb:1;CTV|5|Jan:2;CTV|5|Jul:1;CTV|5|Jun:1;CTV|5|Mar:1;CTV|5|May:1;SOV|5|Dec:1;SOV|5|Feb:1;SOV|5|Jan:1;SOV|5|Nov:1;SOV|5|Oct:1;SOV|5|Sep:1,SOV1|5|Dec:1;SOV1|5|Feb:1;SOV1|5|Jan:1;SOV1|5|Nov:1;SOV1|5|Oct:1;SOV1|5|Sep:1,36,f625172cf7d9ff2c,200,1-500,501-1500
13,3,28094296.73462274,10090100.0,18004196.734622728,431250.0,9056250.0,602600.0,17333857.428456027,259176.2579478135,411163.04821891204,84.69319105148315,,,,,,,,,,,,,,,,,0.018190327406625868,True,2,OPTIMAL,solution_within_gap,False,,5:1,CTV|5:2;SOV|5:1,CTV|5|Dec:2;CTV|5|Feb:1;CTV|5|Jan:1;CTV|5|Mar:1,SOV1|5|Apr:1;SOV1|5|Aug:1;SOV1|5|Dec:1;SOV1|5|Feb:1;SOV1|5|Jan:1;SOV1|5|Jul:1;SOV1|5|Jun:1;SOV1|5|Mar:1;SOV1|5|May:1;SOV1|5|Nov:1;SOV1|5|Oct:1;SOV1|5|Sep:1,176;343;425,f625172cf7d9ff2c,200,1-500,501-1500
13,5,29273216.14135915,9917600.0,19355616.141357847,258750.0,9056250.0,602600.0,18703557.43918795,259806.8609828286,392251.8411883427,286.6368968486786,,,,,,,,,,,,,,,,,0.018486566025642297,True,2,OPTIMAL,solution_within_gap,False,,5:1,CTV|5:2;SOV|5:1,CTV|5|Feb:1;CTV|5|Jan:1;CTV|5|Oct:1,SOV1|5|Apr:1;SOV1|5|Aug:1;SOV1|5|Dec:1;SOV1|5|Feb:1;SOV1|5|Jan:1;SOV1|5|Jul:1;SOV1|5|Jun:1;SOV1|5|Mar:1;SOV1|5|May:1;SOV1|5|Nov:1;SOV1|5|Oct:1;SOV1|5|Sep:1,285;315;357;429;496,f625172cf7d9ff2c,200,1-500,501-1500
13,7,28685332.71846852,10661075.0,18024257.718470275,776250.0,9056250.0,828575.0,17393042.393992092,231601.40712092002,399613.9173554954,406.5958127975464,,,,,,,,,,,,,,,,,0.019100007141554652,True,2,OPTIMAL,solution_within_gap,False,,5:1,CTV|5:2;SOV|5:1,CTV|5|Jan:1;SOV|5|Dec:1,SOV1|5|Apr:1;SOV1|5|Aug:1;SOV1|5|Dec:1;SOV1|5|Feb:1;SOV1|5|Jan:1;SOV1|5|Jul:1;SOV1|5|Jun:1;SOV1|5|Mar:1;SOV1|5|May:1;SOV1|5|Nov:1;SOV1|5|Oct:1;SOV1|5|Sep:1;SOV2|5|Dec:1,51;107;115;148;152;331;341,f625172cf7d9ff2c,200,1-500,501-1500
13,10,30719781.15045976,10919825.0,19799956.150464125,1035000.0,9056250.0,828575.0,19170708.92753051,238484.13046035648,390763.09246899013,2045.4130229949951,,,,,,,,,,,,,,,,,0.019998988042029563,True,2,OPTIMAL,solution_within_gap,False,,5:1,CTV|5:2;SOV|5:1,CTV|5|Dec:1;CTV|5|Jan:1;CTV|5|Nov:1;CTV|5|Oct:1;SOV|5|Feb:1,SOV1|5|Apr:1;SOV1|5|Aug:1;SOV1|5|Dec:1;SOV1|5|Feb:1;SOV1|5|Jan:1;SOV1|5|Jul:1;SOV1|5|Jun:1;SOV1|5|Mar:1;SOV1|5|May:1;SOV1|5|Nov:1;SOV1|5|Oct:1;SOV1|5|Sep:1;SOV2|5|Feb:1,34;46;259;265;289;312;359;398;401;449,f625172cf7d9ff2c,200,1-500,501-1500
13,15,28916582.24196985,10747325.0,18169257.24196393,862500.0,9056250.0,828575.0,17507314.10351738,256212.28337851807,405730.85507381236,1373.5479509830475,,,,,,,,,,,,,,,,,0.019562108723768127,True,2,OPTIMAL,solution_within_gap,False,,5:1,CTV|5:2;SOV|5:1,CTV|5|Dec:5;CTV|5|Feb:1;CTV|5|Jan:1;CTV|5|Mar:1;CTV|5|Nov:1;CTV|5|Oct:1,SOV1|5|Apr:1;SOV1|5|Aug:1;SOV1|5|Dec:1;SOV1|5|Feb:1;SOV1|5|Jan:1;SOV1|5|Jul:1;SOV1|5|Jun:1;SOV1|5|Mar:1;SOV1|5|May:1;SOV1|5|Nov:1;SOV1|5|Oct:1;SOV1|5|Sep:1,12;30;94;123;153;154;250;279;298;313;319;331;364;421;492,f625172cf7d9ff2c,200,1-500,501-1500
13,20,28946802.06533687,11189500.0,17757302.065330956,1380000.0,9056250.0,753250.0,17147340.258942556,216849.96531820155,393111.84107621596,9131.7273209095,,,,,,,,,,,,,,,,,0.019999015327346225,True,2,OPTIMAL,solution_within_gap,False,,5:1,CTV|5:2;SOV|5:1,SOV|5|Dec:1;SOV|5|Jan:1,SOV1|5|Apr:1;SOV1|5|Aug:1;SOV1|5|Dec:1;SOV1|5|Feb:1;SOV1|5|Jan:1;SOV1|5|Jul:1;SOV1|5|Jun:1;SOV1|5|Mar:1;SOV1|5|May:1;SOV1|5|Nov:1;SOV1|5|Oct:1;SOV1|5|Sep:1;SOV2|5|Dec:1;SOV2|5|Jan:1,14;62;73;125;130;142;148;169;199;201;228;243;248;266;286;347;353;371;417;488,f625172cf7d9ff2c,200,1-500,501-1500
14,1,27983347.184790242,9508200.0,18475147.184790343,0.0,9056250.0,451950.0,17773613.261214133,258514.85331902583,443019.07025706524,11.216707944869995,,,,,,,,,,,,,,,,,0.01968883258757786,True,2,OPTIMAL,solution_within_gap,False,,5:1,CTV|5:2;SOV|5:1,,SOV1|5|Apr:1;SOV1|5|Aug:1;SOV1|5|Dec:1;SOV1|5|Feb:1;SOV1|5|Jan:1;SOV1|5|Jul:1;SOV1|5|Jun:1;SOV1|5|Mar:1;SOV1|5|May:1;SOV1|5|Nov:1;SOV1|5|Oct:1;SOV1|5|Sep:1,158,f625172cf7d9ff2c,200,1-500,501-1500
14,3,29316974.129951652,11351075.0,17965899.129951622,1466250.0,9056250.0,828575.0,17411409.232732818,210994.2365159526,343495.66070289747,127.76107907295227,,,,,,,,,,,,,,,,,0.018868011766759094,True,2,OPTIMAL,solution_within_gap,False,,5:1,CTV|5:2;SOV|5:1,CTV|5|Jan:1;SOV|5|Dec:1;SOV|5|Nov:1,SOV1|5|Apr:1;SOV1|5|Aug:1;SOV1|5|Dec:1;SOV1|5|Feb:1;SOV1|5|Jan:1;SOV1|5|Jul:1;SOV1|5|Jun:1;SOV1|5|Mar:1;SOV1|5|May:1;SOV1|5|Nov:1;SOV1|5|Oct:1;SOV1|5|Sep:1;SOV2|5|Dec:1;SOV2|5|Nov:1,76;238;463,f625172cf7d9ff2c,200,1-500,501-1500
14,5,28220238.709184267,9842275.0,18377963.709182847,258750.0,9056250.0,527275.0,17723180.673408423,237459.1657746932,417323.870001084,271.9851200580597,,,,,,,,,,,,,,,,,0.016384895412041293,True,2,OPTIMAL,solution_within_gap,False,,5:1,CTV|5:2;SOV|5:1,CTV|5|Dec:1;CTV|5|Feb:1;CTV|5|Jan:1,SOV1|5|Apr:1;SOV1|5|Aug:1;SOV1|5|Dec:1;SOV1|5|Feb:1;SOV1|5|Jan:1;SOV1|5|Jul:1;SOV1|5|Jun:1;SOV1|5|Mar:1;SOV1|5|May:1;SOV1|5|Nov:1;SOV1|5|Oct:1;SOV1|5|Sep:1,37;78;249;367;462,f625172cf7d9ff2c,200,1-500,501-1500
14,7,28556236.36069423,10090100.0,18466136.36069597,431250.0,9056250.0,602600.0,17814130.181728687,256662.70987690106,395343.4690885787,1139.5329809188843,,,,,,,,,,,,,,,,,0.019998808691878575,True,2,OPTIMAL,solution_within_gap,False,,5:1,CTV|5:2;SOV|5:1,CTV|5|Dec:1;CTV|5|Feb:2;CTV|5|Jan:2,SOV1|5|Apr:1;SOV1|5|Aug:1;SOV1|5|Dec:1;SOV1|5|Feb:1;SOV1|5|Jan:1;SOV1|5|Jul:1;SOV1|5|Jun:1;SOV1|5|Mar:1;SOV1|5|May:1;SOV1|5|Nov:1;SOV1|5|Oct:1;SOV1|5|Sep:1,29;61;97;279;427;492;498,f625172cf7d9ff2c,200,1-500,501-1500
14,10,27779891.109258436,9756025.0,18023866.10926305,172500.0,9056250.0,527275.0,17359372.909659736,248419.66070077952,416073.5388980291,846.2086389064789,,,,,,,,,,,,,,,,,0.015226907388657797,True,2,OPTIMAL,solution_within_gap,False,,5:1,CTV|5:2;SOV|5:1,CTV|5|Dec:1;CTV|5|Jan:1,SOV1|5|Apr:1;SOV1|5|Aug:1;SOV1|5|Dec:1;SOV1|5|Feb:1;SOV1|5|Jan:1;SOV1|5|Jul:1;SOV1|5|Jun:1;SOV1|5|Mar:1;SOV1|5|May:1;SOV1|5|Nov:1;SOV1|5|Oct:1;SOV1|5|Sep:1,25;30;32;138;142;179;194;224;325;365,f625172cf7d9ff2c,200,1-500,501-1500
14,15,27481539.470481824,9928525.0,17553014.4704759,345000.0,9056250.0,527275.0,16891004.575178634,256907.52929450988,405102.36600847996,4142.536237955093,,,,,,,,,,,,,,,,,0.019994856176375617,True,2,OPTIMAL,solution_within_gap,False,,5:1,CTV|5:2;SOV|5:1,CTV|5|Dec:1;CTV|5|Jan:1;CTV|5|Nov:1;CTV|5|Oct:1,SOV1|5|Apr:1;SOV1|5|Aug:1;SOV1|5|Dec:1;SOV1|5|Feb:1;SOV1|5|Jan:1;SOV1|5|Jul:1;SOV1|5|Jun:1;SOV1|5|Mar:1;SOV1|5|May:1;SOV1|5|Nov:1;SOV1|5|Oct:1;SOV1|5|Sep:1,30;81;139;300;309;322;326;336;364;395;406;407;439;462;493,f625172cf7d9ff2c,200,1-500,501-1500
14,20,28873673.9135983,11480450.0,17393223.913594,690000.0,9961875.0,828575.0,16745489.535026096,252945.8337053018,394788.54486695735,14401.629143953323,,,,,,,,,,,,,,,,,0.046546432523893316,True,9,TIME_LIMIT,solution_within_gap,False,,5:1,CTV|5:3;SOV|5:1,SOV|5|Jan:1,SOV1|5|Apr:1;SOV1|5|Aug:1;SOV1|5|Dec:1;SOV1|5|Feb:1;SOV1|5|Jan:1;SOV1|5|Jul:1;SOV1|5|Jun:1;SOV1|5|Mar:1;SOV1|5|May:1;SOV1|5|Nov:1;SOV1|5|Oct:1;SOV1|5|Sep:1;SOV2|5|Jan:1,3;10;15;29;64;82;151;203;209;304;325;397;442;457;465;467;482;485;490;491,f625172cf7d9ff2c,200,1-500,501-1500
15,1,25719958.15673186,7545150.0,18174808.15673206,4830000.0,1811250.0,903900.0,17376779.286770225,628693.7488801541,169335.12108147354,17.0866858959198,,,,,,,,,,,,,,,,,0.017479500840025575,True,2,OPTIMAL,solution_within_gap,False,,5:1,CTV|5:2,CTV|5|Apr:1;CTV|5|Aug:1;CTV|5|Feb:2;CTV|5|Jul:1;CTV|5|Jun:1;CTV|5|Mar:1;CTV|5|May:1;SOV|5|Dec:2;SOV|5|Jan:1;SOV|5|Nov:1;SOV|5|Oct:1;SOV|5|Sep:1,SOV1|5|Dec:1;SOV1|5|Jan:1;SOV1|5|Nov:1;SOV1|5|Oct:1;SOV1|5|Sep:1;SOV2|5|Dec:1,78,f625172cf7d9ff2c,200,1-500,501-1500
15,3,25806384.76688046,9669775.0,16136609.766880427,86250.0,9056250.0,527275.0,15500461.961904837,220803.69235796732,415344.1126176432,101.55609893798828,,,,,,,,,,,,,,,,,0.019477828589795732,True,2,OPTIMAL,solution_within_gap,False,,5:1,CTV|5:2;SOV|5:1,CTV|5|Jan:1,SOV1|5|Apr:1;SOV1|5|Aug:1;SOV1|5|Dec:1;SOV1|5|Feb:1;SOV1|5|Jan:1;SOV1|5|Jul:1;SOV1|5|Jun:1;SOV1|5|Mar:1;SOV1|5|May:1;SOV1|5|Nov:1;SOV1|5|Oct:1;SOV1|5|Sep:1,68;86;303,f625172cf7d9ff2c,200,1-500,501-1500
15,5,26259827.166783117,9669775.0,16590052.166782524,86250.0,9056250.0,527275.0,15949165.350471003,247693.83681237555,393192.9794997141,290.6521050930023,,,,,,,,,,,,,,,,,0.016829349142103833,True,2,OPTIMAL,solution_within_gap,False,,5:1,CTV|5:2;SOV|5:1,CTV|5|Dec:1,SOV1|5|Apr:1;SOV1|5|Aug:1;SOV1|5|Dec:1;SOV1|5|Feb:1;SOV1|5|Jan:1;SOV1|5|Jul:1;SOV1|5|Jun:1;SOV1|5|Mar:1;SOV1|5|May:1;SOV1|5|Nov:1;SOV1|5|Oct:1;SOV1|5|Sep:1,44;67;115;142;351,f625172cf7d9ff2c,200,1-500,501-1500
15,7,28349143.603762977,11760475.0,16588668.60376211,1725000.0,9056250.0,979225.0,15986767.677141532,235230.0155674275,366670.91105397383,1395.3716988563538,,,,,,,,,,,,,,,,,0.019440303216346422,True,2,OPTIMAL,solution_within_gap,False,,5:1,CTV|5:2;SOV|5:1,CTV|5|Dec:3;CTV|5|Nov:1;SOV|5|Feb:1;SOV|5|Jan:1,SOV1|5|Apr:1;SOV1|5|Aug:1;SOV1|5|Dec:1;SOV1|5|Feb:1;SOV1|5|Jan:1;SOV1|5|Jul:1;SOV1|5|Jun:1;SOV1|5|Mar:1;SOV1|5|May:1;SOV1|5|Nov:1;SOV1|5|Oct:1;SOV1|5|Sep:1;SOV2|5|Feb:1;SOV2|5|Jan:1,112;264;280;289;350;368;475,f625172cf7d9ff2c,200,1-500,501-1500
15,10,27851364.444727346,10003850.0,17847514.444731794,345000.0,9056250.0,602600.0,17201253.11381308,248367.4457177073,397893.88519668556,760.9263520240784,,,,,,,,,,,,,,,,,0.019575855661121414,True,2,OPTIMAL,solution_within_gap,False,,5:1,CTV|5:2;SOV|5:1,CTV|5|Dec:2;CTV|5|Jan:2,SOV1|5|Apr:1;SOV1|5|Aug:1;SOV1|5|Dec:1;SOV1|5|Feb:1;SOV1|5|Jan:1;SOV1|5|Jul:1;SOV1|5|Jun:1;SOV1|5|Mar:1;SOV1|5|May:1;SOV1|5|Nov:1;SOV1|5|Oct:1;SOV1|5|Sep:1,54;112;116;128;171;200;358;371;399;494,f625172cf7d9ff2c,200,1-500,501-1500
15,15,29260156.151421323,11351075.0,17909081.151415456,1466250.0,9056250.0,828575.0,17311011.386738945,221627.76194998252,376442.00273220486,5591.233794927597,,,,,,,,,,,,,,,,,0.019496364562142803,True,2,OPTIMAL,solution_within_gap,False,,5:1,CTV|5:2;SOV|5:1,CTV|5|Dec:1;SOV|5|Dec:1;SOV|5|Jan:1,SOV1|5|Apr:1;SOV1|5|Aug:1;SOV1|5|Dec:1;SOV1|5|Feb:1;SOV1|5|Jan:1;SOV1|5|Jul:1;SOV1|5|Jun:1;SOV1|5|Mar:1;SOV1|5|May:1;SOV1|5|Nov:1;SOV1|5|Oct:1;SOV1|5|Sep:1;SOV2|5|Dec:1;SOV2|5|Jan:1,21;52;57;60;70;97;101;138;188;243;318;319;352;385;401,f625172cf7d9ff2c,200,1-500,501-1500
15,20,28344632.983741738,9756025.0,18588607.983735178,172500.0,9056250.0,527275.0,17935429.43380574,249564.72430045757,403613.8256354344,3121.067209005356,,,,,,,,,,,,,,,,,0.015790564691258106,True,2,OPTIMAL,solution_within_gap,False,,5:1,CTV|5:2;SOV|5:1,CTV|5|Dec:1;CTV|5|Jan:1,SOV1|5|Apr:1;SOV1|5|Aug:1;SOV1|5|Dec:1;SOV1|5|Feb:1;SOV1|5|Jan:1;SOV1|5|Jul:1;SOV1|5|Jun:1;SOV1|5|Mar:1;SOV1|5|May:1;SOV1|5|Nov:1;SOV1|5|Oct:1;SOV1|5|Sep:1,15;45;83;158;167;221;245;247;258;277;287;295;327;333;353;402;433;464;472;481,f625172cf7d9ff2c,200,1-500,501-1500
16,1,27106368.562400788,8676750.0,18429618.562401008,4830000.0,2716875.0,1129875.0,17669506.09532885,592335.2745985735,167777.19247337003,16.15582799911499,,,,,,,,,,,,,,,,,0.01921507070385571,True,2,OPTIMAL,solution_within_gap,False,,5:1,CTV|5:3,SOV|5|Dec:1;SOV|5|Feb:1;SOV|5|Jan:3;SOV|5|Mar:1;SOV|5|Nov:1,SOV1|5|Dec:1;SOV1|5|Feb:1;SOV1|5|Jan:1;SOV1|5|Mar:1;SOV1|5|Nov:1;SOV2|5|Jan:1;SOV3|5|Jan:1,284,f625172cf7d9ff2c,200,1-500,501-1500
16,3,28557896.80139231,10499500.0,18058396.801392242,690000.0,9056250.0,753250.0,17419647.703617916,277934.9037932871,360814.19398111023,69.8969841003418,,,,,,,,,,,,,,,,,0.016882084207270078,True,2,OPTIMAL,solution_within_gap,False,,5:1,CTV|5:2;SOV|5:1,SOV|5|Dec:1,SOV1|5|Apr:1;SOV1|5|Aug:1;SOV1|5|Dec:1;SOV1|5|Feb:1;SOV1|5|Jan:1;SOV1|5|Jul:1;SOV1|5|Jun:1;SOV1|5|Mar:1;SOV1|5|May:1;SOV1|5|Nov:1;SOV1|5|Oct:1;SOV1|5|Sep:1;SOV2|5|Dec:1,9;142;215,f625172cf7d9ff2c,200,1-500,501-1500
16,5,27547951.235054627,9842275.0,17705676.235053275,258750.0,9056250.0,527275.0,17065966.021439593,239622.46607392252,400087.7475410523,222.01442098617554,,,,,,,,,,,,,,,,,0.019717741774252298,True,2,OPTIMAL,solution_within_gap,False,,5:1,CTV|5:2;SOV|5:1,CTV|5|Dec:1;CTV|5|Jan:1;CTV|5|Nov:1,SOV1|5|Apr:1;SOV1|5|Aug:1;SOV1|5|Dec:1;SOV1|5|Feb:1;SOV1|5|Jan:1;SOV1|5|Jul:1;SOV1|5|Jun:1;SOV1|5|Mar:1;SOV1|5|May:1;SOV1|5|Nov:1;SOV1|5|Oct:1;SOV1|5|Sep:1,39;371;407;427;432,f625172cf7d9ff2c,200,1-500,501-1500
16,7,28832015.09212545,10003850.0,18828165.09212712,345000.0,9056250.0,602600.0,18161445.855050817,251451.59051446232,415267.64656016976,325.0840890407562,,,,,,,,,,,,,,,,,0.01611236070335889,True,2,OPTIMAL,solution_within_gap,False,,5:1,CTV|5:2;SOV|5:1,CTV|5|Dec:2;CTV|5|Feb:1;CTV|5|Jan:1,SOV1|5|Apr:1;SOV1|5|Aug:1;SOV1|5|Dec:1;SOV1|5|Feb:1;SOV1|5|Jan:1;SOV1|5|Jul:1;SOV1|5|Jun:1;SOV1|5|Mar:1;SOV1|5|May:1;SOV1|5|Nov:1;SOV1|5|Oct:1;SOV1|5|Sep:1,137;263;316;333;378;384;463,f625172cf7d9ff2c,200,1-500,501-1500
16,10,29767244.69559944,11879500.0,17887744.695603408,2070000.0,9056250.0,753250.0,17302387.59825514,205849.5714962804,379507.5258481355,3234.7899079322815,,,,,,,,,,,,,,,,,0.016856099119812933,True,2,OPTIMAL,solution_within_gap,False,,5:1,CTV|5:2;SOV|5:1,SOV|5|Dec:1;SOV|5|Feb:1;SOV|5|Jan:1,SOV1|5|Apr:1;SOV1|5|Aug:1;SOV1|5|Dec:1;SOV1|5|Feb:1;SOV1|5|Jan:1;SOV1|5|Jul:1;SOV1|5|Jun:1;SOV1|5|Mar:1;SOV1|5|May:1;SOV1|5|Nov:1;SOV1|5|Oct:1;SOV1|5|Sep:1;SOV2|5|Dec:1;SOV2|5|Feb:1;SOV2|5|Jan:1,93;101;157;243;248;253;274;332;437;453,f625172cf7d9ff2c,200,1-500,501-1500
16,15,29501653.706531707,9842275.0,19659378.706525873,258750.0,9056250.0,527275.0,18996360.726230443,250915.92081965483,412102.0594814432,7137.360611200333,,,,,,,,,,,,,,,,,0.015985020191394285,True,2,OPTIMAL,solution_within_gap,False,,5:1,CTV|5:2;SOV|5:1,CTV|5|Dec:1;CTV|5|Feb:1;CTV|5|Jan:1,SOV1|5|Apr:1;SOV1|5|Aug:1;SOV1|5|Dec:1;SOV1|5|Feb:1;SOV1|5|Jan:1;SOV1|5|Jul:1;SOV1|5|Jun:1;SOV1|5|Mar:1;SOV1|5|May:1;SOV1|5|Nov:1;SOV1|5|Oct:1;SOV1|5|Sep:1,20;55;72;73;147;154;164;206;217;315;359;373;441;468;478,f625172cf7d9ff2c,200,1-500,501-1500
16,20,28109237.647704482,9928525.0,18180712.647697937,345000.0,9056250.0,527275.0,17519739.965484362,250462.49325669344,410510.1889633997,2990.4166860580444,,,,,,,,,,,,,,,,,0.019282670837932617,True,2,OPTIMAL,solution_within_gap,False,,5:1,CTV|5:2;SOV|5:1,CTV|5|Dec:1;CTV|5|Jan:1;CTV|5|Nov:1;CTV|5|Oct:1,SOV1|5|Apr:1;SOV1|5|Aug:1;SOV1|5|Dec:1;SOV1|5|Feb:1;SOV1|5|Jan:1;SOV1|5|Jul:1;SOV1|5|Jun:1;SOV1|5|Mar:1;SOV1|5|May:1;SOV1|5|Nov:1;SOV1|5|Oct:1;SOV1|5|Sep:1,18;25;61;85;153;182;204;208;269;289;298;325;336;340;360;368;414;418;463;495,f625172cf7d9ff2c,200,1-500,501-1500
17,1,37903020.42860421,10789875.0,27113145.428604364,7848750.0,1811250.0,1129875.0,26379551.142381225,369872.89318885654,363721.3930341212,14.821048974990845,,,,,,,,,,,,,,,,,0.013827397827750226,True,2,OPTIMAL,solution_within_gap,False,,5:1,CTV|5:2,CTV|5|Jul:1;CTV|5|Jun:1;CTV|5|May:1;SOV|5|Apr:1;SOV|5|Aug:1;SOV|5|Dec:1;SOV|5|Feb:1;SOV|5|Jan:2;SOV|5|Mar:1;SOV|5|Nov:1;SOV|5|Oct:2;SOV|5|Sep:1,SOV1|5|Apr:1;SOV1|5|Aug:1;SOV1|5|Dec:1;SOV1|5|Feb:1;SOV1|5|Jan:1;SOV1|5|Mar:1;SOV1|5|Nov:1;SOV1|5|Oct:1;SOV1|5|Sep:1;SOV2|5|Jan:1;SOV2|5|Oct:1,220,f625172cf7d9ff2c,200,1-500,501-1500
17,3,24827394.994812217,7761350.0,17066044.99481211,5347500.0,1811250.0,602600.0,16265322.01386158,528368.5806130585,272354.400337558,110.31763100624084,,,,,,,,,,,,,,,,,0.019870262254051564,True,2,OPTIMAL,solution_within_gap,False,,5:1,CTV|5:2,CTV|5|Aug:1;CTV|5|Dec:1;CTV|5|Jan:1;CTV|5|Jul:1;CTV|5|Jun:1;CTV|5|May:1;SOV|5|Dec:1;SOV|5|Feb:1;SOV|5|Jan:1;SOV|5|Mar:1;SOV|5|Nov:1;SOV|5|Oct:1;SOV|5|Sep:1,SOV1|5|Dec:1;SOV1|5|Feb:1;SOV1|5|Jan:1;SOV1|5|Mar:1;SOV1|5|Nov:1;SOV1|5|Oct:1;SOV1|5|Sep:1,298;382;384,f625172cf7d9ff2c,200,1-500,501-1500
17,5,27795340.492088385,9831350.0,17963990.492086962,172500.0,9056250.0,602600.0,17311794.349081535,247405.89448212294,404790.2485246543,281.9583361148834,,,,,,,,,,,,,,,,,0.01118752662430082,True,2,OPTIMAL,solution_within_gap,False,,5:1,CTV|5:2;SOV|5:1,CTV|5|Jan:2,SOV1|5|Apr:1;SOV1|5|Aug:1;SOV1|5|Dec:1;SOV1|5|Feb:1;SOV1|5|Jan:1;SOV1|5|Jul:1;SOV1|5|Jun:1;SOV1|5|Mar:1;SOV1|5|May:1;SOV1|5|Nov:1;SOV1|5|Oct:1;SOV1|5|Sep:1,2;70;355;363;468,f625172cf7d9ff2c,200,1-500,501-1500
17,7,27471637.342933986,9087300.0,18384337.342936642,5692500.0,2716875.0,677925.0,17638542.054208405,461006.63628180895,284788.6524438335,1205.3674919605255,,,,,,,,,,,,,,,,,0.018517876137942948,True,2,OPTIMAL,solution_within_gap,False,,5:1,CTV|5:3,CTV|5|Aug:1;CTV|5|Dec:1;SOV|5|Apr:1;SOV|5|Dec:1;SOV|5|Feb:1;SOV|5|Jan:1;SOV|5|Mar:1;SOV|5|Nov:1;SOV|5|Oct:1;SOV|5|Sep:1,SOV1|5|Apr:1;SOV1|5|Dec:1;SOV1|5|Feb:1;SOV1|5|Jan:1;SOV1|5|Mar:1;SOV1|5|Nov:1;SOV1|5|Oct:1;SOV1|5|Sep:1,61;80;89;191;283;430;474,f625172cf7d9ff2c,200,1-500,501-1500
17,10,27877721.223320525,9842275.0,18035446.223325193,258750.0,9056250.0,527275.0,17385952.298660703,248151.85779928887,401342.0668606678,2291.677636861801,,,,,,,,,,,,,,,,,0.01999868195426172,True,2,OPTIMAL,solution_within_gap,False,,5:1,CTV|5:2;SOV|5:1,CTV|5|Dec:1;CTV|5|Jan:1;CTV|5|Nov:1,SOV1|5|Apr:1;SOV1|5|Aug:1;SOV1|5|Dec:1;SOV1|5|Feb:1;SOV1|5|Jan:1;SOV1|5|Jul:1;SOV1|5|Jun:1;SOV1|5|Mar:1;SOV1|5|May:1;SOV1|5|Nov:1;SOV1|5|Oct:1;SOV1|5|Sep:1,34;76;134;157;178;256;283;409;473;486,f625172cf7d9ff2c,200,1-500,501-1500
17,15,29955375.248717804,10833575.0,19121800.24871199,948750.0,9056250.0,828575.0,18498312.89492538,234311.1870689234,389176.1667232809,9063.39402794838,,,,,,,,,,,,,,,,,0.01994717268115312,True,2,OPTIMAL,solution_within_gap,False,,5:1,CTV|5:2;SOV|5:1,CTV|5|Dec:1;CTV|5|Feb:1;CTV|5|Jan:1;SOV|5|Jan:1,SOV1|5|Apr:1;SOV1|5|Aug:1;SOV1|5|Dec:1;SOV1|5|Feb:1;SOV1|5|Jan:1;SOV1|5|Jul:1;SOV1|5|Jun:1;SOV1|5|Mar:1;SOV1|5|May:1;SOV1|5|Nov:1;SOV1|5|Oct:1;SOV1|5|Sep:1;SOV2|5|Jan:1,14;99;103;105;109;112;176;204;308;328;369;381;382;422;491,f625172cf7d9ff2c,200,1-500,501-1500
17,20,32789142.26549364,11857650.0,20931492.265495136,1897500.0,9056250.0,903900.0,19998398.855289783,351020.15876732086,582073.2514365086,14401.452687978745,,,,,,,,,,,,,,,,,0.09828030854383954,True,9,TIME_LIMIT,solution_within_gap,False,,6:1,CTV|6:2;SOV|6:1,CTV|6|Dec:2;CTV|6|Jan:1;CTV|6|Nov:1;CTV|6|Oct:1;CTV|6|Sep:1;SOV|6|Feb:1;SOV|6|Jan:1,SOV1|6|Apr:1;SOV1|6|Aug:1;SOV1|6|Dec:1;SOV1|6|Feb:1;SOV1|6|Jan:1;SOV1|6|Jul:1;SOV1|6|Jun:1;SOV1|6|Mar:1;SOV1|6|May:1;SOV1|6|Nov:1;SOV1|6|Oct:1;SOV1|6|Sep:1;SOV2|6|Feb:1;SOV2|6|Jan:1,25;70;90;98;173;183;187;189;207;236;263;272;279;297;306;344;356;393;442;457,f625172cf7d9ff2c,200,1-500,501-1500
18,1,31537766.984901708,10499500.0,21038266.984901804,690000.0,9056250.0,753250.0,20409687.348347314,234427.56800382602,394152.0685505577,18.856739044189453,,,,,,,,,,,,,,,,,0.017910155094821096,True,2,OPTIMAL,solution_within_gap,False,,5:1,CTV|5:2;SOV|5:1,SOV|5|Dec:1,SOV1|5|Apr:1;SOV1|5|Aug:1;SOV1|5|Dec:1;SOV1|5|Feb:1;SOV1|5|Jan:1;SOV1|5|Jul:1;SOV1|5|Jun:1;SOV1|5|Mar:1;SOV1|5|May:1;SOV1|5|Nov:1;SOV1|5|Oct:1;SOV1|5|Sep:1;SOV2|5|Dec:1,330,f625172cf7d9ff2c,200,1-500,501-1500
18,3,27376122.337889418,9669775.0,17706347.337889418,86250.0,9056250.0,527275.0,17045422.094040502,250286.82278814455,410638.42106078647,68.0210530757904,,,,,,,,,,,,,,,,,0.018733803942908703,True,2,OPTIMAL,solution_within_gap,False,,5:1,CTV|5:2;SOV|5:1,CTV|5|Dec:1,SOV1|5|Apr:1;SOV1|5|Aug:1;SOV1|5|Dec:1;SOV1|5|Feb:1;SOV1|5|Jan:1;SOV1|5|Jul:1;SOV1|5|Jun:1;SOV1|5|Mar:1;SOV1|5|May:1;SOV1|5|Nov:1;SOV1|5|Oct:1;SOV1|5|Sep:1,67;158;498,f625172cf7d9ff2c,200,1-500,501-1500
18,5,29562722.46144294,11189500.0,18373222.461441584,1380000.0,9056250.0,753250.0,17748398.813592054,201073.86860784783,423749.7792429632,260.0435400009155,,,,,,,,,,,,,,,,,0.018154994796269593,True,2,OPTIMAL,solution_within_gap,False,,5:1,CTV|5:2;SOV|5:1,SOV|5|Dec:1;SOV|5|Jan:1,SOV1|5|Apr:1;SOV1|5|Aug:1;SOV1|5|Dec:1;SOV1|5|Feb:1;SOV1|5|Jan:1;SOV1|5|Jul:1;SOV1|5|Jun:1;SOV1|5|Mar:1;SOV1|5|May:1;SOV1|5|Nov:1;SOV1|5|Oct:1;SOV1|5|Sep:1;SOV2|5|Dec:1;SOV2|5|Jan:1,51;65;434;484;495,f625172cf7d9ff2c,200,1-500,501-1500
18,7,29628117.433621407,10003850.0,19624267.43362302,345000.0,9056250.0,602600.0,18973046.860263735,246251.13635869752,404969.4369988843,1657.7229399681091,,,,,,,,,,,,,,,,,0.018852546746402195,True,2,OPTIMAL,solution_within_gap,False,,5:1,CTV|5:2;SOV|5:1,CTV|5|Dec:1;CTV|5|Feb:1;CTV|5|Jan:2,SOV1|5|Apr:1;SOV1|5|Aug:1;SOV1|5|Dec:1;SOV1|5|Feb:1;SOV1|5|Jan:1;SOV1|5|Jul:1;SOV1|5|Jun:1;SOV1|5|Mar:1;SOV1|5|May:1;SOV1|5|Nov:1;SOV1|5|Oct:1;SOV1|5|Sep:1,45;93;191;234;306;326;388,f625172cf7d9ff2c,200,1-500,501-1500
18,10,28607676.066248637,9756025.0,18851651.066253208,172500.0,9056250.0,527275.0,18193228.698632766,250340.52793151292,408081.8396845096,746.1231861114502,,,,,,,,,,,,,,,,,0.019233091387464946,True,2,OPTIMAL,solution_within_gap,False,,5:1,CTV|5:2;SOV|5:1,CTV|5|Dec:1;CTV|5|Jan:1,SOV1|5|Apr:1;SOV1|5|Aug:1;SOV1|5|Dec:1;SOV1|5|Feb:1;SOV1|5|Jan:1;SOV1|5|Jul:1;SOV1|5|Jun:1;SOV1|5|Mar:1;SOV1|5|May:1;SOV1|5|Nov:1;SOV1|5|Oct:1;SOV1|5|Sep:1,283;302;323;347;400;418;433;447;469;497,f625172cf7d9ff2c,200,1-500,501-1500
18,15,28927191.807755347,9508200.0,19418991.807749357,0.0,9056250.0,451950.0,18771938.092477366,237458.16738675875,409595.5478910409,8072.894081115723,,,,,,,,,,,,,,,,,0.01614847008987344,True,2,OPTIMAL,solution_within_gap,False,,5:1,CTV|5:2;SOV|5:1,,SOV1|5|Apr:1;SOV1|5|Aug:1;SOV1|5|Dec:1;SOV1|5|Feb:1;SOV1|5|Jan:1;SOV1|5|Jul:1;SOV1|5|Jun:1;SOV1|5|Mar:1;SOV1|5|May:1;SOV1|5|Nov:1;SOV1|5|Oct:1;SOV1|5|Sep:1,1;33;139;154;157;287;309;311;334;369;376;396;406;474;490,f625172cf7d9ff2c,200,1-500,501-1500
18,20,29772687.565243386,9928525.0,19844162.565236848,345000.0,9056250.0,527275.0,19187596.506728124,250678.0811751125,405887.97734014416,11832.834313869476,,,,,,,,,,,,,,,,,0.01911608967421183,True,2,OPTIMAL,solution_within_gap,False,,5:1,CTV|5:2;SOV|5:1,CTV|5|Dec:1;CTV|5|Feb:1;CTV|5|Jan:1;CTV|5|Nov:1,SOV1|5|Apr:1;SOV1|5|Aug:1;SOV1|5|Dec:1;SOV1|5|Feb:1;SOV1|5|Jan:1;SOV1|5|Jul:1;SOV1|5|Jun:1;SOV1|5|Mar:1;SOV1|5|May:1;SOV1|5|Nov:1;SOV1|5|Oct:1;SOV1|5|Sep:1,7;28;34;98;128;133;235;260;264;266;275;282;304;308;330;343;407;422;456;498,f625172cf7d9ff2c,200,1-500,501-1500
19,1,30343967.2130042,9410450.0,20933517.213004358,7676250.0,905625.0,828575.0,20165493.34799103,405895.6361083621,362128.2289048046,15.598503112792969,,,,,,,,,,,,,,,,,0.019550856599269074,True,2,OPTIMAL,solution_within_gap,False,,5:1,CTV|5:1,CTV|5|Apr:1;CTV|5|Aug:2;CTV|5|Feb:1;CTV|5|Jan:2;CTV|5|Jul:2;CTV|5|Jun:2;CTV|5|Mar:1;CTV|5|May:3;CTV|5|Nov:2;CTV|5|Sep:1;SOV|5|Apr:1;SOV|5|Aug:1;SOV|5|Dec:1;SOV|5|Feb:1;SOV|5|Jan:1;SOV|5|Mar:1;SOV|5|Nov:1;SOV|5|Oct:1;SOV|5|Sep:1,SOV1|5|Apr:1;SOV1|5|Aug:1;SOV1|5|Dec:1;SOV1|5|Feb:1;SOV1|5|Jan:1;SOV1|5|Mar:1;SOV1|5|Nov:1;SOV1|5|Oct:1;SOV1|5|Sep:1,356,f625172cf7d9ff2c,200,1-500,501-1500
19,3,31690145.150334314,10402325.0,21287820.150334116,7762500.0,1811250.0,828575.0,20606752.426480897,386090.2317396391,294977.49211377976,85.64195895195007,,,,,,,,,,,,,,,,,0.018150360899306144,True,2,OPTIMAL,solution_within_gap,False,,5:1,CTV|5:2,CTV|5|Jun:1;CTV|5|May:1;SOV|5|Apr:1;SOV|5|Aug:1;SOV|5|Dec:2;SOV|5|Feb:1;SOV|5|Jan:2;SOV|5|Mar:1;SOV|5|Nov:1;SOV|5|Oct:1;SOV|5|Sep:1,SOV1|5|Apr:1;SOV1|5|Aug:1;SOV1|5|Dec:1;SOV1|5|Feb:1;SOV1|5|Jan:1;SOV1|5|Mar:1;SOV1|5|Nov:1;SOV1|5|Oct:1;SOV1|5|Sep:1;SOV2|5|Dec:1;SOV2|5|Jan:1,49;192;451,f625172cf7d9ff2c,200,1-500,501-1500
19,5,26833536.05955938,9669775.0,17163761.05955839,86250.0,9056250.0,527275.0,16503254.636725888,243492.54326736406,417013.8795660907,230.66623306274414,,,,,,,,,,,,,,,,,0.019795879803302868,True,2,OPTIMAL,solution_within_gap,False,,5:1,CTV|5:2;SOV|5:1,CTV|5|Dec:1,SOV1|5|Apr:1;SOV1|5|Aug:1;SOV1|5|Dec:1;SOV1|5|Feb:1;SOV1|5|Jan:1;SOV1|5|Jul:1;SOV1|5|Jun:1;SOV1|5|Mar:1;SOV1|5|May:1;SOV1|5|Nov:1;SOV1|5|Oct:1;SOV1|5|Sep:1,82;92;185;355;461,f625172cf7d9ff2c,200,1-500,501-1500
19,7,27109399.76837025,8947575.0,18161824.76837221,345000.0,8150625.0,451950.0,17474762.478175588,216960.20368710678,470102.08650758566,496.92187786102295,,,,,,,,,,,,,,,,,0.015250611641850285,True,2,OPTIMAL,solution_within_gap,False,,5:1,CTV|5:1;SOV|5:1,CTV|5|Dec:1;CTV|5|Feb:1;CTV|5|Jan:1;CTV|5|Mar:1,SOV1|5|Apr:1;SOV1|5|Aug:1;SOV1|5|Dec:1;SOV1|5|Feb:1;SOV1|5|Jan:1;SOV1|5|Jul:1;SOV1|5|Jun:1;SOV1|5|Mar:1;SOV1|5|May:1;SOV1|5|Nov:1;SOV1|5|Oct:1;SOV1|5|Sep:1,59;63;183;298;317;347;428,f625172cf7d9ff2c,200,1-500,501-1500
19,10,29122609.161794946,9206325.0,19916284.161799498,603750.0,8150625.0,451950.0,19267035.16043932,232393.30758038067,416855.6937753351,1859.795953989029,,,,,,,,,,,,,,,,,0.019999001229409265,True,2,OPTIMAL,solution_within_gap,False,,5:1,CTV|5:1;SOV|5:1,CTV|5|Dec:1;CTV|5|Feb:1;CTV|5|Jan:1;CTV|5|Mar:1;CTV|5|Nov:1;CTV|5|Oct:1;CTV|5|Sep:1,SOV1|5|Apr:1;SOV1|5|Aug:1;SOV1|5|Dec:1;SOV1|5|Feb:1;SOV1|5|Jan:1;SOV1|5|Jul:1;SOV1|5|Jun:1;SOV1|5|Mar:1;SOV1|5|May:1;SOV1|5|Nov:1;SOV1|5|Oct:1;SOV1|5|Sep:1,35;49;111;114;155;220;246;301;443;469,f625172cf7d9ff2c,200,1-500,501-1500
19,15,27830713.824906502,10090100.0,17740613.82490054,431250.0,9056250.0,602600.0,17080590.130374525,249173.82732115916,410849.8672106602,3975.882966041565,,,,,,,,,,,,,,,,,0.01999456797560932,True,2,OPTIMAL,solution_within_gap,False,,5:1,CTV|5:2;SOV|5:1,CTV|5|Dec:2;CTV|5|Feb:1;CTV|5|Jan:1;CTV|5|Nov:1,SOV1|5|Apr:1;SOV1|5|Aug:1;SOV1|5|Dec:1;SOV1|5|Feb:1;SOV1|5|Jan:1;SOV1|5|Jul:1;SOV1|5|Jun:1;SOV1|5|Mar:1;SOV1|5|May:1;SOV1|5|Nov:1;SOV1|5|Oct:1;SOV1|5|Sep:1,4;8;10;91;112;136;145;303;306;323;340;341;402;423;472,f625172cf7d9ff2c,200,1-500,501-1500
19,20,30036336.22702403,11879500.0,18156836.227018163,2070000.0,9056250.0,753250.0,17576991.574220587,200822.86340685608,379021.78939658345,14400.760689973831,,,,,,,,,,,,,,,,,0.02490956038886153,True,9,TIME_LIMIT,solution_within_gap,False,,5:1,CTV|5:2;SOV|5:1,SOV|5|Dec:1;SOV|5|Feb:1;SOV|5|Jan:1,SOV1|5|Apr:1;SOV1|5|Aug:1;SOV1|5|Dec:1;SOV1|5|Feb:1;SOV1|5|Jan:1;SOV1|5|Jul:1;SOV1|5|Jun:1;SOV1|5|Mar:1;SOV1|5|May:1;SOV1|5|Nov:1;SOV1|5|Oct:1;SOV1|5|Sep:1;SOV2|5|Dec:1;SOV2|5|Feb:1;SOV2|5|Jan:1,2;33;51;78;96;169;174;179;186;221;235;243;275;311;331;395;436;438;455;460,f625172cf7d9ff2c,200,1-500,501-1500
20,1,30737260.713732954,11566700.0,19170560.713733062,2587500.0,8150625.0,828575.0,18522698.199580517,173138.90303321934,474723.61111922166,10.130446910858154,,,,,,,,,,,,,,,,,0.018661129667192904,True,2,OPTIMAL,solution_within_gap,False,,5:1,CTV|5:1;SOV|5:1,CTV|5|Aug:1;CTV|5|Dec:1;CTV|5|Jul:1;CTV|5|Nov:1;CTV|5|Oct:1;CTV|5|Sep:1;SOV|5|Dec:1;SOV|5|Feb:1;SOV|5|Jan:1,SOV1|5|Apr:1;SOV1|5|Aug:1;SOV1|5|Dec:1;SOV1|5|Feb:1;SOV1|5|Jan:1;SOV1|5|Jul:1;SOV1|5|Jun:1;SOV1|5|Mar:1;SOV1|5|May:1;SOV1|5|Nov:1;SOV1|5|Oct:1;SOV1|5|Sep:1;SOV2|5|Dec:1;SOV2|5|Feb:1;SOV2|5|Jan:1,376,f625172cf7d9ff2c,200,1-500,501-1500
20,3,27022896.158336893,8310475.0,18712421.158336543,5520000.0,1811250.0,979225.0,17909016.316507194,550476.5697654973,252928.27206415095,95.56196808815002,,,,,,,,,,,,,,,,,0.018271293217369176,True,2,OPTIMAL,solution_within_gap,False,,5:1,CTV|5:2,CTV|5|Apr:1;CTV|5|Aug:1;CTV|5|Jul:1;CTV|5|Jun:1;CTV|5|Mar:2;CTV|5|May:2;SOV|5|Dec:1;SOV|5|Feb:1;SOV|5|Jan:2;SOV|5|Nov:1;SOV|5|Oct:1;SOV|5|Sep:1,SOV1|5|Dec:1;SOV1|5|Feb:1;SOV1|5|Jan:1;SOV1|5|Nov:1;SOV1|5|Oct:1;SOV1|5|Sep:1;SOV2|5|Jan:1,41;125;159,f625172cf7d9ff2c,200,1-500,501-1500
20,5,27427798.761172332,9928525.0,17499273.761170942,345000.0,9056250.0,527275.0,16836844.782858584,243532.82212488752,418896.1561888333,204.79214000701904,,,,,,,,,,,,,,,,,0.019290028777623668,True,2,OPTIMAL,solution_within_gap,False,,5:1,CTV|5:2;SOV|5:1,CTV|5|Dec:1;CTV|5|Feb:1;CTV|5|Jan:1;CTV|5|Nov:1,SOV1|5|Apr:1;SOV1|5|Aug:1;SOV1|5|Dec:1;SOV1|5|Feb:1;SOV1|5|Jan:1;SOV1|5|Jul:1;SOV1|5|Jun:1;SOV1|5|Mar:1;SOV1|5|May:1;SOV1|5|Nov:1;SOV1|5|Oct:1;SOV1|5|Sep:1,3;24;153;187;388,f625172cf7d9ff2c,200,1-500,501-1500
20,7,29070541.14845363,9842275.0,19228266.14845539,258750.0,9056250.0,527275.0,18580971.134727042,249489.69722560103,397805.3165009754,302.6595540046692,,,,,,,,,,,,,,,,,0.018908454666425233,True,2,OPTIMAL,solution_within_gap,False,,5:1,CTV|5:2;SOV|5:1,CTV|5|Dec:1;CTV|5|Jan:1;CTV|5|Nov:1,SOV1|5|Apr:1;SOV1|5|Aug:1;SOV1|5|Dec:1;SOV1|5|Feb:1;SOV1|5|Jan:1;SOV1|5|Jul:1;SOV1|5|Jun:1;SOV1|5|Mar:1;SOV1|5|May:1;SOV1|5|Nov:1;SOV1|5|Oct:1;SOV1|5|Sep:1,54;69;111;148;294;313;398,f625172cf7d9ff2c,200,1-500,501-1500
20,10,28005971.40109195,9756025.0,18249946.40109646,172500.0,9056250.0,527275.0,17586551.41119698,249202.9299764902,414192.0599185997,2618.786412000656,,,,,,,,,,,,,,,,,0.01645199864584927,True,2,OPTIMAL,solution_within_gap,False,,5:1,CTV|5:2;SOV|5:1,CTV|5|Dec:1;CTV|5|Jan:1,SOV1|5|Apr:1;SOV1|5|Aug:1;SOV1|5|Dec:1;SOV1|5|Feb:1;SOV1|5|Jan:1;SOV1|5|Jul:1;SOV1|5|Jun:1;SOV1|5|Mar:1;SOV1|5|May:1;SOV1|5|Nov:1;SOV1|5|Oct:1;SOV1|5|Sep:1,127;139;184;257;302;339;384;430;432;475,f625172cf7d9ff2c,200,1-500,501-1500
20,15,27200756.041868843,10003850.0,17196906.041869532,345000.0,9056250.0,602600.0,16558430.624219237,256774.24998082046,381701.1676686042,5962.813318967819,,,,,,,,,,,,,,,,,0.019194776653560962,True,2,OPTIMAL,solution_within_gap,False,,5:1,CTV|5:2;SOV|5:1,CTV|5|Dec:2;CTV|5|Jan:1;CTV|5|Nov:1,SOV1|5|Apr:1;SOV1|5|Aug:1;SOV1|5|Dec:1;SOV1|5|Feb:1;SOV1|5|Jan:1;SOV1|5|Jul:1;SOV1|5|Jun:1;SOV1|5|Mar:1;SOV1|5|May:1;SOV1|5|Nov:1;SOV1|5|Oct:1;SOV1|5|Sep:1,14;42;66;78;111;120;173;200;320;338;352;415;422;454;465,f625172cf7d9ff2c,200,1-500,501-1500
20,20,28525386.61375457,10919825.0,17605561.613748282,1035000.0,9056250.0,828575.0,16967722.526272316,243753.27161825157,394085.8158638935,13840.915133953094,,,,,,,,,,,,,,,,,0.01873094214878266,True,2,OPTIMAL,solution_within_gap,False,,5:1,CTV|5:2;SOV|5:1,CTV|5|Dec:1;CTV|5|Feb:1;CTV|5|Jan:1;CTV|5|Nov:1;SOV|5|Dec:1,SOV1|5|Apr:1;SOV1|5|Aug:1;SOV1|5|Dec:1;SOV1|5|Feb:1;SOV1|5|Jan:1;SOV1|5|Jul:1;SOV1|5|Jun:1;SOV1|5|Mar:1;SOV1|5|May:1;SOV1|5|Nov:1;SOV1|5|Oct:1;SOV1|5|Sep:1;SOV2|5|Dec:1,7;109;116;124;126;158;177;233;242;264;267;277;331;365;374;392;393;424;451;468,f625172cf7d9ff2c,200,1-500,501-1500
