ISO3,date,price
DEU,2023-01-01,16.66
GBR,2023-01-01,110.72
DEU,2023-01-02,112.24
GBR,2023-01-02,185.07
DEU,2023-01-03,143.58
GBR,2023-01-03,156.9
DEU,2023-01-04,55.2
GBR,2023-01-04,120.81
DEU,2023-01-05,109.05
GBR,2023-01-05,144.58
DEU,2023-01-06,116.87
GBR,2023-01-06,123.15
DEU,2023-01-07,85.19
GBR,2023-01-07,113.06
DEU,2023-01-08,68.69
GBR,2023-01-08,92.03
DEU,2023-01-09,124.39
GBR,2023-01-09,138.37
DEU,2023-01-10,121.65
GBR,2023-01-10,136.94
DEU,2023-01-11,89.89
GBR,2023-01-11,113.02
DEU,2023-01-12,68.27
GBR,2023-01-12,113.76
DEU,2023-01-13,67.62
GBR,2023-01-13,115.32
DEU,2023-01-14,30.59
GBR,2023-01-14,100.98
DEU,2023-01-15,19.98
GBR,2023-01-15,115.47
DEU,2023-01-16,135.51
GBR,2023-01-16,171.51
DEU,2023-01-17,137.31
GBR,2023-01-17,177.2
DEU,2023-01-18,148.05
GBR,2023-01-18,155.66
DEU,2023-01-19,145.55
GBR,2023-01-19,175.91
DEU,2023-01-20,181.42
GBR,2023-01-20,185.64
DEU,2023-01-21,144.92
GBR,2023-01-21,165.23
DEU,2023-01-22,150.06
GBR,2023-01-22,183.94
DEU,2023-01-23,202.86
GBR,2023-01-23,213.29
DEU,2023-01-24,202.75
GBR,2023-01-24,202.3
DEU,2023-01-25,183.29
GBR,2023-01-25,177.79
DEU,2023-01-26,165.72
GBR,2023-01-26,166.28
DEU,2023-01-27,168.91
GBR,2023-01-27,179.91
DEU,2023-01-28,146.7
GBR,2023-01-28,160.34
DEU,2023-01-29,108.48
GBR,2023-01-29,152.78
DEU,2023-01-30,69.23
GBR,2023-01-30,144.73
DEU,2023-01-31,113.27
GBR,2023-01-31,147.22
DEU,2023-02-01,91.56
GBR,2023-02-01,140.88
DEU,2023-02-02,136.62
GBR,2023-02-02,146.43
DEU,2023-02-03,104.01
GBR,2023-02-03,145.8
DEU,2023-02-04,144.97
GBR,2023-02-04,155.72
DEU,2023-02-05,122.3
GBR,2023-02-05,156.37
DEU,2023-02-06,170.56
GBR,2023-02-06,176.11
DEU,2023-02-07,173.7
GBR,2023-02-07,192.6
DEU,2023-02-08,150.67
GBR,2023-02-08,163.45
DEU,2023-02-09,132.21
GBR,2023-02-09,163.54
DEU,2023-02-10,123.83
GBR,2023-02-10,158.41
DEU,2023-02-11,106.06
GBR,2023-02-11,158.82
DEU,2023-02-12,136.33
GBR,2023-02-12,156.99
DEU,2023-02-13,163.58
GBR,2023-02-13,164.2
DEU,2023-02-14,157.05
GBR,2023-02-14,158.59
DEU,2023-02-15,143.33
GBR,2023-02-15,151.91
DEU,2023-02-16,134.57
GBR,2023-02-16,156.53
DEU,2023-02-17,77.54
GBR,2023-02-17,135.19
DEU,2023-02-18,93.41
GBR,2023-02-18,127.13
DEU,2023-02-19,109.01
GBR,2023-02-19,134.16
DEU,2023-02-20,69.39
GBR,2023-02-20,129.03
DEU,2023-02-21,125.72
GBR,2023-02-21,151.3
DEU,2023-02-22,147.94
GBR,2023-02-22,153.23
DEU,2023-02-23,146.01
GBR,2023-02-23,151.95
DEU,2023-02-24,115.49
GBR,2023-02-24,147.49
DEU,2023-02-25,89.62
GBR,2023-02-25,149.65
DEU,2023-02-26,112.76
GBR,2023-02-26,150.05
DEU,2023-02-27,148.84
GBR,2023-02-27,160.6
DEU,2023-02-28,151.52
GBR,2023-02-28,158.16
DEU,2023-03-01,142.06
GBR,2023-03-01,152.85
DEU,2023-03-02,144.59
GBR,2023-03-02,155.27
DEU,2023-03-03,134.82
GBR,2023-03-03,158.86
DEU,2023-03-04,106.77
GBR,2023-03-04,146.48
DEU,2023-03-05,119.55
GBR,2023-03-05,148.6
DEU,2023-03-06,144.0
GBR,2023-03-06,153.6
DEU,2023-03-07,108.5
GBR,2023-03-07,153.9
DEU,2023-03-08,139.26
GBR,2023-03-08,148.23
DEU,2023-03-09,128.91
GBR,2023-03-09,140.55
DEU,2023-03-10,112.46
GBR,2023-03-10,132.55
DEU,2023-03-11,101.99
GBR,2023-03-11,145.54
DEU,2023-03-12,94.75
GBR,2023-03-12,123.27
DEU,2023-03-13,43.63
GBR,2023-03-13,110.49
DEU,2023-03-14,70.66
GBR,2023-03-14,132.53
DEU,2023-03-15,124.47
GBR,2023-03-15,154.04
DEU,2023-03-16,105.73
GBR,2023-03-16,132.5
DEU,2023-03-17,96.69
GBR,2023-03-17,131.62
DEU,2023-03-18,104.48
GBR,2023-03-18,132.0
DEU,2023-03-19,102.55
GBR,2023-03-19,130.26
DEU,2023-03-20,119.96
GBR,2023-03-20,126.72
DEU,2023-03-21,112.5
GBR,2023-03-21,114.45
DEU,2023-03-22,76.88
GBR,2023-03-22,90.45
DEU,2023-03-23,75.73
GBR,2023-03-23,100.3
DEU,2023-03-24,52.48
GBR,2023-03-24,98.24
DEU,2023-03-25,14.9
GBR,2023-03-25,99.54
DEU,2023-03-26,71.79
GBR,2023-03-26,120.06
DEU,2023-03-27,85.01
GBR,2023-03-27,131.72
GBR,2023-03-27,103.59
DEU,2023-03-28,113.84
GBR,2023-03-28,126.77
DEU,2023-03-29,115.85
GBR,2023-03-29,121.0
DEU,2023-03-30,77.06
GBR,2023-03-30,120.09
DEU,2023-03-31,96.3
GBR,2023-03-31,123.65
DEU,2023-04-01,56.87
GBR,2023-04-01,118.32
DEU,2023-04-02,65.23
GBR,2023-04-02,124.96
DEU,2023-04-03,120.31
GBR,2023-04-03,129.22
DEU,2023-04-04,134.17
GBR,2023-04-04,138.41
DEU,2023-04-05,141.37
GBR,2023-04-05,143.47
DEU,2023-04-06,122.41
GBR,2023-04-06,130.25
DEU,2023-04-07,108.15
GBR,2023-04-07,124.39
DEU,2023-04-08,117.67
GBR,2023-04-08,122.99
DEU,2023-04-09,103.82
GBR,2023-04-09,105.84
DEU,2023-04-10,49.31
GBR,2023-04-10,79.27
DEU,2023-04-11,82.69
GBR,2023-04-11,95.57
DEU,2023-04-12,105.66
GBR,2023-04-12,103.6
DEU,2023-04-13,110.29
GBR,2023-04-13,114.72
DEU,2023-04-14,129.55
GBR,2023-04-14,134.05
DEU,2023-04-15,105.34
GBR,2023-04-15,113.87
DEU,2023-04-16,110.12
GBR,2023-04-16,113.71
DEU,2023-04-17,122.6
GBR,2023-04-17,122.2
DEU,2023-04-18,108.67
GBR,2023-04-18,114.63
DEU,2023-04-19,86.99
GBR,2023-04-19,111.6
DEU,2023-04-20,111.31
GBR,2023-04-20,117.02
DEU,2023-04-21,90.77
GBR,2023-04-21,115.03
DEU,2023-04-22,84.84
GBR,2023-04-22,111.33
DEU,2023-04-23,84.08
GBR,2023-04-23,113.32
DEU,2023-04-24,101.85
GBR,2023-04-24,109.6
DEU,2023-04-25,102.21
GBR,2023-04-25,117.18
DEU,2023-04-26,112.03
GBR,2023-04-26,127.93
DEU,2023-04-27,113.32
GBR,2023-04-27,110.03
DEU,2023-04-28,106.8
GBR,2023-04-28,106.71
DEU,2023-04-29,99.4
GBR,2023-04-29,109.72
DEU,2023-04-30,76.46
GBR,2023-04-30,103.43
DEU,2023-05-01,84.75
GBR,2023-05-01,99.26
DEU,2023-05-02,104.65
GBR,2023-05-02,111.71
DEU,2023-05-03,107.12
GBR,2023-05-03,104.55
DEU,2023-05-04,96.88
GBR,2023-05-04,93.7
DEU,2023-05-05,94.8
GBR,2023-05-05,99.25
DEU,2023-05-06,87.69
GBR,2023-05-06,99.4
DEU,2023-05-07,68.82
GBR,2023-05-07,98.62
DEU,2023-05-08,96.7
GBR,2023-05-08,101.64
DEU,2023-05-09,95.35
GBR,2023-05-09,106.85
DEU,2023-05-10,108.98
GBR,2023-05-10,106.31
DEU,2023-05-11,115.43
GBR,2023-05-11,112.64
DEU,2023-05-12,100.42
GBR,2023-05-12,99.68
DEU,2023-05-13,80.4
GBR,2023-05-13,95.95
DEU,2023-05-14,78.22
GBR,2023-05-14,93.69
DEU,2023-05-15,107.49
GBR,2023-05-15,94.26
DEU,2023-05-16,80.52
GBR,2023-05-16,95.63
DEU,2023-05-17,81.34
GBR,2023-05-17,96.12
DEU,2023-05-18,81.89
GBR,2023-05-18,93.17
DEU,2023-05-19,87.54
GBR,2023-05-19,94.55
DEU,2023-05-20,50.36
GBR,2023-05-20,86.61
DEU,2023-05-21,37.13
GBR,2023-05-21,84.99
DEU,2023-05-22,95.95
GBR,2023-05-22,86.46
DEU,2023-05-23,74.94
GBR,2023-05-23,85.17
DEU,2023-05-24,100.6
GBR,2023-05-24,86.26
DEU,2023-05-25,83.14
GBR,2023-05-25,84.81
DEU,2023-05-26,69.85
GBR,2023-05-26,83.37
DEU,2023-05-27,61.45
GBR,2023-05-27,69.75
DEU,2023-05-28,28.92
GBR,2023-05-28,72.8
DEU,2023-05-29,26.62
GBR,2023-05-29,72.57
DEU,2023-05-30,82.85
GBR,2023-05-30,81.2
DEU,2023-05-31,72.1
GBR,2023-05-31,79.52
DEU,2023-06-01,71.33
GBR,2023-06-01,78.9
DEU,2023-06-02,80.11
GBR,2023-06-02,82.0
DEU,2023-06-03,55.84
GBR,2023-06-03,73.11
DEU,2023-06-04,44.9
GBR,2023-06-04,70.89
DEU,2023-06-05,88.76
GBR,2023-06-05,84.08
DEU,2023-06-06,97.96
GBR,2023-06-06,86.74
DEU,2023-06-07,101.02
GBR,2023-06-07,90.1
DEU,2023-06-08,83.61
GBR,2023-06-08,80.58
DEU,2023-06-09,84.59
GBR,2023-06-09,83.04
DEU,2023-06-10,51.9
GBR,2023-06-10,71.21
DEU,2023-06-11,37.32
GBR,2023-06-11,92.01
DEU,2023-06-12,90.97
GBR,2023-06-12,107.93
DEU,2023-06-13,91.82
GBR,2023-06-13,99.67
DEU,2023-06-14,103.44
GBR,2023-06-14,99.72
DEU,2023-06-15,119.84
GBR,2023-06-15,114.66
DEU,2023-06-16,127.11
GBR,2023-06-16,126.35
DEU,2023-06-17,100.95
GBR,2023-06-17,110.53
DEU,2023-06-18,87.94
GBR,2023-06-18,103.08
DEU,2023-06-19,122.57
GBR,2023-06-19,114.92
DEU,2023-06-20,122.78
GBR,2023-06-20,120.75
DEU,2023-06-21,126.25
GBR,2023-06-21,123.3
DEU,2023-06-22,124.15
GBR,2023-06-22,125.95
DEU,2023-06-23,107.53
GBR,2023-06-23,109.99
DEU,2023-06-24,84.98
GBR,2023-06-24,97.53
DEU,2023-06-25,74.49
GBR,2023-06-25,71.41
DEU,2023-06-26,91.8
GBR,2023-06-26,98.86
DEU,2023-06-27,102.91
GBR,2023-06-27,105.36
DEU,2023-06-28,114.28
GBR,2023-06-28,112.37
DEU,2023-06-29,117.04
GBR,2023-06-29,110.08
DEU,2023-06-30,108.94
GBR,2023-06-30,99.07
DEU,2023-07-01,57.93
GBR,2023-07-01,50.53
DEU,2023-07-02,-30.14
GBR,2023-07-02,4.52
DEU,2023-07-03,58.25
GBR,2023-07-03,77.78
DEU,2023-07-04,86.39
GBR,2023-07-04,105.99
DEU,2023-07-05,67.44
GBR,2023-07-05,98.85
DEU,2023-07-06,108.6
GBR,2023-07-06,104.75
DEU,2023-07-07,104.58
GBR,2023-07-07,95.18
DEU,2023-07-08,80.75
GBR,2023-07-08,80.82
DEU,2023-07-09,85.51
GBR,2023-07-09,98.7
DEU,2023-07-10,111.71
GBR,2023-07-10,106.79
DEU,2023-07-11,104.78
GBR,2023-07-11,102.43
DEU,2023-07-12,87.62
GBR,2023-07-12,92.55
DEU,2023-07-13,98.2
GBR,2023-07-13,97.15
DEU,2023-07-14,96.54
GBR,2023-07-14,83.08
DEU,2023-07-15,37.29
GBR,2023-07-15,36.29
DEU,2023-07-16,21.37
GBR,2023-07-16,9.48
DEU,2023-07-17,81.35
GBR,2023-07-17,84.81
DEU,2023-07-18,105.52
GBR,2023-07-18,104.49
DEU,2023-07-19,100.45
GBR,2023-07-19,93.74
DEU,2023-07-20,97.03
GBR,2023-07-20,91.54
DEU,2023-07-21,103.31
GBR,2023-07-21,89.28
DEU,2023-07-22,74.52
GBR,2023-07-22,89.46
DEU,2023-07-23,27.8
GBR,2023-07-23,64.66
DEU,2023-07-24,90.52
GBR,2023-07-24,88.08
DEU,2023-07-25,101.91
GBR,2023-07-25,94.82
DEU,2023-07-26,95.0
GBR,2023-07-26,96.58
DEU,2023-07-27,96.24
GBR,2023-07-27,98.99
DEU,2023-07-28,97.21
GBR,2023-07-28,93.05
DEU,2023-07-29,73.17
GBR,2023-07-29,76.73
DEU,2023-07-30,28.92
GBR,2023-07-30,42.49
DEU,2023-07-31,71.91
GBR,2023-07-31,78.71
DEU,2023-08-01,80.97
GBR,2023-08-01,86.54
DEU,2023-08-02,66.28
GBR,2023-08-02,80.3
DEU,2023-08-03,51.11
GBR,2023-08-03,70.3
DEU,2023-08-04,96.4
GBR,2023-08-04,91.97
DEU,2023-08-05,86.99
GBR,2023-08-05,88.32
DEU,2023-08-06,49.45
GBR,2023-08-06,70.39
DEU,2023-08-07,22.58
GBR,2023-08-07,84.12
DEU,2023-08-08,25.37
GBR,2023-08-08,84.66
DEU,2023-08-09,88.18
GBR,2023-08-09,91.5
DEU,2023-08-10,103.88
GBR,2023-08-10,94.05
DEU,2023-08-11,101.57
GBR,2023-08-11,94.83
DEU,2023-08-12,79.26
GBR,2023-08-12,76.45
DEU,2023-08-13,66.28
GBR,2023-08-13,83.77
DEU,2023-08-14,105.29
GBR,2023-08-14,96.47
DEU,2023-08-15,96.14
GBR,2023-08-15,97.39
DEU,2023-08-16,112.46
GBR,2023-08-16,104.97
DEU,2023-08-17,109.45
GBR,2023-08-17,98.56
DEU,2023-08-18,107.03
GBR,2023-08-18,95.18
DEU,2023-08-19,84.64
GBR,2023-08-19,63.54
DEU,2023-08-20,86.65
GBR,2023-08-20,96.76
DEU,2023-08-21,120.24
GBR,2023-08-21,105.05
DEU,2023-08-22,124.53
GBR,2023-08-22,108.85
DEU,2023-08-23,141.16
GBR,2023-08-23,131.93
DEU,2023-08-24,141.02
GBR,2023-08-24,136.36
DEU,2023-08-25,118.79
GBR,2023-08-25,111.57
DEU,2023-08-26,95.95
GBR,2023-08-26,99.15
DEU,2023-08-27,99.8
GBR,2023-08-27,98.93
DEU,2023-08-28,119.08
GBR,2023-08-28,104.99
DEU,2023-08-29,125.48
GBR,2023-08-29,109.18
DEU,2023-08-30,114.68
GBR,2023-08-30,107.53
DEU,2023-08-31,104.25
GBR,2023-08-31,104.8
DEU,2023-09-01,111.47
GBR,2023-09-01,106.92
DEU,2023-09-02,95.88
GBR,2023-09-02,97.43
DEU,2023-09-03,82.91
GBR,2023-09-03,97.27
DEU,2023-09-04,107.01
GBR,2023-09-04,102.6
DEU,2023-09-05,105.45
GBR,2023-09-05,99.13
DEU,2023-09-06,105.98
GBR,2023-09-06,100.8
DEU,2023-09-07,100.77
GBR,2023-09-07,102.95
DEU,2023-09-08,108.15
GBR,2023-09-08,105.37
DEU,2023-09-09,93.72
GBR,2023-09-09,97.25
DEU,2023-09-10,86.88
GBR,2023-09-10,98.8
DEU,2023-09-11,135.97
GBR,2023-09-11,116.79
DEU,2023-09-12,134.15
GBR,2023-09-12,112.4
DEU,2023-09-13,109.39
GBR,2023-09-13,103.7
DEU,2023-09-14,123.61
GBR,2023-09-14,102.88
DEU,2023-09-15,109.49
GBR,2023-09-15,104.58
DEU,2023-09-16,94.46
GBR,2023-09-16,95.97
DEU,2023-09-17,79.82
GBR,2023-09-17,97.36
DEU,2023-09-18,88.39
GBR,2023-09-18,91.62
DEU,2023-09-19,43.73
GBR,2023-09-19,66.94
DEU,2023-09-20,56.23
GBR,2023-09-20,62.84
DEU,2023-09-21,103.93
GBR,2023-09-21,97.79
DEU,2023-09-22,105.57
GBR,2023-09-22,101.28
DEU,2023-09-23,95.34
GBR,2023-09-23,105.24
DEU,2023-09-24,66.44
GBR,2023-09-24,51.31
DEU,2023-09-25,109.42
GBR,2023-09-25,82.73
DEU,2023-09-26,131.72
GBR,2023-09-26,106.18
DEU,2023-09-27,126.84
GBR,2023-09-27,102.96
DEU,2023-09-28,113.66
GBR,2023-09-28,76.3
DEU,2023-09-29,105.35
GBR,2023-09-29,90.96
DEU,2023-09-30,92.47
GBR,2023-09-30,103.58
DEU,2023-10-01,77.27
GBR,2023-10-01,87.54
DEU,2023-10-02,116.45
GBR,2023-10-02,110.23
DEU,2023-10-03,21.52
GBR,2023-10-03,69.51
DEU,2023-10-04,72.72
GBR,2023-10-04,74.03
DEU,2023-10-05,100.41
GBR,2023-10-05,85.68
DEU,2023-10-06,68.77
GBR,2023-10-06,68.99
DEU,2023-10-07,49.66
GBR,2023-10-07,60.38
DEU,2023-10-08,89.77
GBR,2023-10-08,93.16
DEU,2023-10-09,107.18
GBR,2023-10-09,112.99
DEU,2023-10-10,108.09
GBR,2023-10-10,94.7
DEU,2023-10-11,62.53
GBR,2023-10-11,86.01
DEU,2023-10-12,126.95
GBR,2023-10-12,128.67
DEU,2023-10-13,58.0
GBR,2023-10-13,84.77
DEU,2023-10-14,27.43
GBR,2023-10-14,43.64
DEU,2023-10-15,46.37
GBR,2023-10-15,93.0
DEU,2023-10-16,137.1
GBR,2023-10-16,152.24
DEU,2023-10-17,130.54
GBR,2023-10-17,125.58
DEU,2023-10-18,93.56
GBR,2023-10-18,70.59
DEU,2023-10-19,94.59
GBR,2023-10-19,87.26
DEU,2023-10-20,80.39
GBR,2023-10-20,83.64
DEU,2023-10-21,52.96
GBR,2023-10-21,92.53
DEU,2023-10-22,58.26
GBR,2023-10-22,104.78
DEU,2023-10-23,123.56
GBR,2023-10-23,124.15
DEU,2023-10-24,118.17
GBR,2023-10-24,119.22
DEU,2023-10-25,123.73
GBR,2023-10-25,129.06
DEU,2023-10-26,124.28
GBR,2023-10-26,126.26
DEU,2023-10-27,118.76
GBR,2023-10-27,119.64
DEU,2023-10-28,77.22
GBR,2023-10-28,83.03
DEU,2023-10-29,26.95
GBR,2023-10-29,26.74
GBR,2023-10-29,53.41
DEU,2023-10-30,103.06
GBR,2023-10-30,110.2
DEU,2023-10-31,103.73
GBR,2023-10-31,122.82
DEU,2023-11-01,60.57
GBR,2023-11-01,87.98
DEU,2023-11-02,58.29
GBR,2023-11-02,77.72
DEU,2023-11-03,62.02
GBR,2023-11-03,80.75
DEU,2023-11-04,24.95
GBR,2023-11-04,108.06
DEU,2023-11-05,24.71
GBR,2023-11-05,107.07
DEU,2023-11-06,68.28
GBR,2023-11-06,107.65
DEU,2023-11-07,97.15
GBR,2023-11-07,101.62
DEU,2023-11-08,90.13
GBR,2023-11-08,102.56
DEU,2023-11-09,98.16
GBR,2023-11-09,110.93
DEU,2023-11-10,96.44
GBR,2023-11-10,111.66
DEU,2023-11-11,97.2
GBR,2023-11-11,107.09
DEU,2023-11-12,99.55
GBR,2023-11-12,109.56
DEU,2023-11-13,95.55
GBR,2023-11-13,94.96
DEU,2023-11-14,67.08
GBR,2023-11-14,95.38
DEU,2023-11-15,101.88
GBR,2023-11-15,98.0
DEU,2023-11-16,118.14
GBR,2023-11-16,132.12
DEU,2023-11-17,120.33
GBR,2023-11-17,127.2
DEU,2023-11-18,88.64
GBR,2023-11-18,95.32
DEU,2023-11-19,35.51
GBR,2023-11-19,75.17
DEU,2023-11-20,103.26
GBR,2023-11-20,108.9
DEU,2023-11-21,123.31
GBR,2023-11-21,119.89
DEU,2023-11-22,110.1
GBR,2023-11-22,109.0
DEU,2023-11-23,60.9
GBR,2023-11-23,86.7
DEU,2023-11-24,64.24
GBR,2023-11-24,97.73
DEU,2023-11-25,96.17
GBR,2023-11-25,123.15
DEU,2023-11-26,115.67
GBR,2023-11-26,126.8
DEU,2023-11-27,121.1
GBR,2023-11-27,123.59
DEU,2023-11-28,121.47
GBR,2023-11-28,129.65
DEU,2023-11-29,138.08
GBR,2023-11-29,143.3
DEU,2023-11-30,168.04
GBR,2023-11-30,163.26
DEU,2023-12-01,159.45
GBR,2023-12-01,164.68
DEU,2023-12-02,119.82
GBR,2023-12-02,129.35
DEU,2023-12-03,104.96
GBR,2023-12-03,116.51
DEU,2023-12-04,120.63
GBR,2023-12-04,117.39
DEU,2023-12-05,115.15
GBR,2023-12-05,118.7
DEU,2023-12-06,133.46
GBR,2023-12-06,130.08
DEU,2023-12-07,117.08
GBR,2023-12-07,101.73
DEU,2023-12-08,104.02
GBR,2023-12-08,103.44
DEU,2023-12-09,73.37
GBR,2023-12-09,90.27
DEU,2023-12-10,54.13
GBR,2023-12-10,78.56
DEU,2023-12-11,87.33
GBR,2023-12-11,99.63
DEU,2023-12-12,105.73
GBR,2023-12-12,98.2
DEU,2023-12-13,93.65
GBR,2023-12-13,95.07
DEU,2023-12-14,108.02
GBR,2023-12-14,96.91
DEU,2023-12-15,92.45
GBR,2023-12-15,90.22
DEU,2023-12-16,70.37
GBR,2023-12-16,73.81
DEU,2023-12-17,51.96
GBR,2023-12-17,56.55
DEU,2023-12-18,77.29
GBR,2023-12-18,80.1
DEU,2023-12-19,76.25
GBR,2023-12-19,77.33
DEU,2023-12-20,59.36
GBR,2023-12-20,66.27
DEU,2023-12-21,26.89
GBR,2023-12-21,49.7
DEU,2023-12-22,20.34
GBR,2023-12-22,43.44
DEU,2023-12-23,29.03
GBR,2023-12-23,29.73
DEU,2023-12-24,-5.08
GBR,2023-12-24,4.5
DEU,2023-12-25,-0.6
GBR,2023-12-25,28.67
DEU,2023-12-26,18.25
GBR,2023-12-26,62.06
DEU,2023-12-27,59.28
GBR,2023-12-27,63.32
DEU,2023-12-28,20.27
GBR,2023-12-28,38.13
DEU,2023-12-29,6.92
GBR,2023-12-29,47.09
DEU,2023-12-30,33.49
GBR,2023-12-30,72.49
DEU,2023-12-31,8.16
GBR,2023-12-31,71.84
DEU,2024-01-01,14.71
GBR,2024-01-01,56.15
DEU,2024-01-02,55.77
GBR,2024-01-02,64.83
DEU,2024-01-03,45.42
GBR,2024-01-03,81.08
DEU,2024-01-04,85.26
GBR,2024-01-04,93.16
DEU,2024-01-05,92.17
GBR,2024-01-05,96.25
DEU,2024-01-06,87.23
GBR,2024-01-06,95.63
DEU,2024-01-07,84.66
GBR,2024-01-07,97.12
DEU,2024-01-08,102.22
GBR,2024-01-08,103.33
DEU,2024-01-09,111.24
GBR,2024-01-09,104.39
DEU,2024-01-10,113.49
GBR,2024-01-10,107.77
DEU,2024-01-11,109.39
GBR,2024-01-11,104.79
DEU,2024-01-12,105.0
GBR,2024-01-12,102.9
DEU,2024-01-13,73.44
GBR,2024-01-13,89.44
DEU,2024-01-14,71.34
GBR,2024-01-14,86.44
DEU,2024-01-15,87.45
GBR,2024-01-15,90.9
DEU,2024-01-16,99.94
GBR,2024-01-16,97.81
DEU,2024-01-17,99.76
GBR,2024-01-17,100.75
DEU,2024-01-18,92.87
GBR,2024-01-18,87.56
DEU,2024-01-19,79.41
GBR,2024-01-19,82.12
DEU,2024-01-20,72.61
GBR,2024-01-20,76.92
DEU,2024-01-21,45.92
GBR,2024-01-21,66.57
DEU,2024-01-22,45.12
GBR,2024-01-22,63.72
DEU,2024-01-23,53.3
GBR,2024-01-23,68.11
DEU,2024-01-24,39.44
GBR,2024-01-24,61.44
DEU,2024-01-25,77.99
GBR,2024-01-25,78.79
DEU,2024-01-26,60.93
GBR,2024-01-26,70.59
DEU,2024-01-27,67.5
GBR,2024-01-27,71.93
DEU,2024-01-28,60.4
GBR,2024-01-28,62.79
DEU,2024-01-29,77.9
GBR,2024-01-29,84.26
DEU,2024-01-30,77.93
GBR,2024-01-30,81.68
DEU,2024-01-31,73.35
GBR,2024-01-31,73.65
DEU,2024-02-01,70.7
GBR,2024-02-01,76.46
DEU,2024-02-02,61.44
GBR,2024-02-02,67.99
DEU,2024-02-03,34.73
GBR,2024-02-03,50.65
DEU,2024-02-04,11.64
GBR,2024-02-04,36.7
DEU,2024-02-05,45.89
GBR,2024-02-05,61.61
DEU,2024-02-06,44.3
GBR,2024-02-06,67.38
DEU,2024-02-07,79.21
GBR,2024-02-07,88.22
DEU,2024-02-08,89.28
GBR,2024-02-08,80.81
DEU,2024-02-09,70.86
GBR,2024-02-09,70.56
DEU,2024-02-10,70.85
GBR,2024-02-10,80.79
DEU,2024-02-11,60.78
GBR,2024-02-11,79.98
DEU,2024-02-12,73.12
GBR,2024-02-12,76.42
DEU,2024-02-13,72.65
GBR,2024-02-13,75.97
DEU,2024-02-14,69.08
GBR,2024-02-14,75.7
DEU,2024-02-15,71.0
GBR,2024-02-15,72.72
DEU,2024-02-16,61.33
GBR,2024-02-16,72.18
DEU,2024-02-17,66.83
GBR,2024-02-17,70.34
DEU,2024-02-18,53.84
GBR,2024-02-18,66.42
DEU,2024-02-19,65.42
GBR,2024-02-19,67.09
DEU,2024-02-20,63.11
GBR,2024-02-20,66.99
DEU,2024-02-21,56.31
GBR,2024-02-21,60.79
DEU,2024-02-22,48.68
GBR,2024-02-22,62.49
DEU,2024-02-23,44.01
GBR,2024-02-23,67.31
DEU,2024-02-24,57.64
GBR,2024-02-24,70.32
DEU,2024-02-25,58.14
GBR,2024-02-25,71.02
DEU,2024-02-26,65.44
GBR,2024-02-26,68.95
DEU,2024-02-27,74.88
GBR,2024-02-27,71.63
DEU,2024-02-28,71.7
GBR,2024-02-28,69.55
DEU,2024-02-29,62.88
GBR,2024-02-29,68.98
DEU,2024-03-01,69.71
GBR,2024-03-01,73.84
DEU,2024-03-02,62.73
GBR,2024-03-02,75.05
DEU,2024-03-03,59.68
GBR,2024-03-03,78.32
DEU,2024-03-04,76.02
GBR,2024-03-04,77.92
DEU,2024-03-05,74.7
GBR,2024-03-05,76.07
DEU,2024-03-06,82.95
GBR,2024-03-06,82.55
DEU,2024-03-07,75.45
GBR,2024-03-07,79.75
DEU,2024-03-08,61.64
GBR,2024-03-08,71.5
DEU,2024-03-09,45.31
GBR,2024-03-09,58.63
DEU,2024-03-10,39.62
GBR,2024-03-10,63.97
DEU,2024-03-11,73.52
GBR,2024-03-11,81.63
DEU,2024-03-12,83.88
GBR,2024-03-12,77.33
DEU,2024-03-13,72.27
GBR,2024-03-13,68.93
DEU,2024-03-14,66.4
GBR,2024-03-14,70.08
DEU,2024-03-15,55.37
GBR,2024-03-15,68.7
DEU,2024-03-16,48.34
GBR,2024-03-16,75.41
DEU,2024-03-17,60.13
GBR,2024-03-17,72.09
DEU,2024-03-18,79.37
GBR,2024-03-18,79.03
DEU,2024-03-19,82.32
GBR,2024-03-19,80.96
DEU,2024-03-20,90.54
GBR,2024-03-20,89.82
DEU,2024-03-21,80.09
GBR,2024-03-21,77.78
DEU,2024-03-22,67.36
GBR,2024-03-22,60.86
DEU,2024-03-23,32.55
GBR,2024-03-23,12.3
DEU,2024-03-24,22.18
GBR,2024-03-24,45.43
DEU,2024-03-25,79.14
GBR,2024-03-25,83.24
DEU,2024-03-26,65.97
GBR,2024-03-26,82.79
DEU,2024-03-27,75.14
GBR,2024-03-27,72.78
DEU,2024-03-28,49.61
GBR,2024-03-28,70.19
DEU,2024-03-29,37.17
GBR,2024-03-29,70.93
DEU,2024-03-30,46.56
GBR,2024-03-30,80.42
DEU,2024-03-31,43.0
GBR,2024-03-31,75.85
DEU,2024-04-01,23.65
GBR,2024-04-01,72.55
GBR,2024-04-01,52.53
DEU,2024-04-02,38.7
GBR,2024-04-02,79.1
DEU,2024-04-03,81.57
GBR,2024-04-03,68.81
DEU,2024-04-04,64.11
GBR,2024-04-04,71.45
DEU,2024-04-05,47.3
GBR,2024-04-05,48.13
DEU,2024-04-06,25.12
GBR,2024-04-06,6.05
DEU,2024-04-07,24.1
GBR,2024-04-07,10.1
DEU,2024-04-08,81.2
GBR,2024-04-08,69.74
DEU,2024-04-09,53.49
GBR,2024-04-09,55.21
DEU,2024-04-10,70.95
GBR,2024-04-10,58.44
DEU,2024-04-11,62.8
GBR,2024-04-11,53.38
DEU,2024-04-12,59.25
GBR,2024-04-12,31.28
DEU,2024-04-13,16.36
GBR,2024-04-13,12.5
DEU,2024-04-14,16.66
GBR,2024-04-14,23.61
DEU,2024-04-15,58.23
GBR,2024-04-15,32.69
DEU,2024-04-16,63.66
GBR,2024-04-16,49.6
DEU,2024-04-17,106.92
GBR,2024-04-17,83.8
DEU,2024-04-18,94.62
GBR,2024-04-18,86.89
DEU,2024-04-19,56.99
GBR,2024-04-19,56.18
DEU,2024-04-20,58.79
GBR,2024-04-20,81.4
DEU,2024-04-21,56.08
GBR,2024-04-21,80.53
DEU,2024-04-22,99.07
GBR,2024-04-22,89.81
DEU,2024-04-23,96.26
GBR,2024-04-23,85.07
DEU,2024-04-24,92.16
GBR,2024-04-24,83.7
DEU,2024-04-25,91.65
GBR,2024-04-25,88.01
DEU,2024-04-26,88.48
GBR,2024-04-26,89.5
DEU,2024-04-27,58.56
GBR,2024-04-27,85.6
DEU,2024-04-28,19.37
GBR,2024-04-28,78.47
DEU,2024-04-29,83.52
GBR,2024-04-29,76.95
DEU,2024-04-30,69.16
GBR,2024-04-30,74.81
DEU,2024-05-01,3.47
GBR,2024-05-01,81.1
DEU,2024-05-02,42.69
GBR,2024-05-02,73.97
DEU,2024-05-03,75.26
GBR,2024-05-03,82.36
DEU,2024-05-04,73.22
GBR,2024-05-04,85.3
DEU,2024-05-05,51.49
GBR,2024-05-05,89.35
DEU,2024-05-06,92.98
GBR,2024-05-06,90.0
DEU,2024-05-07,93.85
GBR,2024-05-07,90.0
DEU,2024-05-08,92.9
GBR,2024-05-08,89.46
DEU,2024-05-09,62.03
GBR,2024-05-09,84.19
DEU,2024-05-10,75.15
GBR,2024-05-10,85.77
DEU,2024-05-11,55.37
GBR,2024-05-11,80.18
DEU,2024-05-12,14.59
GBR,2024-05-12,54.2
DEU,2024-05-13,53.24
GBR,2024-05-13,76.89
DEU,2024-05-14,28.6
GBR,2024-05-14,75.53
DEU,2024-05-15,41.25
GBR,2024-05-15,82.95
DEU,2024-05-16,49.14
GBR,2024-05-16,85.74
DEU,2024-05-17,67.92
GBR,2024-05-17,86.87
DEU,2024-05-18,56.07
GBR,2024-05-18,84.99
DEU,2024-05-19,49.29
GBR,2024-05-19,82.74
DEU,2024-05-20,56.21
GBR,2024-05-20,87.43
DEU,2024-05-21,77.27
GBR,2024-05-21,93.85
DEU,2024-05-22,86.9
GBR,2024-05-22,86.77
DEU,2024-05-23,97.98
GBR,2024-05-23,77.47
DEU,2024-05-24,102.61
GBR,2024-05-24,101.64
DEU,2024-05-25,73.93
GBR,2024-05-25,92.89
DEU,2024-05-26,58.36
GBR,2024-05-26,87.45
DEU,2024-05-27,104.02
GBR,2024-05-27,93.58
DEU,2024-05-28,91.3
GBR,2024-05-28,95.23
DEU,2024-05-29,82.31
GBR,2024-05-29,88.47
DEU,2024-05-30,92.65
GBR,2024-05-30,79.32
DEU,2024-05-31,91.33
GBR,2024-05-31,80.71
DEU,2024-06-01,54.71
GBR,2024-06-01,73.95
DEU,2024-06-02,26.79
GBR,2024-06-02,78.41
DEU,2024-06-03,103.46
GBR,2024-06-03,95.98
DEU,2024-06-04,106.14
GBR,2024-06-04,85.0
DEU,2024-06-05,84.2
GBR,2024-06-05,75.31
DEU,2024-06-06,90.57
GBR,2024-06-06,93.01
DEU,2024-06-07,83.39
GBR,2024-06-07,77.35
DEU,2024-06-08,43.85
GBR,2024-06-08,37.73
DEU,2024-06-09,27.6
GBR,2024-06-09,37.17
DEU,2024-06-10,89.16
GBR,2024-06-10,83.61
DEU,2024-06-11,63.54
GBR,2024-06-11,86.65
DEU,2024-06-12,89.3
GBR,2024-06-12,102.48
DEU,2024-06-13,94.44
GBR,2024-06-13,93.6
DEU,2024-06-14,79.64
GBR,2024-06-14,85.27
DEU,2024-06-15,9.01
GBR,2024-06-15,87.85
DEU,2024-06-16,27.02
GBR,2024-06-16,72.57
DEU,2024-06-17,95.31
GBR,2024-06-17,101.09
DEU,2024-06-18,98.79
GBR,2024-06-18,101.42
DEU,2024-06-19,82.79
GBR,2024-06-19,96.52
DEU,2024-06-20,94.8
GBR,2024-06-20,99.19
DEU,2024-06-21,94.47
GBR,2024-06-21,94.41
DEU,2024-06-22,52.1
GBR,2024-06-22,91.97
DEU,2024-06-23,52.08
GBR,2024-06-23,88.49
DEU,2024-06-24,91.94
GBR,2024-06-24,97.49
DEU,2024-06-25,82.39
GBR,2024-06-25,98.12
DEU,2024-06-26,94.65
GBR,2024-06-26,96.34
DEU,2024-06-27,95.91
GBR,2024-06-27,71.25
DEU,2024-06-28,64.37
GBR,2024-06-28,43.79
DEU,2024-06-29,65.18
GBR,2024-06-29,92.88
DEU,2024-06-30,48.73
GBR,2024-06-30,89.3
DEU,2024-07-01,91.86
GBR,2024-07-01,94.06
DEU,2024-07-02,85.79
GBR,2024-07-02,90.1
DEU,2024-07-03,88.58
GBR,2024-07-03,79.13
DEU,2024-07-04,31.8
GBR,2024-07-04,14.5
DEU,2024-07-05,43.75
GBR,2024-07-05,69.79
DEU,2024-07-06,3.64
GBR,2024-07-06,50.76
DEU,2024-07-07,32.02
GBR,2024-07-07,72.67
DEU,2024-07-08,94.13
GBR,2024-07-08,97.3
DEU,2024-07-09,74.65
GBR,2024-07-09,88.77
DEU,2024-07-10,81.78
GBR,2024-07-10,78.39
DEU,2024-07-11,90.94
GBR,2024-07-11,87.04
DEU,2024-07-12,87.8
GBR,2024-07-12,85.31
DEU,2024-07-13,30.81
GBR,2024-07-13,81.34
DEU,2024-07-14,22.81
GBR,2024-07-14,71.4
DEU,2024-07-15,78.3
GBR,2024-07-15,91.67
DEU,2024-07-16,50.56
GBR,2024-07-16,84.19
DEU,2024-07-17,75.51
GBR,2024-07-17,91.24
DEU,2024-07-18,92.49
GBR,2024-07-18,90.34
DEU,2024-07-19,85.7
GBR,2024-07-19,87.91
DEU,2024-07-20,58.86
GBR,2024-07-20,88.57
DEU,2024-07-21,53.99
GBR,2024-07-21,84.44
DEU,2024-07-22,83.45
GBR,2024-07-22,87.32
DEU,2024-07-23,80.88
GBR,2024-07-23,86.93
DEU,2024-07-24,66.28
GBR,2024-07-24,87.31
DEU,2024-07-25,81.0
GBR,2024-07-25,87.26
DEU,2024-07-26,91.67
GBR,2024-07-26,87.54
DEU,2024-07-27,80.4
GBR,2024-07-27,88.66
DEU,2024-07-28,42.47
GBR,2024-07-28,84.93
DEU,2024-07-29,76.79
GBR,2024-07-29,86.65
DEU,2024-07-30,81.04
GBR,2024-07-30,90.78
DEU,2024-07-31,80.78
GBR,2024-07-31,93.1
DEU,2024-08-01,95.22
GBR,2024-08-01,96.74
DEU,2024-08-02,95.26
GBR,2024-08-02,87.73
DEU,2024-08-03,74.29
GBR,2024-08-03,93.66
DEU,2024-08-04,60.77
GBR,2024-08-04,83.7
DEU,2024-08-05,96.63
GBR,2024-08-05,72.44
DEU,2024-08-06,88.11
GBR,2024-08-06,85.52
DEU,2024-08-07,92.04
GBR,2024-08-07,60.23
DEU,2024-08-08,92.89
GBR,2024-08-08,75.33
DEU,2024-08-09,52.08
GBR,2024-08-09,21.33
DEU,2024-08-10,49.24
GBR,2024-08-10,35.05
DEU,2024-08-11,54.31
GBR,2024-08-11,87.35
DEU,2024-08-12,88.47
GBR,2024-08-12,56.37
DEU,2024-08-13,97.89
GBR,2024-08-13,84.6
DEU,2024-08-14,111.9
GBR,2024-08-14,93.75
DEU,2024-08-15,85.46
GBR,2024-08-15,62.99
DEU,2024-08-16,104.72
GBR,2024-08-16,77.44
DEU,2024-08-17,94.01
GBR,2024-08-17,77.37
DEU,2024-08-18,82.47
GBR,2024-08-18,58.08
DEU,2024-08-19,109.26
GBR,2024-08-19,91.22
DEU,2024-08-20,89.47
GBR,2024-08-20,65.88
DEU,2024-08-21,53.21
GBR,2024-08-21,39.07
DEU,2024-08-22,61.82
GBR,2024-08-22,34.14
DEU,2024-08-23,44.63
GBR,2024-08-23,38.28
DEU,2024-08-24,39.2
GBR,2024-08-24,69.12
DEU,2024-08-25,32.79
GBR,2024-08-25,18.1
DEU,2024-08-26,100.02
GBR,2024-08-26,66.65
DEU,2024-08-27,95.28
GBR,2024-08-27,69.72
DEU,2024-08-28,95.48
GBR,2024-08-28,99.23
DEU,2024-08-29,112.47
GBR,2024-08-29,101.11
DEU,2024-08-30,110.03
GBR,2024-08-30,106.67
DEU,2024-08-31,75.26
GBR,2024-08-31,84.54
DEU,2024-09-01,58.1
GBR,2024-09-01,64.2
DEU,2024-09-02,111.31
GBR,2024-09-02,107.92
DEU,2024-09-03,144.09
GBR,2024-09-03,111.89
DEU,2024-09-04,126.37
GBR,2024-09-04,109.44
DEU,2024-09-05,63.21
GBR,2024-09-05,93.76
DEU,2024-09-06,80.29
GBR,2024-09-06,90.22
DEU,2024-09-07,79.41
GBR,2024-09-07,99.98
DEU,2024-09-08,71.13
GBR,2024-09-08,96.88
DEU,2024-09-09,103.63
GBR,2024-09-09,95.15
DEU,2024-09-10,57.12
GBR,2024-09-10,40.33
DEU,2024-09-11,87.77
GBR,2024-09-11,69.7
DEU,2024-09-12,113.95
GBR,2024-09-12,94.96
DEU,2024-09-13,87.32
GBR,2024-09-13,99.51
DEU,2024-09-14,57.11
GBR,2024-09-14,72.95
DEU,2024-09-15,62.79
GBR,2024-09-15,90.63
DEU,2024-09-16,101.14
GBR,2024-09-16,100.33
DEU,2024-09-17,88.11
GBR,2024-09-17,95.8
DEU,2024-09-18,77.76
GBR,2024-09-18,93.09
DEU,2024-09-19,76.9
GBR,2024-09-19,95.4
DEU,2024-09-20,74.6
GBR,2024-09-20,95.63
DEU,2024-09-21,69.17
GBR,2024-09-21,92.07
DEU,2024-09-22,72.96
GBR,2024-09-22,96.44
DEU,2024-09-23,114.98
GBR,2024-09-23,107.1
DEU,2024-09-24,91.65
GBR,2024-09-24,97.1
DEU,2024-09-25,79.51
GBR,2024-09-25,103.98
DEU,2024-09-26,53.09
GBR,2024-09-26,87.13
DEU,2024-09-27,16.16
GBR,2024-09-27,66.67
DEU,2024-09-28,37.67
GBR,2024-09-28,96.29
DEU,2024-09-29,57.81
GBR,2024-09-29,96.99
DEU,2024-09-30,41.48
GBR,2024-09-30,84.15
DEU,2024-10-01,74.56
GBR,2024-10-01,86.4
DEU,2024-10-02,96.37
GBR,2024-10-02,98.41
DEU,2024-10-03,77.39
GBR,2024-10-03,106.15
DEU,2024-10-04,98.14
GBR,2024-10-04,99.85
DEU,2024-10-05,86.49
GBR,2024-10-05,88.6
DEU,2024-10-06,55.3
GBR,2024-10-06,85.46
DEU,2024-10-07,86.44
GBR,2024-10-07,109.54
DEU,2024-10-08,91.93
GBR,2024-10-08,105.44
DEU,2024-10-09,81.57
GBR,2024-10-09,93.79
DEU,2024-10-10,60.89
GBR,2024-10-10,89.22
DEU,2024-10-11,92.59
GBR,2024-10-11,104.81
DEU,2024-10-12,53.93
GBR,2024-10-12,91.57
DEU,2024-10-13,14.41
GBR,2024-10-13,82.78
DEU,2024-10-14,84.51
GBR,2024-10-14,124.31
DEU,2024-10-15,91.52
GBR,2024-10-15,100.27
DEU,2024-10-16,36.02
GBR,2024-10-16,83.11
DEU,2024-10-17,77.29
GBR,2024-10-17,108.21
DEU,2024-10-18,103.78
GBR,2024-10-18,103.53
DEU,2024-10-19,80.61
GBR,2024-10-19,103.95
DEU,2024-10-20,32.89
GBR,2024-10-20,40.14
DEU,2024-10-21,54.75
GBR,2024-10-21,74.33
DEU,2024-10-22,100.71
GBR,2024-10-22,107.13
DEU,2024-10-23,113.14
GBR,2024-10-23,109.17
DEU,2024-10-24,101.22
GBR,2024-10-24,99.95
DEU,2024-10-25,113.59
GBR,2024-10-25,127.35
DEU,2024-10-26,96.69
GBR,2024-10-26,111.99
DEU,2024-10-27,83.23
GBR,2024-10-27,109.02
GBR,2024-10-27,90.91
DEU,2024-10-28,95.32
GBR,2024-10-28,114.73
DEU,2024-10-29,136.15
GBR,2024-10-29,126.2
DEU,2024-10-30,129.7
GBR,2024-10-30,124.31
DEU,2024-10-31,102.32
GBR,2024-10-31,109.48
DEU,2024-11-01,69.38
GBR,2024-11-01,109.9
DEU,2024-11-02,105.0
GBR,2024-11-02,109.38
DEU,2024-11-03,90.92
GBR,2024-11-03,107.45
DEU,2024-11-04,130.58
GBR,2024-11-04,125.77
DEU,2024-11-05,155.96
GBR,2024-11-05,137.07
DEU,2024-11-06,225.5
GBR,2024-11-06,148.65
DEU,2024-11-07,168.2
GBR,2024-11-07,117.97
DEU,2024-11-08,114.03
GBR,2024-11-08,116.34
DEU,2024-11-09,113.96
GBR,2024-11-09,122.58
DEU,2024-11-10,111.44
GBR,2024-11-10,117.11
DEU,2024-11-11,118.31
GBR,2024-11-11,113.96
DEU,2024-11-12,166.93
GBR,2024-11-12,130.83
DEU,2024-11-13,152.93
GBR,2024-11-13,135.41
DEU,2024-11-14,123.99
GBR,2024-11-14,127.67
DEU,2024-11-15,124.85
GBR,2024-11-15,119.47
DEU,2024-11-16,90.15
GBR,2024-11-16,107.85
DEU,2024-11-17,50.8
GBR,2024-11-17,99.8
DEU,2024-11-18,99.45
GBR,2024-11-18,130.19
DEU,2024-11-19,123.19
GBR,2024-11-19,122.33
DEU,2024-11-20,114.72
GBR,2024-11-20,118.17
DEU,2024-11-21,123.11
GBR,2024-11-21,124.64
DEU,2024-11-22,110.36
GBR,2024-11-22,126.65
DEU,2024-11-23,73.7
GBR,2024-11-23,104.53
DEU,2024-11-24,7.98
GBR,2024-11-24,33.9
DEU,2024-11-25,35.22
GBR,2024-11-25,81.0
DEU,2024-11-26,113.78
GBR,2024-11-26,133.85
DEU,2024-11-27,118.45
GBR,2024-11-27,129.09
DEU,2024-11-28,72.35
GBR,2024-11-28,127.22
DEU,2024-11-29,137.67
GBR,2024-11-29,119.88
DEU,2024-11-30,105.53
GBR,2024-11-30,113.37
DEU,2024-12-01,94.69
GBR,2024-12-01,108.61
DEU,2024-12-02,109.23
GBR,2024-12-02,110.5
DEU,2024-12-03,141.67
GBR,2024-12-03,139.56
DEU,2024-12-04,183.39
GBR,2024-12-04,150.15
DEU,2024-12-05,102.47
GBR,2024-12-05,109.05
DEU,2024-12-06,89.76
GBR,2024-12-06,97.18
DEU,2024-12-07,73.09
GBR,2024-12-07,78.21
DEU,2024-12-08,91.32
GBR,2024-12-08,83.8
DEU,2024-12-09,96.97
GBR,2024-12-09,113.83
DEU,2024-12-10,147.33
GBR,2024-12-10,136.88
DEU,2024-12-11,251.83
GBR,2024-12-11,211.22
DEU,2024-12-12,357.85
GBR,2024-12-12,256.93
DEU,2024-12-13,186.65
GBR,2024-12-13,188.91
DEU,2024-12-14,98.48
GBR,2024-12-14,111.24
DEU,2024-12-15,49.82
GBR,2024-12-15,66.67
DEU,2024-12-16,56.34
GBR,2024-12-16,80.69
DEU,2024-12-17,91.23
GBR,2024-12-17,98.98
DEU,2024-12-18,53.94
GBR,2024-12-18,73.16
DEU,2024-12-19,51.25
GBR,2024-12-19,77.97
DEU,2024-12-20,73.56
GBR,2024-12-20,89.6
DEU,2024-12-21,23.41
GBR,2024-12-21,30.77
DEU,2024-12-22,21.42
GBR,2024-12-22,25.76
DEU,2024-12-23,60.81
GBR,2024-12-23,91.54
DEU,2024-12-24,100.91
GBR,2024-12-24,101.25
DEU,2024-12-25,93.38
GBR,2024-12-25,104.19
DEU,2024-12-26,108.23
GBR,2024-12-26,121.16
DEU,2024-12-27,114.95
GBR,2024-12-27,128.33
DEU,2024-12-28,121.17
GBR,2024-12-28,122.7
DEU,2024-12-29,94.77
GBR,2024-12-29,107.89
DEU,2024-12-30,77.54
GBR,2024-12-30,106.83
DEU,2024-12-31,57.57
GBR,2024-12-31,63.24
DEU,2025-01-01,-0.1
GBR,2025-01-01,61.06
DEU,2025-01-02,98.52
GBR,2025-01-02,126.73
DEU,2025-01-03,93.82
GBR,2025-01-03,129.81
DEU,2025-01-04,122.81
GBR,2025-01-04,133.6
DEU,2025-01-05,69.9
GBR,2025-01-05,117.78
DEU,2025-01-06,30.6
GBR,2025-01-06,105.64
DEU,2025-01-07,60.39
GBR,2025-01-07,111.4
DEU,2025-01-08,106.09
GBR,2025-01-08,201.01
DEU,2025-01-09,122.79
GBR,2025-01-09,124.52
DEU,2025-01-10,113.14
GBR,2025-01-10,263.73
DEU,2025-01-11,103.33
GBR,2025-01-11,128.35
DEU,2025-01-12,112.41
GBR,2025-01-12,124.12
DEU,2025-01-13,127.36
GBR,2025-01-13,122.59
DEU,2025-01-14,126.59
GBR,2025-01-14,133.54
DEU,2025-01-15,227.2
GBR,2025-01-15,151.81
DEU,2025-01-16,152.52
GBR,2025-01-16,133.0
DEU,2025-01-17,147.53
GBR,2025-01-17,127.8
DEU,2025-01-18,134.06
GBR,2025-01-18,128.44
DEU,2025-01-19,128.05
GBR,2025-01-19,138.41
DEU,2025-01-20,203.22
GBR,2025-01-20,229.12
DEU,2025-01-21,169.67
GBR,2025-01-21,188.69
DEU,2025-01-22,143.88
GBR,2025-01-22,303.93
DEU,2025-01-23,105.05
GBR,2025-01-23,126.46
DEU,2025-01-24,80.45
GBR,2025-01-24,109.69
DEU,2025-01-25,103.88
GBR,2025-01-25,111.94
DEU,2025-01-26,98.93
GBR,2025-01-26,111.96
DEU,2025-01-27,67.47
GBR,2025-01-27,112.09
DEU,2025-01-28,106.41
GBR,2025-01-28,121.33
DEU,2025-01-29,107.33
GBR,2025-01-29,117.17
DEU,2025-01-30,135.79
GBR,2025-01-30,137.17
DEU,2025-01-31,140.86
GBR,2025-01-31,147.2
DEU,2025-02-01,134.12
GBR,2025-02-01,134.83
DEU,2025-02-02,134.08
GBR,2025-02-02,137.68
DEU,2025-02-03,168.06
GBR,2025-02-03,141.99
DEU,2025-02-04,142.77
GBR,2025-02-04,130.59
DEU,2025-02-05,142.76
GBR,2025-02-05,141.83
DEU,2025-02-06,150.2
GBR,2025-02-06,144.0
DEU,2025-02-07,117.41
GBR,2025-02-07,135.2
DEU,2025-02-08,111.62
GBR,2025-02-08,141.63
DEU,2025-02-09,127.39
GBR,2025-02-09,140.57
DEU,2025-02-10,125.19
GBR,2025-02-10,141.38
DEU,2025-02-11,122.49
GBR,2025-02-11,149.1
DEU,2025-02-12,153.9
GBR,2025-02-12,152.3
DEU,2025-02-13,168.06
GBR,2025-02-13,156.68
DEU,2025-02-14,185.01
GBR,2025-02-14,153.99
DEU,2025-02-15,135.81
GBR,2025-02-15,134.77
DEU,2025-02-16,127.89
GBR,2025-02-16,129.41
DEU,2025-02-17,156.41
GBR,2025-02-17,141.31
DEU,2025-02-18,133.22
GBR,2025-02-18,129.38
DEU,2025-02-19,110.83
GBR,2025-02-19,119.71
DEU,2025-02-20,98.78
GBR,2025-02-20,104.92
DEU,2025-02-21,90.07
GBR,2025-02-21,77.63
DEU,2025-02-22,71.86
GBR,2025-02-22,95.58
DEU,2025-02-23,85.55
GBR,2025-02-23,68.18
DEU,2025-02-24,91.09
GBR,2025-02-24,87.7
DEU,2025-02-25,141.17
GBR,2025-02-25,117.8
DEU,2025-02-26,137.67
GBR,2025-02-26,124.08
DEU,2025-02-27,127.59
GBR,2025-02-27,117.01
DEU,2025-02-28,130.88
GBR,2025-02-28,121.9
DEU,2025-03-01,120.61
GBR,2025-03-01,118.86
DEU,2025-03-02,91.19
GBR,2025-03-02,110.71
DEU,2025-03-03,105.27
GBR,2025-03-03,121.55
DEU,2025-03-04,107.94
GBR,2025-03-04,115.65
DEU,2025-03-05,80.95
GBR,2025-03-05,97.07
DEU,2025-03-06,90.96
GBR,2025-03-06,98.29
DEU,2025-03-07,104.53
GBR,2025-03-07,110.93
DEU,2025-03-08,85.3
GBR,2025-03-08,98.42
DEU,2025-03-09,74.04
GBR,2025-03-09,107.57
DEU,2025-03-10,115.3
GBR,2025-03-10,104.47
DEU,2025-03-11,124.4
GBR,2025-03-11,110.34
DEU,2025-03-12,126.1
GBR,2025-03-12,113.22
DEU,2025-03-13,124.47
GBR,2025-03-13,124.11
DEU,2025-03-14,121.69
GBR,2025-03-14,123.05
DEU,2025-03-15,93.07
GBR,2025-03-15,111.55
DEU,2025-03-16,75.46
GBR,2025-03-16,112.78
DEU,2025-03-17,100.53
GBR,2025-03-17,116.96
DEU,2025-03-18,91.12
GBR,2025-03-18,111.53
DEU,2025-03-19,104.41
GBR,2025-03-19,119.57
DEU,2025-03-20,107.71
GBR,2025-03-20,116.75
DEU,2025-03-21,64.99
GBR,2025-03-21,75.68
DEU,2025-03-22,13.89
GBR,2025-03-22,89.76
DEU,2025-03-23,58.72
GBR,2025-03-23,115.54
DEU,2025-03-24,124.93
GBR,2025-03-24,118.07
DEU,2025-03-25,110.38
GBR,2025-03-25,115.23
DEU,2025-03-26,114.3
GBR,2025-03-26,112.05
DEU,2025-03-27,99.09
GBR,2025-03-27,105.69
DEU,2025-03-28,87.61
GBR,2025-03-28,84.71
DEU,2025-03-29,80.88
GBR,2025-03-29,81.17
DEU,2025-03-30,15.43
GBR,2025-03-30,39.79
DEU,2025-03-31,100.53
GBR,2025-03-31,99.89
GBR,2025-03-31,115.58
DEU,2025-04-01,93.21
GBR,2025-04-01,107.32
DEU,2025-04-02,63.09
GBR,2025-04-02,89.42
DEU,2025-04-03,80.44
GBR,2025-04-03,83.7
DEU,2025-04-04,88.19
GBR,2025-04-04,89.36
DEU,2025-04-05,45.95
GBR,2025-04-05,65.59
DEU,2025-04-06,42.67
GBR,2025-04-06,78.48
DEU,2025-04-07,96.1
GBR,2025-04-07,104.83
DEU,2025-04-08,101.76
GBR,2025-04-08,99.34
DEU,2025-04-09,90.44
GBR,2025-04-09,98.88
DEU,2025-04-10,81.68
GBR,2025-04-10,96.19
DEU,2025-04-11,66.16
GBR,2025-04-11,94.99
DEU,2025-04-12,60.89
GBR,2025-04-12,88.28
DEU,2025-04-13,43.7
GBR,2025-04-13,81.26
DEU,2025-04-14,99.03
GBR,2025-04-14,93.52
DEU,2025-04-15,70.39
GBR,2025-04-15,97.44
DEU,2025-04-16,88.83
GBR,2025-04-16,77.09
DEU,2025-04-17,96.63
GBR,2025-04-17,98.63
DEU,2025-04-18,86.16
GBR,2025-04-18,93.01
DEU,2025-04-19,70.62
GBR,2025-04-19,82.16
DEU,2025-04-20,57.02
GBR,2025-04-20,97.67
DEU,2025-04-21,68.03
GBR,2025-04-21,101.39
DEU,2025-04-22,107.04
GBR,2025-04-22,103.67
DEU,2025-04-23,110.2
GBR,2025-04-23,102.59
DEU,2025-04-24,98.95
GBR,2025-04-24,97.99
DEU,2025-04-25,90.74
GBR,2025-04-25,95.33
DEU,2025-04-26,56.74
GBR,2025-04-26,93.47
DEU,2025-04-27,37.76
GBR,2025-04-27,61.17
DEU,2025-04-28,79.95
GBR,2025-04-28,92.46
DEU,2025-04-29,74.81
GBR,2025-04-29,93.4
DEU,2025-04-30,74.78
GBR,2025-04-30,93.36
DEU,2025-05-01,44.82
GBR,2025-05-01,90.86
DEU,2025-05-02,62.29
GBR,2025-05-02,89.52
DEU,2025-05-03,51.28
GBR,2025-05-03,60.64
DEU,2025-05-04,36.52
GBR,2025-05-04,44.35
DEU,2025-05-05,87.6
GBR,2025-05-05,91.84
DEU,2025-05-06,88.72
GBR,2025-05-06,97.29
DEU,2025-05-07,97.91
GBR,2025-05-07,100.09
DEU,2025-05-08,101.19
GBR,2025-05-08,100.72
DEU,2025-05-09,84.69
GBR,2025-05-09,99.63
DEU,2025-05-10,52.7
GBR,2025-05-10,80.35
DEU,2025-05-11,16.32
GBR,2025-05-11,61.49
DEU,2025-05-12,63.5
GBR,2025-05-12,93.29
DEU,2025-05-13,81.24
GBR,2025-05-13,97.12
DEU,2025-05-14,68.06
GBR,2025-05-14,93.25
DEU,2025-05-15,66.66
GBR,2025-05-15,95.24
DEU,2025-05-16,73.28
GBR,2025-05-16,88.41
DEU,2025-05-17,57.59
GBR,2025-05-17,86.08
DEU,2025-05-18,58.04
GBR,2025-05-18,91.4
DEU,2025-05-19,95.12
GBR,2025-05-19,101.59
DEU,2025-05-20,91.35
GBR,2025-05-20,101.57
DEU,2025-05-21,70.11
GBR,2025-05-21,101.39
DEU,2025-05-22,62.47
GBR,2025-05-22,102.17
DEU,2025-05-23,80.64
GBR,2025-05-23,104.71
DEU,2025-05-24,56.78
GBR,2025-05-24,73.47
DEU,2025-05-25,28.97
GBR,2025-05-25,1.98
DEU,2025-05-26,73.29
GBR,2025-05-26,31.34
DEU,2025-05-27,64.57
GBR,2025-05-27,73.74
DEU,2025-05-28,78.7
GBR,2025-05-28,95.11
DEU,2025-05-29,52.6
GBR,2025-05-29,56.28
DEU,2025-05-30,52.54
GBR,2025-05-30,72.24
DEU,2025-05-31,69.39
GBR,2025-05-31,68.3
DEU,2025-06-01,40.86
GBR,2025-06-01,29.76
DEU,2025-06-02,89.86
GBR,2025-06-02,79.35
DEU,2025-06-03,70.81
GBR,2025-06-03,33.03
DEU,2025-06-04,85.29
GBR,2025-06-04,68.0
DEU,2025-06-05,77.85
GBR,2025-06-05,88.32
DEU,2025-06-06,50.3
GBR,2025-06-06,88.51
DEU,2025-06-07,58.42
GBR,2025-06-07,99.19
DEU,2025-06-08,6.87
GBR,2025-06-08,55.46
DEU,2025-06-09,34.6
GBR,2025-06-09,97.72
DEU,2025-06-10,62.53
GBR,2025-06-10,94.98
DEU,2025-06-11,72.9
GBR,2025-06-11,94.71
DEU,2025-06-12,59.29
GBR,2025-06-12,58.8
DEU,2025-06-13,52.6
GBR,2025-06-13,97.67
DEU,2025-06-14,44.64
GBR,2025-06-14,81.73
DEU,2025-06-15,61.32
GBR,2025-06-15,73.39
DEU,2025-06-16,82.76
GBR,2025-06-16,102.45
DEU,2025-06-17,88.33
GBR,2025-06-17,96.56
DEU,2025-06-18,78.93
GBR,2025-06-18,104.58
DEU,2025-06-19,56.1
GBR,2025-06-19,107.45
DEU,2025-06-20,85.63
GBR,2025-06-20,106.52
DEU,2025-06-21,70.48
GBR,2025-06-21,91.76
DEU,2025-06-22,40.69
GBR,2025-06-22,51.63
DEU,2025-06-23,43.98
GBR,2025-06-23,25.67
DEU,2025-06-24,46.27
GBR,2025-06-24,53.63
DEU,2025-06-25,83.2
GBR,2025-06-25,104.04
DEU,2025-06-26,89.92
GBR,2025-06-26,85.64
DEU,2025-06-27,79.85
GBR,2025-06-27,73.73
DEU,2025-06-28,51.92
GBR,2025-06-28,46.14
DEU,2025-06-29,55.55
GBR,2025-06-29,87.74
DEU,2025-06-30,102.48
GBR,2025-06-30,93.05
DEU,2025-07-01,127.43
GBR,2025-07-01,112.42
DEU,2025-07-02,103.28
GBR,2025-07-02,100.8
DEU,2025-07-03,88.33
GBR,2025-07-03,87.91
DEU,2025-07-04,81.93
GBR,2025-07-04,68.78
DEU,2025-07-05,54.2
GBR,2025-07-05,40.28
DEU,2025-07-06,71.18
GBR,2025-07-06,84.55
DEU,2025-07-07,92.9
GBR,2025-07-07,74.12
DEU,2025-07-08,90.6
GBR,2025-07-08,86.81
DEU,2025-07-09,93.3
GBR,2025-07-09,97.05
DEU,2025-07-10,92.63
GBR,2025-07-10,97.36
DEU,2025-07-11,88.05
GBR,2025-07-11,97.12
DEU,2025-07-12,69.79
GBR,2025-07-12,91.92
DEU,2025-07-13,71.84
GBR,2025-07-13,96.62
DEU,2025-07-14,101.81
GBR,2025-07-14,90.31
DEU,2025-07-15,90.77
GBR,2025-07-15,91.15
DEU,2025-07-16,96.35
GBR,2025-07-16,97.68
DEU,2025-07-17,94.15
GBR,2025-07-17,100.64
DEU,2025-07-18,103.23
GBR,2025-07-18,103.01
DEU,2025-07-19,71.19
GBR,2025-07-19,95.25
DEU,2025-07-20,72.46
GBR,2025-07-20,91.25
DEU,2025-07-21,101.31
GBR,2025-07-21,97.89
DEU,2025-07-22,78.68
GBR,2025-07-22,93.72
DEU,2025-07-23,79.5
GBR,2025-07-23,95.24
DEU,2025-07-24,103.33
GBR,2025-07-24,95.2
DEU,2025-07-25,97.45
GBR,2025-07-25,92.05
DEU,2025-07-26,89.92
GBR,2025-07-26,90.26
DEU,2025-07-27,78.6
GBR,2025-07-27,88.32
DEU,2025-07-28,88.73
GBR,2025-07-28,93.47
DEU,2025-07-29,77.77
GBR,2025-07-29,96.28
DEU,2025-07-30,77.62
GBR,2025-07-30,97.38
DEU,2025-07-31,85.79
GBR,2025-07-31,95.64
DEU,2025-08-01,93.29
GBR,2025-08-01,88.06
DEU,2025-08-02,68.28
GBR,2025-08-02,89.51
DEU,2025-08-03,49.49
GBR,2025-08-03,62.85
DEU,2025-08-04,68.72
GBR,2025-08-04,53.26
DEU,2025-08-05,41.59
GBR,2025-08-05,20.52
DEU,2025-08-06,63.72
GBR,2025-08-06,80.26
DEU,2025-08-07,72.68
GBR,2025-08-07,62.17
DEU,2025-08-08,77.67
GBR,2025-08-08,68.4
DEU,2025-08-09,60.75
GBR,2025-08-09,44.04
DEU,2025-08-10,45.32
GBR,2025-08-10,89.45
DEU,2025-08-11,84.23
GBR,2025-08-11,98.36
DEU,2025-08-12,86.63
GBR,2025-08-12,99.01
DEU,2025-08-13,97.13
GBR,2025-08-13,105.02
DEU,2025-08-14,107.52
GBR,2025-08-14,102.24
DEU,2025-08-15,73.73
GBR,2025-08-15,92.59
DEU,2025-08-16,60.5
GBR,2025-08-16,89.77
DEU,2025-08-17,63.46
GBR,2025-08-17,88.37
DEU,2025-08-18,95.12
GBR,2025-08-18,98.49
DEU,2025-08-19,83.07
GBR,2025-08-19,90.85
DEU,2025-08-20,90.27
GBR,2025-08-20,90.7
DEU,2025-08-21,90.96
GBR,2025-08-21,92.57
DEU,2025-08-22,75.0
GBR,2025-08-22,95.18
DEU,2025-08-23,66.95
GBR,2025-08-23,98.19
DEU,2025-08-24,61.93
GBR,2025-08-24,96.95
DEU,2025-08-25,89.14
GBR,2025-08-25,86.09
DEU,2025-08-26,97.74
GBR,2025-08-26,95.74
DEU,2025-08-27,105.13
GBR,2025-08-27,97.22
DEU,2025-08-28,117.64
GBR,2025-08-28,95.8
DEU,2025-08-29,95.61
GBR,2025-08-29,95.46
DEU,2025-08-30,70.01
GBR,2025-08-30,72.15
DEU,2025-08-31,58.64
GBR,2025-08-31,18.87
DEU,2025-09-01,98.57
GBR,2025-09-01,56.59
DEU,2025-09-02,118.31
GBR,2025-09-02,95.0
DEU,2025-09-03,61.36
GBR,2025-09-03,88.12
DEU,2025-09-04,95.24
GBR,2025-09-04,89.67
DEU,2025-09-05,103.98
GBR,2025-09-05,96.72
DEU,2025-09-06,76.62
GBR,2025-09-06,69.0
DEU,2025-09-07,45.76
GBR,2025-09-07,22.52
DEU,2025-09-08,120.76
GBR,2025-09-08,99.98
DEU,2025-09-09,140.29
GBR,2025-09-09,98.23
DEU,2025-09-10,129.21
GBR,2025-09-10,84.28
DEU,2025-09-11,69.51
GBR,2025-09-11,49.92
DEU,2025-09-12,59.71
GBR,2025-09-12,42.25
DEU,2025-09-13,62.04
GBR,2025-09-13,52.63
DEU,2025-09-14,61.31
GBR,2025-09-14,71.52
DEU,2025-09-15,13.2
GBR,2025-09-15,13.14
DEU,2025-09-16,23.35
GBR,2025-09-16,38.11
DEU,2025-09-17,73.76
GBR,2025-09-17,83.9
DEU,2025-09-18,68.68
GBR,2025-09-18,56.88
DEU,2025-09-19,93.33
GBR,2025-09-19,89.03
DEU,2025-09-20,55.37
GBR,2025-09-20,88.14
DEU,2025-09-21,43.58
GBR,2025-09-21,42.53
DEU,2025-09-22,105.01
GBR,2025-09-22,94.27
DEU,2025-09-23,105.88
GBR,2025-09-23,104.18
DEU,2025-09-24,80.7
GBR,2025-09-24,97.07
DEU,2025-09-25,79.02
GBR,2025-09-25,92.95
DEU,2025-09-26,95.96
GBR,2025-09-26,94.47
DEU,2025-09-27,93.83
GBR,2025-09-27,92.58
DEU,2025-09-28,85.06
GBR,2025-09-28,99.45
DEU,2025-09-29,132.68
GBR,2025-09-29,107.56
DEU,2025-09-30,136.28
GBR,2025-09-30,96.8
DEU,2025-10-01,131.03
GBR,2025-10-01,91.83
DEU,2025-10-02,102.11
GBR,2025-10-02,86.38
DEU,2025-10-03,58.67
GBR,2025-10-03,56.98
DEU,2025-10-04,-1.35
GBR,2025-10-04,0.18
DEU,2025-10-05,1.83
GBR,2025-10-05,16.05
DEU,2025-10-06,85.24
GBR,2025-10-06,80.73
DEU,2025-10-07,138.61
GBR,2025-10-07,102.52
DEU,2025-10-08,123.37
GBR,2025-10-08,104.76
DEU,2025-10-09,104.56
GBR,2025-10-09,99.62
DEU,2025-10-10,95.93
GBR,2025-10-10,99.21
DEU,2025-10-11,90.39
GBR,2025-10-11,98.67
DEU,2025-10-12,89.07
GBR,2025-10-12,97.93
DEU,2025-10-13,143.76
GBR,2025-10-13,120.82
DEU,2025-10-14,148.44
GBR,2025-10-14,112.08
DEU,2025-10-15,143.1
GBR,2025-10-15,122.01
DEU,2025-10-16,102.76
GBR,2025-10-16,104.31
DEU,2025-10-17,106.7
GBR,2025-10-17,103.11
DEU,2025-10-18,97.13
GBR,2025-10-18,95.69
DEU,2025-10-19,70.66
GBR,2025-10-19,66.35
DEU,2025-10-20,79.35
GBR,2025-10-20,91.75
DEU,2025-10-21,69.11
GBR,2025-10-21,90.2
DEU,2025-10-22,125.76
GBR,2025-10-22,100.14
DEU,2025-10-23,72.88
GBR,2025-10-23,87.55
DEU,2025-10-24,29.24
GBR,2025-10-24,52.69
DEU,2025-10-25,14.11
GBR,2025-10-25,17.46
DEU,2025-10-26,7.05
GBR,2025-10-26,33.13
GBR,2025-10-26,4.24
DEU,2025-10-27,68.35
GBR,2025-10-27,71.39
DEU,2025-10-28,66.54
GBR,2025-10-28,69.39
DEU,2025-10-29,89.45
GBR,2025-10-29,87.63
DEU,2025-10-30,73.79
GBR,2025-10-30,82.69
DEU,2025-10-31,91.47
GBR,2025-10-31,57.61
DEU,2025-11-01,52.24
GBR,2025-11-01,46.96
DEU,2025-11-02,86.17
GBR,2025-11-02,66.08
DEU,2025-11-03,77.85
GBR,2025-11-03,61.06
DEU,2025-11-04,79.2
GBR,2025-11-04,70.02
DEU,2025-11-05,95.87
GBR,2025-11-05,88.88
DEU,2025-11-06,107.43
GBR,2025-11-06,98.19
DEU,2025-11-07,113.14
GBR,2025-11-07,95.77
DEU,2025-11-08,106.06
GBR,2025-11-08,94.85
DEU,2025-11-09,100.79
GBR,2025-11-09,91.47
DEU,2025-11-10,125.69
GBR,2025-11-10,89.88
DEU,2025-11-11,96.63
GBR,2025-11-11,85.33
DEU,2025-11-12,77.46
GBR,2025-11-12,77.69
DEU,2025-11-13,73.05
GBR,2025-11-13,72.53
DEU,2025-11-14,103.97
GBR,2025-11-14,78.45
DEU,2025-11-15,89.01
GBR,2025-11-15,77.65
DEU,2025-11-16,99.51
GBR,2025-11-16,90.22
DEU,2025-11-17,96.7
GBR,2025-11-17,90.52
DEU,2025-11-18,103.03
GBR,2025-11-18,101.29
DEU,2025-11-19,102.18
GBR,2025-11-19,94.87
DEU,2025-11-20,122.43
GBR,2025-11-20,102.64
DEU,2025-11-21,144.25
GBR,2025-11-21,123.64
DEU,2025-11-22,92.5
GBR,2025-11-22,96.25
DEU,2025-11-23,74.83
GBR,2025-11-23,85.8
DEU,2025-11-24,126.89
GBR,2025-11-24,99.08
DEU,2025-11-25,213.9
GBR,2025-11-25,123.2
DEU,2025-11-26,175.53
GBR,2025-11-26,113.01
DEU,2025-11-27,90.69
GBR,2025-11-27,81.96
DEU,2025-11-28,86.49
GBR,2025-11-28,77.29
DEU,2025-11-29,90.0
GBR,2025-11-29,90.89
DEU,2025-11-30,86.1
GBR,2025-11-30,82.86
DEU,2025-12-01,95.14
GBR,2025-12-01,83.32
DEU,2025-12-02,103.14
GBR,2025-12-02,86.27
DEU,2025-12-03,167.67
GBR,2025-12-03,97.46
DEU,2025-12-04,127.42
GBR,2025-12-04,93.49
DEU,2025-12-05,140.57
GBR,2025-12-05,88.84
DEU,2025-12-06,78.18
GBR,2025-12-06,78.16
DEU,2025-12-07,78.53
GBR,2025-12-07,83.85
DEU,2025-12-08,70.55
GBR,2025-12-08,70.45
DEU,2025-12-09,89.88
GBR,2025-12-09,76.42
DEU,2025-12-10,81.63
GBR,2025-12-10,68.2
DEU,2025-12-11,95.22
GBR,2025-12-11,80.07
DEU,2025-12-12,115.32
GBR,2025-12-12,92.25
DEU,2025-12-13,96.27
GBR,2025-12-13,84.4
DEU,2025-12-14,82.67
GBR,2025-12-14,68.08
DEU,2025-12-15,91.71
GBR,2025-12-15,87.22
DEU,2025-12-16,108.26
GBR,2025-12-16,99.99
DEU,2025-12-17,106.56
GBR,2025-12-17,87.17
DEU,2025-12-18,72.84
GBR,2025-12-18,72.66
DEU,2025-12-19,74.11
GBR,2025-12-19,70.21
DEU,2025-12-20,101.55
GBR,2025-12-20,90.95
DEU,2025-12-21,88.59
GBR,2025-12-21,90.65
DEU,2025-12-22,86.72
GBR,2025-12-22,89.78
DEU,2025-12-23,75.83
GBR,2025-12-23,90.65
DEU,2025-12-24,63.92
GBR,2025-12-24,85.39
DEU,2025-12-25,68.02
GBR,2025-12-25,85.05
DEU,2025-12-26,91.72
GBR,2025-12-26,95.33
DEU,2025-12-27,92.24
GBR,2025-12-27,93.81
DEU,2025-12-28,90.63
GBR,2025-12-28,96.58
DEU,2025-12-29,94.73
GBR,2025-12-29,95.91
DEU,2025-12-30,89.81
GBR,2025-12-30,96.5
DEU,2025-12-31,84.24
GBR,2025-12-31,92.82
