date,ISO3,price
2023-01-01,DNK,19.58
2023-01-01,DEU,16.66
2023-01-01,NLD,22.87
2023-01-01,GBR,110.72
2023-01-02,DNK,126.08
2023-01-02,DEU,112.24
2023-01-02,NLD,131.92
2023-01-02,GBR,185.07
2023-01-03,DNK,139.94
2023-01-03,DEU,143.58
2023-01-03,NLD,143.78
2023-01-03,GBR,156.9
2023-01-04,DNK,61.17
2023-01-04,DEU,55.2
2023-01-04,NLD,96.78
2023-01-04,GBR,120.81
2023-01-05,DNK,113.11
2023-01-05,DEU,109.05
2023-01-05,NLD,123.2
2023-01-05,GBR,144.58
2023-01-06,DNK,112.1
2023-01-06,DEU,116.87
2023-01-06,NLD,129.21
2023-01-06,GBR,123.15
2023-01-07,DNK,82.99
2023-01-07,DEU,85.19
2023-01-07,NLD,82.78
2023-01-07,GBR,113.06
2023-01-08,DNK,62.41
2023-01-08,DEU,68.69
2023-01-08,NLD,71.36
2023-01-08,GBR,92.03
2023-01-09,DNK,128.69
2023-01-09,DEU,124.39
2023-01-09,NLD,130.34
2023-01-09,GBR,138.37
2023-01-10,DNK,118.62
2023-01-10,DEU,121.65
2023-01-10,NLD,126.06
2023-01-10,GBR,136.94
2023-01-11,DNK,75.02
2023-01-11,DEU,89.89
2023-01-11,NLD,87.9
2023-01-11,GBR,113.02
2023-01-12,DNK,68.99
2023-01-12,DEU,68.27
2023-01-12,NLD,85.98
2023-01-12,GBR,113.76
2023-01-13,DNK,67.33
2023-01-13,DEU,67.62
2023-01-13,NLD,84.96
2023-01-13,GBR,115.32
2023-01-14,DNK,41.68
2023-01-14,DEU,30.59
2023-01-14,NLD,91.33
2023-01-14,GBR,100.98
2023-01-15,DNK,15.24
2023-01-15,DEU,19.98
2023-01-15,NLD,78.18
2023-01-15,GBR,115.47
2023-01-16,DNK,115.77
2023-01-16,DEU,135.51
2023-01-16,NLD,134.98
2023-01-16,GBR,171.51
2023-01-17,DNK,101.46
2023-01-17,DEU,137.31
2023-01-17,NLD,137.17
2023-01-17,GBR,177.2
2023-01-18,DNK,126.52
2023-01-18,DEU,148.05
2023-01-18,NLD,131.45
2023-01-18,GBR,155.66
2023-01-19,DNK,142.82
2023-01-19,DEU,145.55
2023-01-19,NLD,147.59
2023-01-19,GBR,175.91
2023-01-20,DNK,180.54
2023-01-20,DEU,181.42
2023-01-20,NLD,177.91
2023-01-20,GBR,185.64
2023-01-21,DNK,141.52
2023-01-21,DEU,144.92
2023-01-21,NLD,148.53
2023-01-21,GBR,165.23
2023-01-22,DNK,139.52
2023-01-22,DEU,150.06
2023-01-22,NLD,151.66
2023-01-22,GBR,183.94
2023-01-23,DNK,203.13
2023-01-23,DEU,202.86
2023-01-23,NLD,202.55
2023-01-23,GBR,213.29
2023-01-24,DNK,196.46
2023-01-24,DEU,202.75
2023-01-24,NLD,198.62
2023-01-24,GBR,202.3
2023-01-25,DNK,131.5
2023-01-25,DEU,183.29
2023-01-25,NLD,175.9
2023-01-25,GBR,177.79
2023-01-26,DNK,142.84
2023-01-26,DEU,165.72
2023-01-26,NLD,146.91
2023-01-26,GBR,166.28
2023-01-27,DNK,165.33
2023-01-27,DEU,168.91
2023-01-27,NLD,166.29
2023-01-27,GBR,179.91
2023-01-28,DNK,102.35
2023-01-28,DEU,146.7
2023-01-28,NLD,140.2
2023-01-28,GBR,160.34
2023-01-29,DNK,67.94
2023-01-29,DEU,108.48
2023-01-29,NLD,123.34
2023-01-29,GBR,152.78
2023-01-30,DNK,54.43
2023-01-30,DEU,69.23
2023-01-30,NLD,107.53
2023-01-30,GBR,144.73
2023-01-31,DNK,89.33
2023-01-31,DEU,113.27
2023-01-31,NLD,132.69
2023-01-31,GBR,147.22
2023-02-01,DNK,92.43
2023-02-01,DEU,91.56
2023-02-01,NLD,109.16
2023-02-01,GBR,140.88
2023-02-02,DNK,137.25
2023-02-02,DEU,136.62
2023-02-02,NLD,140.36
2023-02-02,GBR,146.43
2023-02-03,DNK,100.98
2023-02-03,DEU,104.01
2023-02-03,NLD,140.18
2023-02-03,GBR,145.8
2023-02-04,DNK,143.17
2023-02-04,DEU,144.97
2023-02-04,NLD,151.15
2023-02-04,GBR,155.72
2023-02-05,DNK,113.51
2023-02-05,DEU,122.3
2023-02-05,NLD,130.76
2023-02-05,GBR,156.37
2023-02-06,DNK,172.69
2023-02-06,DEU,170.56
2023-02-06,NLD,167.01
2023-02-06,GBR,176.11
2023-02-07,DNK,171.67
2023-02-07,DEU,173.7
2023-02-07,NLD,171.12
2023-02-07,GBR,192.6
2023-02-08,DNK,124.6
2023-02-08,DEU,150.67
2023-02-08,NLD,153.18
2023-02-08,GBR,163.45
2023-02-09,DNK,62.2
2023-02-09,DEU,132.21
2023-02-09,NLD,142.28
2023-02-09,GBR,163.54
2023-02-10,DNK,77.61
2023-02-10,DEU,123.83
2023-02-10,NLD,133.03
2023-02-10,GBR,158.41
2023-02-11,DNK,78.32
2023-02-11,DEU,106.06
2023-02-11,NLD,139.29
2023-02-11,GBR,158.82
2023-02-12,DNK,108.12
2023-02-12,DEU,136.33
2023-02-12,NLD,141.38
2023-02-12,GBR,156.99
2023-02-13,DNK,136.14
2023-02-13,DEU,163.58
2023-02-13,NLD,158.04
2023-02-13,GBR,164.2
2023-02-14,DNK,154.46
2023-02-14,DEU,157.05
2023-02-14,NLD,152.11
2023-02-14,GBR,158.59
2023-02-15,DNK,137.27
2023-02-15,DEU,143.33
2023-02-15,NLD,135.84
2023-02-15,GBR,151.91
2023-02-16,DNK,127.08
2023-02-16,DEU,134.57
2023-02-16,NLD,134.31
2023-02-16,GBR,156.53
2023-02-17,DNK,62.41
2023-02-17,DEU,77.54
2023-02-17,NLD,105.37
2023-02-17,GBR,135.19
2023-02-18,DNK,67.66
2023-02-18,DEU,93.41
2023-02-18,NLD,101.4
2023-02-18,GBR,127.13
2023-02-19,DNK,84.17
2023-02-19,DEU,109.01
2023-02-19,NLD,115.69
2023-02-19,GBR,134.16
2023-02-20,DNK,52.79
2023-02-20,DEU,69.39
2023-02-20,NLD,98.47
2023-02-20,GBR,129.03
2023-02-21,DNK,113.57
2023-02-21,DEU,125.72
2023-02-21,NLD,139.25
2023-02-21,GBR,151.3
2023-02-22,DNK,138.99
2023-02-22,DEU,147.94
2023-02-22,NLD,144.58
2023-02-22,GBR,153.23
2023-02-23,DNK,116.99
2023-02-23,DEU,146.01
2023-02-23,NLD,141.58
2023-02-23,GBR,151.95
2023-02-24,DNK,85.5
2023-02-24,DEU,115.49
2023-02-24,NLD,126.43
2023-02-24,GBR,147.49
2023-02-25,DNK,60.54
2023-02-25,DEU,89.62
2023-02-25,NLD,107.83
2023-02-25,GBR,149.65
2023-02-26,DNK,102.47
2023-02-26,DEU,112.76
2023-02-26,NLD,112.53
2023-02-26,GBR,150.05
2023-02-27,DNK,148.47
2023-02-27,DEU,148.84
2023-02-27,NLD,141.08
2023-02-27,GBR,160.6
2023-02-28,DNK,147.2
2023-02-28,DEU,151.52
2023-02-28,NLD,144.11
2023-02-28,GBR,158.16
2023-03-01,DNK,141.9
2023-03-01,DEU,142.06
2023-03-01,NLD,136.74
2023-03-01,GBR,152.85
2023-03-02,DNK,143.14
2023-03-02,DEU,144.59
2023-03-02,NLD,135.91
2023-03-02,GBR,155.27
2023-03-03,DNK,107.55
2023-03-03,DEU,134.82
2023-03-03,NLD,133.73
2023-03-03,GBR,158.86
2023-03-04,DNK,97.02
2023-03-04,DEU,106.77
2023-03-04,NLD,123.67
2023-03-04,GBR,146.48
2023-03-05,DNK,121.32
2023-03-05,DEU,119.55
2023-03-05,NLD,123.06
2023-03-05,GBR,148.6
2023-03-06,DNK,148.44
2023-03-06,DEU,144.0
2023-03-06,NLD,139.81
2023-03-06,GBR,153.6
2023-03-07,DNK,100.6
2023-03-07,DEU,108.5
2023-03-07,NLD,123.88
2023-03-07,GBR,153.9
2023-03-08,DNK,137.14
2023-03-08,DEU,139.26
2023-03-08,NLD,139.01
2023-03-08,GBR,148.23
2023-03-09,DNK,127.03
2023-03-09,DEU,128.91
2023-03-09,NLD,126.63
2023-03-09,GBR,140.55
2023-03-10,DNK,114.21
2023-03-10,DEU,112.46
2023-03-10,NLD,116.37
2023-03-10,GBR,132.55
2023-03-11,DNK,92.67
2023-03-11,DEU,101.99
2023-03-11,NLD,113.8
2023-03-11,GBR,145.54
2023-03-12,DNK,85.76
2023-03-12,DEU,94.75
2023-03-12,NLD,92.34
2023-03-12,GBR,123.27
2023-03-13,DNK,36.56
2023-03-13,DEU,43.63
2023-03-13,NLD,40.83
2023-03-13,GBR,110.49
2023-03-14,DNK,63.66
2023-03-14,DEU,70.66
2023-03-14,NLD,87.59
2023-03-14,GBR,132.53
2023-03-15,DNK,99.83
2023-03-15,DEU,124.47
2023-03-15,NLD,130.16
2023-03-15,GBR,154.04
2023-03-16,DNK,94.79
2023-03-16,DEU,105.73
2023-03-16,NLD,103.56
2023-03-16,GBR,132.5
2023-03-17,DNK,69.7
2023-03-17,DEU,96.69
2023-03-17,NLD,109.94
2023-03-17,GBR,131.62
2023-03-18,DNK,105.42
2023-03-18,DEU,104.48
2023-03-18,NLD,110.49
2023-03-18,GBR,132.0
2023-03-19,DNK,112.57
2023-03-19,DEU,102.55
2023-03-19,NLD,112.65
2023-03-19,GBR,130.26
2023-03-20,DNK,120.45
2023-03-20,DEU,119.96
2023-03-20,NLD,125.03
2023-03-20,GBR,126.72
2023-03-21,DNK,104.5
2023-03-21,DEU,112.5
2023-03-21,NLD,111.98
2023-03-21,GBR,114.45
2023-03-22,DNK,60.3
2023-03-22,DEU,76.88
2023-03-22,NLD,88.32
2023-03-22,GBR,90.45
2023-03-23,DNK,57.03
2023-03-23,DEU,75.73
2023-03-23,NLD,74.08
2023-03-23,GBR,100.3
2023-03-24,DNK,45.75
2023-03-24,DEU,52.48
2023-03-24,NLD,47.85
2023-03-24,GBR,98.24
2023-03-25,DNK,22.81
2023-03-25,DEU,14.9
2023-03-25,NLD,26.8
2023-03-25,GBR,99.54
2023-03-26,DNK,64.89
2023-03-26,DEU,71.79
2023-03-26,NLD,81.96
2023-03-26,GBR,120.06
2023-03-27,DNK,82.51
2023-03-27,DEU,85.01
2023-03-27,NLD,81.79
2023-03-27,GBR,131.72
2023-03-27,GBR,103.59
2023-03-28,DNK,108.28
2023-03-28,DEU,113.84
2023-03-28,NLD,113.61
2023-03-28,GBR,126.77
2023-03-29,DNK,115.36
2023-03-29,DEU,115.85
2023-03-29,NLD,115.36
2023-03-29,GBR,121.0
2023-03-30,DNK,79.59
2023-03-30,DEU,77.06
2023-03-30,NLD,79.44
2023-03-30,GBR,120.09
2023-03-31,DNK,92.44
2023-03-31,DEU,96.3
2023-03-31,NLD,91.4
2023-03-31,GBR,123.65
2023-04-01,DNK,50.24
2023-04-01,DEU,56.87
2023-04-01,NLD,75.89
2023-04-01,GBR,118.32
2023-04-02,DNK,69.25
2023-04-02,DEU,65.23
2023-04-02,NLD,64.75
2023-04-02,GBR,124.96
2023-04-03,DNK,114.99
2023-04-03,DEU,120.31
2023-04-03,NLD,114.5
2023-04-03,GBR,129.22
2023-04-04,DNK,133.11
2023-04-04,DEU,134.17
2023-04-04,NLD,133.45
2023-04-04,GBR,138.41
2023-04-05,DNK,141.49
2023-04-05,DEU,141.37
2023-04-05,NLD,140.81
2023-04-05,GBR,143.47
2023-04-06,DNK,115.25
2023-04-06,DEU,122.41
2023-04-06,NLD,128.3
2023-04-06,GBR,130.25
2023-04-07,DNK,106.69
2023-04-07,DEU,108.15
2023-04-07,NLD,125.5
2023-04-07,GBR,124.39
2023-04-08,DNK,108.87
2023-04-08,DEU,117.67
2023-04-08,NLD,113.08
2023-04-08,GBR,122.99
2023-04-09,DNK,102.31
2023-04-09,DEU,103.82
2023-04-09,NLD,102.31
2023-04-09,GBR,105.84
2023-04-10,DNK,33.32
2023-04-10,DEU,49.31
2023-04-10,NLD,42.35
2023-04-10,GBR,79.27
2023-04-11,DNK,68.58
2023-04-11,DEU,82.69
2023-04-11,NLD,65.31
2023-04-11,GBR,95.57
2023-04-12,DNK,92.64
2023-04-12,DEU,105.66
2023-04-12,NLD,100.34
2023-04-12,GBR,103.6
2023-04-13,DNK,95.53
2023-04-13,DEU,110.29
2023-04-13,NLD,78.87
2023-04-13,GBR,114.72
2023-04-14,DNK,128.37
2023-04-14,DEU,129.55
2023-04-14,NLD,126.47
2023-04-14,GBR,134.05
2023-04-15,DNK,82.04
2023-04-15,DEU,105.34
2023-04-15,NLD,97.21
2023-04-15,GBR,113.87
2023-04-16,DNK,107.23
2023-04-16,DEU,110.12
2023-04-16,NLD,110.56
2023-04-16,GBR,113.71
2023-04-17,DNK,123.19
2023-04-17,DEU,122.6
2023-04-17,NLD,123.09
2023-04-17,GBR,122.2
2023-04-18,DNK,97.62
2023-04-18,DEU,108.67
2023-04-18,NLD,107.76
2023-04-18,GBR,114.63
2023-04-19,DNK,70.9
2023-04-19,DEU,86.99
2023-04-19,NLD,52.2
2023-04-19,GBR,111.6
2023-04-20,DNK,73.47
2023-04-20,DEU,111.31
2023-04-20,NLD,112.15
2023-04-20,GBR,117.02
2023-04-21,DNK,85.78
2023-04-21,DEU,90.77
2023-04-21,NLD,101.1
2023-04-21,GBR,115.03
2023-04-22,DNK,71.04
2023-04-22,DEU,84.84
2023-04-22,NLD,92.9
2023-04-22,GBR,111.33
2023-04-23,DNK,80.63
2023-04-23,DEU,84.08
2023-04-23,NLD,84.68
2023-04-23,GBR,113.32
2023-04-24,DNK,97.48
2023-04-24,DEU,101.85
2023-04-24,NLD,105.23
2023-04-24,GBR,109.6
2023-04-25,DNK,60.51
2023-04-25,DEU,102.21
2023-04-25,NLD,90.56
2023-04-25,GBR,117.18
2023-04-26,DNK,74.48
2023-04-26,DEU,112.03
2023-04-26,NLD,111.83
2023-04-26,GBR,127.93
2023-04-27,DNK,106.67
2023-04-27,DEU,113.32
2023-04-27,NLD,94.46
2023-04-27,GBR,110.03
2023-04-28,DNK,106.04
2023-04-28,DEU,106.8
2023-04-28,NLD,107.06
2023-04-28,GBR,106.71
2023-04-29,DNK,83.07
2023-04-29,DEU,99.4
2023-04-29,NLD,99.06
2023-04-29,GBR,109.72
2023-04-30,DNK,61.96
2023-04-30,DEU,76.46
2023-04-30,NLD,59.57
2023-04-30,GBR,103.43
2023-05-01,DNK,81.6
2023-05-01,DEU,84.75
2023-05-01,NLD,88.87
2023-05-01,GBR,99.26
2023-05-02,DNK,100.75
2023-05-02,DEU,104.65
2023-05-02,NLD,107.19
2023-05-02,GBR,111.71
2023-05-03,DNK,102.16
2023-05-03,DEU,107.12
2023-05-03,NLD,98.15
2023-05-03,GBR,104.55
2023-05-04,DNK,95.47
2023-05-04,DEU,96.88
2023-05-04,NLD,94.71
2023-05-04,GBR,93.7
2023-05-05,DNK,60.14
2023-05-05,DEU,94.8
2023-05-05,NLD,97.05
2023-05-05,GBR,99.25
2023-05-06,DNK,77.07
2023-05-06,DEU,87.69
2023-05-06,NLD,90.87
2023-05-06,GBR,99.4
2023-05-07,DNK,60.21
2023-05-07,DEU,68.82
2023-05-07,NLD,85.47
2023-05-07,GBR,98.62
2023-05-08,DNK,79.01
2023-05-08,DEU,96.7
2023-05-08,NLD,98.26
2023-05-08,GBR,101.64
2023-05-09,DNK,57.7
2023-05-09,DEU,95.35
2023-05-09,NLD,104.16
2023-05-09,GBR,106.85
2023-05-10,DNK,62.86
2023-05-10,DEU,108.98
2023-05-10,NLD,107.2
2023-05-10,GBR,106.31
2023-05-11,DNK,104.21
2023-05-11,DEU,115.43
2023-05-11,NLD,109.66
2023-05-11,GBR,112.64
2023-05-12,DNK,93.96
2023-05-12,DEU,100.42
2023-05-12,NLD,98.63
2023-05-12,GBR,99.68
2023-05-13,DNK,76.46
2023-05-13,DEU,80.4
2023-05-13,NLD,65.47
2023-05-13,GBR,95.95
2023-05-14,DNK,72.98
2023-05-14,DEU,78.22
2023-05-14,NLD,72.03
2023-05-14,GBR,93.69
2023-05-15,DNK,110.18
2023-05-15,DEU,107.49
2023-05-15,NLD,103.42
2023-05-15,GBR,94.26
2023-05-16,DNK,51.07
2023-05-16,DEU,80.52
2023-05-16,NLD,78.94
2023-05-16,GBR,95.63
2023-05-17,DNK,46.99
2023-05-17,DEU,81.34
2023-05-17,NLD,75.75
2023-05-17,GBR,96.12
2023-05-18,DNK,85.63
2023-05-18,DEU,81.89
2023-05-18,NLD,85.59
2023-05-18,GBR,93.17
2023-05-19,DNK,86.31
2023-05-19,DEU,87.54
2023-05-19,NLD,85.31
2023-05-19,GBR,94.55
2023-05-20,DNK,44.11
2023-05-20,DEU,50.36
2023-05-20,NLD,43.12
2023-05-20,GBR,86.61
2023-05-21,DNK,31.26
2023-05-21,DEU,37.13
2023-05-21,NLD,26.66
2023-05-21,GBR,84.99
2023-05-22,DNK,86.32
2023-05-22,DEU,95.95
2023-05-22,NLD,88.5
2023-05-22,GBR,86.46
2023-05-23,DNK,61.86
2023-05-23,DEU,74.94
2023-05-23,NLD,62.52
2023-05-23,GBR,85.17
2023-05-24,DNK,94.39
2023-05-24,DEU,100.6
2023-05-24,NLD,96.41
2023-05-24,GBR,86.26
2023-05-25,DNK,52.41
2023-05-25,DEU,83.14
2023-05-25,NLD,71.65
2023-05-25,GBR,84.81
2023-05-26,DNK,58.85
2023-05-26,DEU,69.85
2023-05-26,NLD,60.98
2023-05-26,GBR,83.37
2023-05-27,DNK,62.65
2023-05-27,DEU,61.45
2023-05-27,NLD,51.54
2023-05-27,GBR,69.75
2023-05-28,DNK,29.41
2023-05-28,DEU,28.92
2023-05-28,NLD,2.91
2023-05-28,GBR,72.8
2023-05-29,DNK,28.05
2023-05-29,DEU,26.62
2023-05-29,NLD,12.69
2023-05-29,GBR,72.57
2023-05-30,DNK,88.45
2023-05-30,DEU,82.85
2023-05-30,NLD,85.31
2023-05-30,GBR,81.2
2023-05-31,DNK,53.68
2023-05-31,DEU,72.1
2023-05-31,NLD,65.19
2023-05-31,GBR,79.52
2023-06-01,DNK,68.2
2023-06-01,DEU,71.33
2023-06-01,NLD,70.87
2023-06-01,GBR,78.9
2023-06-02,DNK,81.07
2023-06-02,DEU,80.11
2023-06-02,NLD,79.01
2023-06-02,GBR,82.0
2023-06-03,DNK,56.23
2023-06-03,DEU,55.84
2023-06-03,NLD,54.91
2023-06-03,GBR,73.11
2023-06-04,DNK,50.74
2023-06-04,DEU,44.9
2023-06-04,NLD,44.28
2023-06-04,GBR,70.89
2023-06-05,DNK,90.94
2023-06-05,DEU,88.76
2023-06-05,NLD,81.48
2023-06-05,GBR,84.08
2023-06-06,DNK,98.4
2023-06-06,DEU,97.96
2023-06-06,NLD,81.6
2023-06-06,GBR,86.74
2023-06-07,DNK,100.92
2023-06-07,DEU,101.02
2023-06-07,NLD,89.06
2023-06-07,GBR,90.1
2023-06-08,DNK,84.58
2023-06-08,DEU,83.61
2023-06-08,NLD,82.63
2023-06-08,GBR,80.58
2023-06-09,DNK,73.82
2023-06-09,DEU,84.59
2023-06-09,NLD,85.86
2023-06-09,GBR,83.04
2023-06-10,DNK,39.21
2023-06-10,DEU,51.9
2023-06-10,NLD,53.39
2023-06-10,GBR,71.21
2023-06-11,DNK,39.3
2023-06-11,DEU,37.32
2023-06-11,NLD,46.66
2023-06-11,GBR,92.01
2023-06-12,DNK,95.04
2023-06-12,DEU,90.97
2023-06-12,NLD,93.12
2023-06-12,GBR,107.93
2023-06-13,DNK,90.57
2023-06-13,DEU,91.82
2023-06-13,NLD,87.21
2023-06-13,GBR,99.67
2023-06-14,DNK,103.98
2023-06-14,DEU,103.44
2023-06-14,NLD,101.59
2023-06-14,GBR,99.72
2023-06-15,DNK,121.89
2023-06-15,DEU,119.84
2023-06-15,NLD,117.86
2023-06-15,GBR,114.66
2023-06-16,DNK,127.76
2023-06-16,DEU,127.11
2023-06-16,NLD,127.27
2023-06-16,GBR,126.35
2023-06-17,DNK,104.26
2023-06-17,DEU,100.95
2023-06-17,NLD,104.19
2023-06-17,GBR,110.53
2023-06-18,DNK,90.81
2023-06-18,DEU,87.94
2023-06-18,NLD,90.66
2023-06-18,GBR,103.08
2023-06-19,DNK,118.53
2023-06-19,DEU,122.57
2023-06-19,NLD,118.32
2023-06-19,GBR,114.92
2023-06-20,DNK,121.09
2023-06-20,DEU,122.78
2023-06-20,NLD,119.86
2023-06-20,GBR,120.75
2023-06-21,DNK,123.84
2023-06-21,DEU,126.25
2023-06-21,NLD,122.61
2023-06-21,GBR,123.3
2023-06-22,DNK,123.1
2023-06-22,DEU,124.15
2023-06-22,NLD,122.87
2023-06-22,GBR,125.95
2023-06-23,DNK,105.73
2023-06-23,DEU,107.53
2023-06-23,NLD,107.4
2023-06-23,GBR,109.99
2023-06-24,DNK,82.11
2023-06-24,DEU,84.98
2023-06-24,NLD,81.58
2023-06-24,GBR,97.53
2023-06-25,DNK,75.09
2023-06-25,DEU,74.49
2023-06-25,NLD,74.27
2023-06-25,GBR,71.41
2023-06-26,DNK,84.91
2023-06-26,DEU,91.8
2023-06-26,NLD,91.15
2023-06-26,GBR,98.86
2023-06-27,DNK,79.94
2023-06-27,DEU,102.91
2023-06-27,NLD,100.9
2023-06-27,GBR,105.36
2023-06-28,DNK,113.54
2023-06-28,DEU,114.28
2023-06-28,NLD,113.92
2023-06-28,GBR,112.37
2023-06-29,DNK,117.64
2023-06-29,DEU,117.04
2023-06-29,NLD,115.07
2023-06-29,GBR,110.08
2023-06-30,DNK,103.4
2023-06-30,DEU,108.94
2023-06-30,NLD,101.62
2023-06-30,GBR,99.07
2023-07-01,DNK,46.46
2023-07-01,DEU,57.93
2023-07-01,NLD,50.21
2023-07-01,GBR,50.53
2023-07-02,DNK,-38.63
2023-07-02,DEU,-30.14
2023-07-02,NLD,-85.27
2023-07-02,GBR,4.52
2023-07-03,DNK,32.5
2023-07-03,DEU,58.25
2023-07-03,NLD,54.77
2023-07-03,GBR,77.78
2023-07-04,DNK,63.83
2023-07-04,DEU,86.39
2023-07-04,NLD,89.16
2023-07-04,GBR,105.99
2023-07-05,DNK,59.68
2023-07-05,DEU,67.44
2023-07-05,NLD,68.86
2023-07-05,GBR,98.85
2023-07-06,DNK,81.85
2023-07-06,DEU,108.6
2023-07-06,NLD,104.7
2023-07-06,GBR,104.75
2023-07-07,DNK,97.6
2023-07-07,DEU,104.58
2023-07-07,NLD,96.88
2023-07-07,GBR,95.18
2023-07-08,DNK,83.12
2023-07-08,DEU,80.75
2023-07-08,NLD,81.14
2023-07-08,GBR,80.82
2023-07-09,DNK,89.43
2023-07-09,DEU,85.51
2023-07-09,NLD,89.45
2023-07-09,GBR,98.7
2023-07-10,DNK,112.95
2023-07-10,DEU,111.71
2023-07-10,NLD,112.66
2023-07-10,GBR,106.79
2023-07-11,DNK,95.96
2023-07-11,DEU,104.78
2023-07-11,NLD,94.72
2023-07-11,GBR,102.43
2023-07-12,DNK,76.02
2023-07-12,DEU,87.62
2023-07-12,NLD,75.04
2023-07-12,GBR,92.55
2023-07-13,DNK,83.32
2023-07-13,DEU,98.2
2023-07-13,NLD,91.64
2023-07-13,GBR,97.15
2023-07-14,DNK,92.66
2023-07-14,DEU,96.54
2023-07-14,NLD,81.84
2023-07-14,GBR,83.08
2023-07-15,DNK,28.88
2023-07-15,DEU,37.29
2023-07-15,NLD,30.39
2023-07-15,GBR,36.29
2023-07-16,DNK,4.12
2023-07-16,DEU,21.37
2023-07-16,NLD,13.8
2023-07-16,GBR,9.48
2023-07-17,DNK,21.8
2023-07-17,DEU,81.35
2023-07-17,NLD,59.93
2023-07-17,GBR,84.81
2023-07-18,DNK,75.35
2023-07-18,DEU,105.52
2023-07-18,NLD,99.12
2023-07-18,GBR,104.49
2023-07-19,DNK,96.36
2023-07-19,DEU,100.45
2023-07-19,NLD,94.42
2023-07-19,GBR,93.74
2023-07-20,DNK,62.89
2023-07-20,DEU,97.03
2023-07-20,NLD,94.45
2023-07-20,GBR,91.54
2023-07-21,DNK,95.2
2023-07-21,DEU,103.31
2023-07-21,NLD,94.77
2023-07-21,GBR,89.28
2023-07-22,DNK,74.4
2023-07-22,DEU,74.52
2023-07-22,NLD,76.65
2023-07-22,GBR,89.46
2023-07-23,DNK,24.16
2023-07-23,DEU,27.8
2023-07-23,NLD,29.63
2023-07-23,GBR,64.66
2023-07-24,DNK,62.47
2023-07-24,DEU,90.52
2023-07-24,NLD,91.03
2023-07-24,GBR,88.08
2023-07-25,DNK,55.14
2023-07-25,DEU,101.91
2023-07-25,NLD,83.28
2023-07-25,GBR,94.82
2023-07-26,DNK,62.28
2023-07-26,DEU,95.0
2023-07-26,NLD,93.56
2023-07-26,GBR,96.58
2023-07-27,DNK,91.84
2023-07-27,DEU,96.24
2023-07-27,NLD,92.07
2023-07-27,GBR,98.99
2023-07-28,DNK,97.04
2023-07-28,DEU,97.21
2023-07-28,NLD,95.7
2023-07-28,GBR,93.05
2023-07-29,DNK,75.08
2023-07-29,DEU,73.17
2023-07-29,NLD,72.61
2023-07-29,GBR,76.73
2023-07-30,DNK,33.92
2023-07-30,DEU,28.92
2023-07-30,NLD,23.82
2023-07-30,GBR,42.49
2023-07-31,DNK,69.28
2023-07-31,DEU,71.91
2023-07-31,NLD,71.45
2023-07-31,GBR,78.71
2023-08-01,DNK,79.15
2023-08-01,DEU,80.97
2023-08-01,NLD,78.23
2023-08-01,GBR,86.54
2023-08-02,DNK,61.87
2023-08-02,DEU,66.28
2023-08-02,NLD,62.04
2023-08-02,GBR,80.3
2023-08-03,DNK,44.38
2023-08-03,DEU,51.11
2023-08-03,NLD,54.08
2023-08-03,GBR,70.3
2023-08-04,DNK,61.37
2023-08-04,DEU,96.4
2023-08-04,NLD,95.58
2023-08-04,GBR,91.97
2023-08-05,DNK,89.35
2023-08-05,DEU,86.99
2023-08-05,NLD,87.68
2023-08-05,GBR,88.32
2023-08-06,DNK,52.55
2023-08-06,DEU,49.45
2023-08-06,NLD,51.46
2023-08-06,GBR,70.39
2023-08-07,DNK,3.09
2023-08-07,DEU,22.58
2023-08-07,NLD,37.89
2023-08-07,GBR,84.12
2023-08-08,DNK,-4.99
2023-08-08,DEU,25.37
2023-08-08,NLD,36.51
2023-08-08,GBR,84.66
2023-08-09,DNK,12.86
2023-08-09,DEU,88.18
2023-08-09,NLD,72.78
2023-08-09,GBR,91.5
2023-08-10,DNK,63.09
2023-08-10,DEU,103.88
2023-08-10,NLD,84.87
2023-08-10,GBR,94.05
2023-08-11,DNK,99.78
2023-08-11,DEU,101.57
2023-08-11,NLD,93.26
2023-08-11,GBR,94.83
2023-08-12,DNK,79.0
2023-08-12,DEU,79.26
2023-08-12,NLD,78.69
2023-08-12,GBR,76.45
2023-08-13,DNK,65.61
2023-08-13,DEU,66.28
2023-08-13,NLD,64.44
2023-08-13,GBR,83.77
2023-08-14,DNK,103.56
2023-08-14,DEU,105.29
2023-08-14,NLD,97.34
2023-08-14,GBR,96.47
2023-08-15,DNK,92.62
2023-08-15,DEU,96.14
2023-08-15,NLD,92.35
2023-08-15,GBR,97.39
2023-08-16,DNK,108.13
2023-08-16,DEU,112.46
2023-08-16,NLD,107.28
2023-08-16,GBR,104.97
2023-08-17,DNK,111.43
2023-08-17,DEU,109.45
2023-08-17,NLD,106.88
2023-08-17,GBR,98.56
2023-08-18,DNK,93.48
2023-08-18,DEU,107.03
2023-08-18,NLD,105.32
2023-08-18,GBR,95.18
2023-08-19,DNK,58.35
2023-08-19,DEU,84.64
2023-08-19,NLD,82.1
2023-08-19,GBR,63.54
2023-08-20,DNK,89.67
2023-08-20,DEU,86.65
2023-08-20,NLD,89.25
2023-08-20,GBR,96.76
2023-08-21,DNK,118.08
2023-08-21,DEU,120.24
2023-08-21,NLD,117.97
2023-08-21,GBR,105.05
2023-08-22,DNK,123.15
2023-08-22,DEU,124.53
2023-08-22,NLD,120.93
2023-08-22,GBR,108.85
2023-08-23,DNK,147.48
2023-08-23,DEU,141.16
2023-08-23,NLD,145.25
2023-08-23,GBR,131.93
2023-08-24,DNK,144.56
2023-08-24,DEU,141.02
2023-08-24,NLD,135.69
2023-08-24,GBR,136.36
2023-08-25,DNK,116.78
2023-08-25,DEU,118.79
2023-08-25,NLD,115.86
2023-08-25,GBR,111.57
2023-08-26,DNK,94.99
2023-08-26,DEU,95.95
2023-08-26,NLD,92.56
2023-08-26,GBR,99.15
2023-08-27,DNK,101.11
2023-08-27,DEU,99.8
2023-08-27,NLD,92.93
2023-08-27,GBR,98.93
2023-08-28,DNK,119.29
2023-08-28,DEU,119.08
2023-08-28,NLD,109.9
2023-08-28,GBR,104.99
2023-08-29,DNK,122.85
2023-08-29,DEU,125.48
2023-08-29,NLD,109.17
2023-08-29,GBR,109.18
2023-08-30,DNK,114.48
2023-08-30,DEU,114.68
2023-08-30,NLD,111.65
2023-08-30,GBR,107.53
2023-08-31,DNK,104.58
2023-08-31,DEU,104.25
2023-08-31,NLD,104.02
2023-08-31,GBR,104.8
2023-09-01,DNK,109.08
2023-09-01,DEU,111.47
2023-09-01,NLD,108.75
2023-09-01,GBR,106.92
2023-09-02,DNK,87.77
2023-09-02,DEU,95.88
2023-09-02,NLD,94.82
2023-09-02,GBR,97.43
2023-09-03,DNK,76.39
2023-09-03,DEU,82.91
2023-09-03,NLD,82.73
2023-09-03,GBR,97.27
2023-09-04,DNK,107.99
2023-09-04,DEU,107.01
2023-09-04,NLD,106.82
2023-09-04,GBR,102.6
2023-09-05,DNK,102.74
2023-09-05,DEU,105.45
2023-09-05,NLD,102.25
2023-09-05,GBR,99.13
2023-09-06,DNK,106.12
2023-09-06,DEU,105.98
2023-09-06,NLD,104.01
2023-09-06,GBR,100.8
2023-09-07,DNK,99.57
2023-09-07,DEU,100.77
2023-09-07,NLD,99.1
2023-09-07,GBR,102.95
2023-09-08,DNK,109.88
2023-09-08,DEU,108.15
2023-09-08,NLD,109.45
2023-09-08,GBR,105.37
2023-09-09,DNK,91.4
2023-09-09,DEU,93.72
2023-09-09,NLD,89.63
2023-09-09,GBR,97.25
2023-09-10,DNK,85.0
2023-09-10,DEU,86.88
2023-09-10,NLD,85.09
2023-09-10,GBR,98.8
2023-09-11,DNK,151.84
2023-09-11,DEU,135.97
2023-09-11,NLD,148.44
2023-09-11,GBR,116.79
2023-09-12,DNK,131.24
2023-09-12,DEU,134.15
2023-09-12,NLD,127.82
2023-09-12,GBR,112.4
2023-09-13,DNK,106.07
2023-09-13,DEU,109.39
2023-09-13,NLD,104.14
2023-09-13,GBR,103.7
2023-09-14,DNK,120.75
2023-09-14,DEU,123.61
2023-09-14,NLD,116.82
2023-09-14,GBR,102.88
2023-09-15,DNK,107.87
2023-09-15,DEU,109.49
2023-09-15,NLD,106.3
2023-09-15,GBR,104.58
2023-09-16,DNK,96.2
2023-09-16,DEU,94.46
2023-09-16,NLD,95.89
2023-09-16,GBR,95.97
2023-09-17,DNK,64.99
2023-09-17,DEU,79.82
2023-09-17,NLD,87.65
2023-09-17,GBR,97.36
2023-09-18,DNK,22.55
2023-09-18,DEU,88.39
2023-09-18,NLD,79.25
2023-09-18,GBR,91.62
2023-09-19,DNK,-0.73
2023-09-19,DEU,43.73
2023-09-19,NLD,37.23
2023-09-19,GBR,66.94
2023-09-20,DNK,1.69
2023-09-20,DEU,56.23
2023-09-20,NLD,51.62
2023-09-20,GBR,62.84
2023-09-21,DNK,54.35
2023-09-21,DEU,103.93
2023-09-21,NLD,103.68
2023-09-21,GBR,97.79
2023-09-22,DNK,104.88
2023-09-22,DEU,105.57
2023-09-22,NLD,104.85
2023-09-22,GBR,101.28
2023-09-23,DNK,91.23
2023-09-23,DEU,95.34
2023-09-23,NLD,98.81
2023-09-23,GBR,105.24
2023-09-24,DNK,53.95
2023-09-24,DEU,66.44
2023-09-24,NLD,60.12
2023-09-24,GBR,51.31
2023-09-25,DNK,65.22
2023-09-25,DEU,109.42
2023-09-25,NLD,111.27
2023-09-25,GBR,82.73
2023-09-26,DNK,127.04
2023-09-26,DEU,131.72
2023-09-26,NLD,125.1
2023-09-26,GBR,106.18
2023-09-27,DNK,115.72
2023-09-27,DEU,126.84
2023-09-27,NLD,118.34
2023-09-27,GBR,102.96
2023-09-28,DNK,66.93
2023-09-28,DEU,113.66
2023-09-28,NLD,109.68
2023-09-28,GBR,76.3
2023-09-29,DNK,59.0
2023-09-29,DEU,105.35
2023-09-29,NLD,99.25
2023-09-29,GBR,90.96
2023-09-30,DNK,34.27
2023-09-30,DEU,92.47
2023-09-30,NLD,91.97
2023-09-30,GBR,103.58
2023-10-01,DNK,73.3
2023-10-01,DEU,77.27
2023-10-01,NLD,72.8
2023-10-01,GBR,87.54
2023-10-02,DNK,118.32
2023-10-02,DEU,116.45
2023-10-02,NLD,117.66
2023-10-02,GBR,110.23
2023-10-03,DNK,9.78
2023-10-03,DEU,21.52
2023-10-03,NLD,64.13
2023-10-03,GBR,69.51
2023-10-04,DNK,1.61
2023-10-04,DEU,72.72
2023-10-04,NLD,76.53
2023-10-04,GBR,74.03
2023-10-05,DNK,51.57
2023-10-05,DEU,100.41
2023-10-05,NLD,100.99
2023-10-05,GBR,85.68
2023-10-06,DNK,4.35
2023-10-06,DEU,68.77
2023-10-06,NLD,72.75
2023-10-06,GBR,68.99
2023-10-07,DNK,27.31
2023-10-07,DEU,49.66
2023-10-07,NLD,53.19
2023-10-07,GBR,60.38
2023-10-08,DNK,89.71
2023-10-08,DEU,89.77
2023-10-08,NLD,92.6
2023-10-08,GBR,93.16
2023-10-09,DNK,117.1
2023-10-09,DEU,107.18
2023-10-09,NLD,115.06
2023-10-09,GBR,112.99
2023-10-10,DNK,71.59
2023-10-10,DEU,108.09
2023-10-10,NLD,102.01
2023-10-10,GBR,94.7
2023-10-11,DNK,5.81
2023-10-11,DEU,62.53
2023-10-11,NLD,71.4
2023-10-11,GBR,86.01
2023-10-12,DNK,66.91
2023-10-12,DEU,126.95
2023-10-12,NLD,130.68
2023-10-12,GBR,128.67
2023-10-13,DNK,31.88
2023-10-13,DEU,58.0
2023-10-13,NLD,60.68
2023-10-13,GBR,84.77
2023-10-14,DNK,-0.57
2023-10-14,DEU,27.43
2023-10-14,NLD,43.9
2023-10-14,GBR,43.64
2023-10-15,DNK,7.85
2023-10-15,DEU,46.37
2023-10-15,NLD,66.77
2023-10-15,GBR,93.0
2023-10-16,DNK,96.73
2023-10-16,DEU,137.1
2023-10-16,NLD,141.89
2023-10-16,GBR,152.24
2023-10-17,DNK,114.55
2023-10-17,DEU,130.54
2023-10-17,NLD,119.53
2023-10-17,GBR,125.58
2023-10-18,DNK,69.22
2023-10-18,DEU,93.56
2023-10-18,NLD,74.15
2023-10-18,GBR,70.59
2023-10-19,DNK,15.98
2023-10-19,DEU,94.59
2023-10-19,NLD,96.85
2023-10-19,GBR,87.26
2023-10-20,DNK,19.16
2023-10-20,DEU,80.39
2023-10-20,NLD,90.17
2023-10-20,GBR,83.64
2023-10-21,DNK,38.37
2023-10-21,DEU,52.96
2023-10-21,NLD,50.9
2023-10-21,GBR,92.53
2023-10-22,DNK,45.26
2023-10-22,DEU,58.26
2023-10-22,NLD,72.06
2023-10-22,GBR,104.78
2023-10-23,DNK,118.09
2023-10-23,DEU,123.56
2023-10-23,NLD,123.39
2023-10-23,GBR,124.15
2023-10-24,DNK,67.53
2023-10-24,DEU,118.17
2023-10-24,NLD,115.09
2023-10-24,GBR,119.22
2023-10-25,DNK,86.59
2023-10-25,DEU,123.73
2023-10-25,NLD,124.47
2023-10-25,GBR,129.06
2023-10-26,DNK,87.51
2023-10-26,DEU,124.28
2023-10-26,NLD,123.69
2023-10-26,GBR,126.26
2023-10-27,DNK,111.94
2023-10-27,DEU,118.76
2023-10-27,NLD,116.73
2023-10-27,GBR,119.64
2023-10-28,DNK,71.64
2023-10-28,DEU,77.22
2023-10-28,NLD,65.61
2023-10-28,GBR,83.03
2023-10-29,DNK,27.08
2023-10-29,DEU,26.95
2023-10-29,NLD,25.77
2023-10-29,GBR,26.74
2023-10-29,GBR,53.41
2023-10-30,DNK,70.08
2023-10-30,DEU,103.06
2023-10-30,NLD,97.3
2023-10-30,GBR,110.2
2023-10-31,DNK,102.19
2023-10-31,DEU,103.73
2023-10-31,NLD,117.12
2023-10-31,GBR,122.82
2023-11-01,DNK,58.65
2023-11-01,DEU,60.57
2023-11-01,NLD,58.57
2023-11-01,GBR,87.98
2023-11-02,DNK,48.31
2023-11-02,DEU,58.29
2023-11-02,NLD,67.54
2023-11-02,GBR,77.72
2023-11-03,DNK,41.26
2023-11-03,DEU,62.02
2023-11-03,NLD,60.45
2023-11-03,GBR,80.75
2023-11-04,DNK,21.76
2023-11-04,DEU,24.95
2023-11-04,NLD,27.97
2023-11-04,GBR,108.06
2023-11-05,DNK,37.86
2023-11-05,DEU,24.71
2023-11-05,NLD,40.09
2023-11-05,GBR,107.07
2023-11-06,DNK,72.58
2023-11-06,DEU,68.28
2023-11-06,NLD,79.49
2023-11-06,GBR,107.65
2023-11-07,DNK,91.09
2023-11-07,DEU,97.15
2023-11-07,NLD,102.5
2023-11-07,GBR,101.62
2023-11-08,DNK,71.7
2023-11-08,DEU,90.13
2023-11-08,NLD,94.08
2023-11-08,GBR,102.56
2023-11-09,DNK,78.2
2023-11-09,DEU,98.16
2023-11-09,NLD,102.45
2023-11-09,GBR,110.93
2023-11-10,DNK,83.34
2023-11-10,DEU,96.44
2023-11-10,NLD,96.63
2023-11-10,GBR,111.66
2023-11-11,DNK,96.89
2023-11-11,DEU,97.2
2023-11-11,NLD,96.89
2023-11-11,GBR,107.09
2023-11-12,DNK,98.06
2023-11-12,DEU,99.55
2023-11-12,NLD,98.57
2023-11-12,GBR,109.56
2023-11-13,DNK,85.72
2023-11-13,DEU,95.55
2023-11-13,NLD,90.03
2023-11-13,GBR,94.96
2023-11-14,DNK,69.89
2023-11-14,DEU,67.08
2023-11-14,NLD,72.11
2023-11-14,GBR,95.38
2023-11-15,DNK,102.58
2023-11-15,DEU,101.88
2023-11-15,NLD,100.22
2023-11-15,GBR,98.0
2023-11-16,DNK,117.71
2023-11-16,DEU,118.14
2023-11-16,NLD,121.71
2023-11-16,GBR,132.12
2023-11-17,DNK,121.02
2023-11-17,DEU,120.33
2023-11-17,NLD,121.77
2023-11-17,GBR,127.2
2023-11-18,DNK,87.96
2023-11-18,DEU,88.64
2023-11-18,NLD,86.78
2023-11-18,GBR,95.32
2023-11-19,DNK,56.38
2023-11-19,DEU,35.51
2023-11-19,NLD,40.24
2023-11-19,GBR,75.17
2023-11-20,DNK,107.17
2023-11-20,DEU,103.26
2023-11-20,NLD,107.06
2023-11-20,GBR,108.9
2023-11-21,DNK,122.87
2023-11-21,DEU,123.31
2023-11-21,NLD,122.22
2023-11-21,GBR,119.89
2023-11-22,DNK,67.0
2023-11-22,DEU,110.1
2023-11-22,NLD,110.65
2023-11-22,GBR,109.0
2023-11-23,DNK,33.17
2023-11-23,DEU,60.9
2023-11-23,NLD,88.48
2023-11-23,GBR,86.7
2023-11-24,DNK,46.99
2023-11-24,DEU,64.24
2023-11-24,NLD,86.01
2023-11-24,GBR,97.73
2023-11-25,DNK,93.89
2023-11-25,DEU,96.17
2023-11-25,NLD,98.0
2023-11-25,GBR,123.15
2023-11-26,DNK,115.81
2023-11-26,DEU,115.67
2023-11-26,NLD,116.67
2023-11-26,GBR,126.8
2023-11-27,DNK,110.32
2023-11-27,DEU,121.1
2023-11-27,NLD,114.27
2023-11-27,GBR,123.59
2023-11-28,DNK,121.11
2023-11-28,DEU,121.47
2023-11-28,NLD,123.14
2023-11-28,GBR,129.65
2023-11-29,DNK,140.71
2023-11-29,DEU,138.08
2023-11-29,NLD,140.44
2023-11-29,GBR,143.3
2023-11-30,DNK,168.9
2023-11-30,DEU,168.04
2023-11-30,NLD,168.92
2023-11-30,GBR,163.26
2023-12-01,DNK,159.47
2023-12-01,DEU,159.45
2023-12-01,NLD,156.14
2023-12-01,GBR,164.68
2023-12-02,DNK,116.54
2023-12-02,DEU,119.82
2023-12-02,NLD,116.4
2023-12-02,GBR,129.35
2023-12-03,DNK,104.5
2023-12-03,DEU,104.96
2023-12-03,NLD,104.22
2023-12-03,GBR,116.51
2023-12-04,DNK,127.32
2023-12-04,DEU,120.63
2023-12-04,NLD,111.42
2023-12-04,GBR,117.39
2023-12-05,DNK,132.2
2023-12-05,DEU,115.15
2023-12-05,NLD,114.47
2023-12-05,GBR,118.7
2023-12-06,DNK,130.46
2023-12-06,DEU,133.46
2023-12-06,NLD,126.78
2023-12-06,GBR,130.08
2023-12-07,DNK,116.1
2023-12-07,DEU,117.08
2023-12-07,NLD,103.32
2023-12-07,GBR,101.73
2023-12-08,DNK,102.33
2023-12-08,DEU,104.02
2023-12-08,NLD,103.85
2023-12-08,GBR,103.44
2023-12-09,DNK,75.72
2023-12-09,DEU,73.37
2023-12-09,NLD,76.26
2023-12-09,GBR,90.27
2023-12-10,DNK,58.41
2023-12-10,DEU,54.13
2023-12-10,NLD,55.49
2023-12-10,GBR,78.56
2023-12-11,DNK,86.94
2023-12-11,DEU,87.33
2023-12-11,NLD,81.27
2023-12-11,GBR,99.63
2023-12-12,DNK,111.48
2023-12-12,DEU,105.73
2023-12-12,NLD,102.27
2023-12-12,GBR,98.2
2023-12-13,DNK,97.2
2023-12-13,DEU,93.65
2023-12-13,NLD,92.2
2023-12-13,GBR,95.07
2023-12-14,DNK,113.9
2023-12-14,DEU,108.02
2023-12-14,NLD,100.85
2023-12-14,GBR,96.91
2023-12-15,DNK,87.68
2023-12-15,DEU,92.45
2023-12-15,NLD,92.49
2023-12-15,GBR,90.22
2023-12-16,DNK,40.56
2023-12-16,DEU,70.37
2023-12-16,NLD,74.65
2023-12-16,GBR,73.81
2023-12-17,DNK,27.06
2023-12-17,DEU,51.96
2023-12-17,NLD,54.43
2023-12-17,GBR,56.55
2023-12-18,DNK,42.49
2023-12-18,DEU,77.29
2023-12-18,NLD,78.91
2023-12-18,GBR,80.1
2023-12-19,DNK,54.32
2023-12-19,DEU,76.25
2023-12-19,NLD,77.98
2023-12-19,GBR,77.33
2023-12-20,DNK,55.05
2023-12-20,DEU,59.36
2023-12-20,NLD,71.31
2023-12-20,GBR,66.27
2023-12-21,DNK,28.83
2023-12-21,DEU,26.89
2023-12-21,NLD,55.08
2023-12-21,GBR,49.7
2023-12-22,DNK,24.1
2023-12-22,DEU,20.34
2023-12-22,NLD,39.54
2023-12-22,GBR,43.44
2023-12-23,DNK,36.06
2023-12-23,DEU,29.03
2023-12-23,NLD,29.74
2023-12-23,GBR,29.73
2023-12-24,DNK,20.49
2023-12-24,DEU,-5.08
2023-12-24,NLD,3.25
2023-12-24,GBR,4.5
2023-12-25,DNK,13.97
2023-12-25,DEU,-0.6
2023-12-25,NLD,8.19
2023-12-25,GBR,28.67
2023-12-26,DNK,30.89
2023-12-26,DEU,18.25
2023-12-26,NLD,50.74
2023-12-26,GBR,62.06
2023-12-27,DNK,56.8
2023-12-27,DEU,59.28
2023-12-27,NLD,60.21
2023-12-27,GBR,63.32
2023-12-28,DNK,22.53
2023-12-28,DEU,20.27
2023-12-28,NLD,28.08
2023-12-28,GBR,38.13
2023-12-29,DNK,17.77
2023-12-29,DEU,6.92
2023-12-29,NLD,34.92
2023-12-29,GBR,47.09
2023-12-30,DNK,42.74
2023-12-30,DEU,33.49
2023-12-30,NLD,46.7
2023-12-30,GBR,72.49
2023-12-31,DNK,34.53
2023-12-31,DEU,8.16
2023-12-31,NLD,13.23
2023-12-31,GBR,71.84
2024-01-01,DNK,35.59
2024-01-01,DEU,14.71
2024-01-01,NLD,20.17
2024-01-01,GBR,56.15
2024-01-02,DNK,54.08
2024-01-02,DEU,55.77
2024-01-02,NLD,61.82
2024-01-02,GBR,64.83
2024-01-03,DNK,50.78
2024-01-03,DEU,45.42
2024-01-03,NLD,53.83
2024-01-03,GBR,81.08
2024-01-04,DNK,87.73
2024-01-04,DEU,85.26
2024-01-04,NLD,85.88
2024-01-04,GBR,93.16
2024-01-05,DNK,132.52
2024-01-05,DEU,92.17
2024-01-05,NLD,91.06
2024-01-05,GBR,96.25
2024-01-06,DNK,90.94
2024-01-06,DEU,87.23
2024-01-06,NLD,88.72
2024-01-06,GBR,95.63
2024-01-07,DNK,87.75
2024-01-07,DEU,84.66
2024-01-07,NLD,86.45
2024-01-07,GBR,97.12
2024-01-08,DNK,103.09
2024-01-08,DEU,102.22
2024-01-08,NLD,99.34
2024-01-08,GBR,103.33
2024-01-09,DNK,109.55
2024-01-09,DEU,111.24
2024-01-09,NLD,96.66
2024-01-09,GBR,104.39
2024-01-10,DNK,112.03
2024-01-10,DEU,113.49
2024-01-10,NLD,102.75
2024-01-10,GBR,107.77
2024-01-11,DNK,109.64
2024-01-11,DEU,109.39
2024-01-11,NLD,107.28
2024-01-11,GBR,104.79
2024-01-12,DNK,104.75
2024-01-12,DEU,105.0
2024-01-12,NLD,103.5
2024-01-12,GBR,102.9
2024-01-13,DNK,69.06
2024-01-13,DEU,73.44
2024-01-13,NLD,83.81
2024-01-13,GBR,89.44
2024-01-14,DNK,76.01
2024-01-14,DEU,71.34
2024-01-14,NLD,79.71
2024-01-14,GBR,86.44
2024-01-15,DNK,87.56
2024-01-15,DEU,87.45
2024-01-15,NLD,84.54
2024-01-15,GBR,90.9
2024-01-16,DNK,117.22
2024-01-16,DEU,99.94
2024-01-16,NLD,97.37
2024-01-16,GBR,97.81
2024-01-17,DNK,98.37
2024-01-17,DEU,99.76
2024-01-17,NLD,98.06
2024-01-17,GBR,100.75
2024-01-18,DNK,91.87
2024-01-18,DEU,92.87
2024-01-18,NLD,88.03
2024-01-18,GBR,87.56
2024-01-19,DNK,79.3
2024-01-19,DEU,79.41
2024-01-19,NLD,76.63
2024-01-19,GBR,82.12
2024-01-20,DNK,73.36
2024-01-20,DEU,72.61
2024-01-20,NLD,73.19
2024-01-20,GBR,76.92
2024-01-21,DNK,48.7
2024-01-21,DEU,45.92
2024-01-21,NLD,55.69
2024-01-21,GBR,66.57
2024-01-22,DNK,46.27
2024-01-22,DEU,45.12
2024-01-22,NLD,61.61
2024-01-22,GBR,63.72
2024-01-23,DNK,45.9
2024-01-23,DEU,53.3
2024-01-23,NLD,58.21
2024-01-23,GBR,68.11
2024-01-24,DNK,36.76
2024-01-24,DEU,39.44
2024-01-24,NLD,55.57
2024-01-24,GBR,61.44
2024-01-25,DNK,76.98
2024-01-25,DEU,77.99
2024-01-25,NLD,83.69
2024-01-25,GBR,78.79
2024-01-26,DNK,52.76
2024-01-26,DEU,60.93
2024-01-26,NLD,71.82
2024-01-26,GBR,70.59
2024-01-27,DNK,51.9
2024-01-27,DEU,67.5
2024-01-27,NLD,72.29
2024-01-27,GBR,71.93
2024-01-28,DNK,51.15
2024-01-28,DEU,60.4
2024-01-28,NLD,58.17
2024-01-28,GBR,62.79
2024-01-29,DNK,75.33
2024-01-29,DEU,77.9
2024-01-29,NLD,81.2
2024-01-29,GBR,84.26
2024-01-30,DNK,64.98
2024-01-30,DEU,77.93
2024-01-30,NLD,79.77
2024-01-30,GBR,81.68
2024-01-31,DNK,38.94
2024-01-31,DEU,73.35
2024-01-31,NLD,74.45
2024-01-31,GBR,73.65
2024-02-01,DNK,39.46
2024-02-01,DEU,70.7
2024-02-01,NLD,76.06
2024-02-01,GBR,76.46
2024-02-02,DNK,45.11
2024-02-02,DEU,61.44
2024-02-02,NLD,69.89
2024-02-02,GBR,67.99
2024-02-03,DNK,31.27
2024-02-03,DEU,34.73
2024-02-03,NLD,49.22
2024-02-03,GBR,50.65
2024-02-04,DNK,14.12
2024-02-04,DEU,11.64
2024-02-04,NLD,28.21
2024-02-04,GBR,36.7
2024-02-05,DNK,44.18
2024-02-05,DEU,45.89
2024-02-05,NLD,50.06
2024-02-05,GBR,61.61
2024-02-06,DNK,52.63
2024-02-06,DEU,44.3
2024-02-06,NLD,58.39
2024-02-06,GBR,67.38
2024-02-07,DNK,81.07
2024-02-07,DEU,79.21
2024-02-07,NLD,82.54
2024-02-07,GBR,88.22
2024-02-08,DNK,88.07
2024-02-08,DEU,89.28
2024-02-08,NLD,82.19
2024-02-08,GBR,80.81
2024-02-09,DNK,65.17
2024-02-09,DEU,70.86
2024-02-09,NLD,67.07
2024-02-09,GBR,70.56
2024-02-10,DNK,66.32
2024-02-10,DEU,70.85
2024-02-10,NLD,74.46
2024-02-10,GBR,80.79
2024-02-11,DNK,60.98
2024-02-11,DEU,60.78
2024-02-11,NLD,66.96
2024-02-11,GBR,79.98
2024-02-12,DNK,74.68
2024-02-12,DEU,73.12
2024-02-12,NLD,74.77
2024-02-12,GBR,76.42
2024-02-13,DNK,71.23
2024-02-13,DEU,72.65
2024-02-13,NLD,71.76
2024-02-13,GBR,75.97
2024-02-14,DNK,68.21
2024-02-14,DEU,69.08
2024-02-14,NLD,67.86
2024-02-14,GBR,75.7
2024-02-15,DNK,69.89
2024-02-15,DEU,71.0
2024-02-15,NLD,68.4
2024-02-15,GBR,72.72
2024-02-16,DNK,48.58
2024-02-16,DEU,61.33
2024-02-16,NLD,64.74
2024-02-16,GBR,72.18
2024-02-17,DNK,58.28
2024-02-17,DEU,66.83
2024-02-17,NLD,70.79
2024-02-17,GBR,70.34
2024-02-18,DNK,49.65
2024-02-18,DEU,53.84
2024-02-18,NLD,55.11
2024-02-18,GBR,66.42
2024-02-19,DNK,64.25
2024-02-19,DEU,65.42
2024-02-19,NLD,66.0
2024-02-19,GBR,67.09
2024-02-20,DNK,58.81
2024-02-20,DEU,63.11
2024-02-20,NLD,61.89
2024-02-20,GBR,66.99
2024-02-21,DNK,49.69
2024-02-21,DEU,56.31
2024-02-21,NLD,56.35
2024-02-21,GBR,60.79
2024-02-22,DNK,47.83
2024-02-22,DEU,48.68
2024-02-22,NLD,52.41
2024-02-22,GBR,62.49
2024-02-23,DNK,31.64
2024-02-23,DEU,44.01
2024-02-23,NLD,46.36
2024-02-23,GBR,67.31
2024-02-24,DNK,56.78
2024-02-24,DEU,57.64
2024-02-24,NLD,57.72
2024-02-24,GBR,70.32
2024-02-25,DNK,61.15
2024-02-25,DEU,58.14
2024-02-25,NLD,62.42
2024-02-25,GBR,71.02
2024-02-26,DNK,66.26
2024-02-26,DEU,65.44
2024-02-26,NLD,66.17
2024-02-26,GBR,68.95
2024-02-27,DNK,73.95
2024-02-27,DEU,74.88
2024-02-27,NLD,71.63
2024-02-27,GBR,71.63
2024-02-28,DNK,68.84
2024-02-28,DEU,71.7
2024-02-28,NLD,69.6
2024-02-28,GBR,69.55
2024-02-29,DNK,46.22
2024-02-29,DEU,62.88
2024-02-29,NLD,64.4
2024-02-29,GBR,68.98
2024-03-01,DNK,63.54
2024-03-01,DEU,69.71
2024-03-01,NLD,69.59
2024-03-01,GBR,73.84
2024-03-02,DNK,63.75
2024-03-02,DEU,62.73
2024-03-02,NLD,64.83
2024-03-02,GBR,75.05
2024-03-03,DNK,60.29
2024-03-03,DEU,59.68
2024-03-03,NLD,65.8
2024-03-03,GBR,78.32
2024-03-04,DNK,67.41
2024-03-04,DEU,76.02
2024-03-04,NLD,75.61
2024-03-04,GBR,77.92
2024-03-05,DNK,65.08
2024-03-05,DEU,74.7
2024-03-05,NLD,72.77
2024-03-05,GBR,76.07
2024-03-06,DNK,82.93
2024-03-06,DEU,82.95
2024-03-06,NLD,82.68
2024-03-06,GBR,82.55
2024-03-07,DNK,76.12
2024-03-07,DEU,75.45
2024-03-07,NLD,76.24
2024-03-07,GBR,79.75
2024-03-08,DNK,66.49
2024-03-08,DEU,61.64
2024-03-08,NLD,54.26
2024-03-08,GBR,71.5
2024-03-09,DNK,42.8
2024-03-09,DEU,45.31
2024-03-09,NLD,39.56
2024-03-09,GBR,58.63
2024-03-10,DNK,33.87
2024-03-10,DEU,39.62
2024-03-10,NLD,37.15
2024-03-10,GBR,63.97
2024-03-11,DNK,60.45
2024-03-11,DEU,73.52
2024-03-11,NLD,76.61
2024-03-11,GBR,81.63
2024-03-12,DNK,86.23
2024-03-12,DEU,83.88
2024-03-12,NLD,76.38
2024-03-12,GBR,77.33
2024-03-13,DNK,65.16
2024-03-13,DEU,72.27
2024-03-13,NLD,68.12
2024-03-13,GBR,68.93
2024-03-14,DNK,53.75
2024-03-14,DEU,66.4
2024-03-14,NLD,61.68
2024-03-14,GBR,70.08
2024-03-15,DNK,49.01
2024-03-15,DEU,55.37
2024-03-15,NLD,52.76
2024-03-15,GBR,68.7
2024-03-16,DNK,39.34
2024-03-16,DEU,48.34
2024-03-16,NLD,54.79
2024-03-16,GBR,75.41
2024-03-17,DNK,56.79
2024-03-17,DEU,60.13
2024-03-17,NLD,61.11
2024-03-17,GBR,72.09
2024-03-18,DNK,72.48
2024-03-18,DEU,79.37
2024-03-18,NLD,77.91
2024-03-18,GBR,79.03
2024-03-19,DNK,75.93
2024-03-19,DEU,82.32
2024-03-19,NLD,77.87
2024-03-19,GBR,80.96
2024-03-20,DNK,91.35
2024-03-20,DEU,90.54
2024-03-20,NLD,89.48
2024-03-20,GBR,89.82
2024-03-21,DNK,77.62
2024-03-21,DEU,80.09
2024-03-21,NLD,77.19
2024-03-21,GBR,77.78
2024-03-22,DNK,49.85
2024-03-22,DEU,67.36
2024-03-22,NLD,67.27
2024-03-22,GBR,60.86
2024-03-23,DNK,31.72
2024-03-23,DEU,32.55
2024-03-23,NLD,30.95
2024-03-23,GBR,12.3
2024-03-24,DNK,47.13
2024-03-24,DEU,22.18
2024-03-24,NLD,25.46
2024-03-24,GBR,45.43
2024-03-25,DNK,85.28
2024-03-25,DEU,79.14
2024-03-25,NLD,80.82
2024-03-25,GBR,83.24
2024-03-26,DNK,61.66
2024-03-26,DEU,65.97
2024-03-26,NLD,66.32
2024-03-26,GBR,82.79
2024-03-27,DNK,71.0
2024-03-27,DEU,75.14
2024-03-27,NLD,74.5
2024-03-27,GBR,72.78
2024-03-28,DNK,48.91
2024-03-28,DEU,49.61
2024-03-28,NLD,43.06
2024-03-28,GBR,70.19
2024-03-29,DNK,39.73
2024-03-29,DEU,37.17
2024-03-29,NLD,46.07
2024-03-29,GBR,70.93
2024-03-30,DNK,51.92
2024-03-30,DEU,46.56
2024-03-30,NLD,63.12
2024-03-30,GBR,80.42
2024-03-31,DNK,58.21
2024-03-31,DEU,43.0
2024-03-31,NLD,54.71
2024-03-31,GBR,75.85
2024-04-01,DNK,41.77
2024-04-01,DEU,23.65
2024-04-01,NLD,42.07
2024-04-01,GBR,72.55
2024-04-01,GBR,52.53
2024-04-02,DNK,48.85
2024-04-02,DEU,38.7
2024-04-02,NLD,44.23
2024-04-02,GBR,79.1
2024-04-03,DNK,80.92
2024-04-03,DEU,81.57
2024-04-03,NLD,75.23
2024-04-03,GBR,68.81
2024-04-04,DNK,62.39
2024-04-04,DEU,64.11
2024-04-04,NLD,59.59
2024-04-04,GBR,71.45
2024-04-05,DNK,49.14
2024-04-05,DEU,47.3
2024-04-05,NLD,40.56
2024-04-05,GBR,48.13
2024-04-06,DNK,34.04
2024-04-06,DEU,25.12
2024-04-06,NLD,12.51
2024-04-06,GBR,6.05
2024-04-07,DNK,18.79
2024-04-07,DEU,24.1
2024-04-07,NLD,16.88
2024-04-07,GBR,10.1
2024-04-08,DNK,72.92
2024-04-08,DEU,81.2
2024-04-08,NLD,83.67
2024-04-08,GBR,69.74
2024-04-09,DNK,48.69
2024-04-09,DEU,53.49
2024-04-09,NLD,48.07
2024-04-09,GBR,55.21
2024-04-10,DNK,37.34
2024-04-10,DEU,70.95
2024-04-10,NLD,56.45
2024-04-10,GBR,58.44
2024-04-11,DNK,38.52
2024-04-11,DEU,62.8
2024-04-11,NLD,70.06
2024-04-11,GBR,53.38
2024-04-12,DNK,35.82
2024-04-12,DEU,59.25
2024-04-12,NLD,53.29
2024-04-12,GBR,31.28
2024-04-13,DNK,10.36
2024-04-13,DEU,16.36
2024-04-13,NLD,7.11
2024-04-13,GBR,12.5
2024-04-14,DNK,19.5
2024-04-14,DEU,16.66
2024-04-14,NLD,24.83
2024-04-14,GBR,23.61
2024-04-15,DNK,63.72
2024-04-15,DEU,58.23
2024-04-15,NLD,55.03
2024-04-15,GBR,32.69
2024-04-16,DNK,62.69
2024-04-16,DEU,63.66
2024-04-16,NLD,58.86
2024-04-16,GBR,49.6
2024-04-17,DNK,102.42
2024-04-17,DEU,106.92
2024-04-17,NLD,99.17
2024-04-17,GBR,83.8
2024-04-18,DNK,94.1
2024-04-18,DEU,94.62
2024-04-18,NLD,90.98
2024-04-18,GBR,86.89
2024-04-19,DNK,57.84
2024-04-19,DEU,56.99
2024-04-19,NLD,47.92
2024-04-19,GBR,56.18
2024-04-20,DNK,59.64
2024-04-20,DEU,58.79
2024-04-20,NLD,53.23
2024-04-20,GBR,81.4
2024-04-21,DNK,58.67
2024-04-21,DEU,56.08
2024-04-21,NLD,48.75
2024-04-21,GBR,80.53
2024-04-22,DNK,98.92
2024-04-22,DEU,99.07
2024-04-22,NLD,93.27
2024-04-22,GBR,89.81
2024-04-23,DNK,96.99
2024-04-23,DEU,96.26
2024-04-23,NLD,95.47
2024-04-23,GBR,85.07
2024-04-24,DNK,95.25
2024-04-24,DEU,92.16
2024-04-24,NLD,80.13
2024-04-24,GBR,83.7
2024-04-25,DNK,90.3
2024-04-25,DEU,91.65
2024-04-25,NLD,88.32
2024-04-25,GBR,88.01
2024-04-26,DNK,87.07
2024-04-26,DEU,88.48
2024-04-26,NLD,87.03
2024-04-26,GBR,89.5
2024-04-27,DNK,64.58
2024-04-27,DEU,58.56
2024-04-27,NLD,59.37
2024-04-27,GBR,85.6
2024-04-28,DNK,24.36
2024-04-28,DEU,19.37
2024-04-28,NLD,13.52
2024-04-28,GBR,78.47
2024-04-29,DNK,79.85
2024-04-29,DEU,83.52
2024-04-29,NLD,76.97
2024-04-29,GBR,76.95
2024-04-30,DNK,53.38
2024-04-30,DEU,69.16
2024-04-30,NLD,70.15
2024-04-30,GBR,74.81
2024-05-01,DNK,19.13
2024-05-01,DEU,3.47
2024-05-01,NLD,24.15
2024-05-01,GBR,81.1
2024-05-02,DNK,23.98
2024-05-02,DEU,42.69
2024-05-02,NLD,49.61
2024-05-02,GBR,73.97
2024-05-03,DNK,54.51
2024-05-03,DEU,75.26
2024-05-03,NLD,78.89
2024-05-03,GBR,82.36
2024-05-04,DNK,75.01
2024-05-04,DEU,73.22
2024-05-04,NLD,73.62
2024-05-04,GBR,85.3
2024-05-05,DNK,54.24
2024-05-05,DEU,51.49
2024-05-05,NLD,59.06
2024-05-05,GBR,89.35
2024-05-06,DNK,91.56
2024-05-06,DEU,92.98
2024-05-06,NLD,93.6
2024-05-06,GBR,90.0
2024-05-07,DNK,88.69
2024-05-07,DEU,93.85
2024-05-07,NLD,87.76
2024-05-07,GBR,90.0
2024-05-08,DNK,90.24
2024-05-08,DEU,92.9
2024-05-08,NLD,91.79
2024-05-08,GBR,89.46
2024-05-09,DNK,58.95
2024-05-09,DEU,62.03
2024-05-09,NLD,59.05
2024-05-09,GBR,84.19
2024-05-10,DNK,71.49
2024-05-10,DEU,75.15
2024-05-10,NLD,72.2
2024-05-10,GBR,85.77
2024-05-11,DNK,51.12
2024-05-11,DEU,55.37
2024-05-11,NLD,40.93
2024-05-11,GBR,80.18
2024-05-12,DNK,20.48
2024-05-12,DEU,14.59
2024-05-12,NLD,-10.34
2024-05-12,GBR,54.2
2024-05-13,DNK,29.47
2024-05-13,DEU,53.24
2024-05-13,NLD,52.64
2024-05-13,GBR,76.89
2024-05-14,DNK,18.72
2024-05-14,DEU,28.6
2024-05-14,NLD,37.23
2024-05-14,GBR,75.53
2024-05-15,DNK,22.94
2024-05-15,DEU,41.25
2024-05-15,NLD,63.07
2024-05-15,GBR,82.95
2024-05-16,DNK,16.7
2024-05-16,DEU,49.14
2024-05-16,NLD,68.46
2024-05-16,GBR,85.74
2024-05-17,DNK,19.46
2024-05-17,DEU,67.92
2024-05-17,NLD,81.22
2024-05-17,GBR,86.87
2024-05-18,DNK,48.3
2024-05-18,DEU,56.07
2024-05-18,NLD,54.57
2024-05-18,GBR,84.99
2024-05-19,DNK,52.25
2024-05-19,DEU,49.29
2024-05-19,NLD,37.57
2024-05-19,GBR,82.74
2024-05-20,DNK,62.01
2024-05-20,DEU,56.21
2024-05-20,NLD,60.4
2024-05-20,GBR,87.43
2024-05-21,DNK,44.26
2024-05-21,DEU,77.27
2024-05-21,NLD,82.31
2024-05-21,GBR,93.85
2024-05-22,DNK,42.25
2024-05-22,DEU,86.9
2024-05-22,NLD,66.64
2024-05-22,GBR,86.77
2024-05-23,DNK,93.58
2024-05-23,DEU,97.98
2024-05-23,NLD,88.68
2024-05-23,GBR,77.47
2024-05-24,DNK,101.07
2024-05-24,DEU,102.61
2024-05-24,NLD,98.78
2024-05-24,GBR,101.64
2024-05-25,DNK,72.86
2024-05-25,DEU,73.93
2024-05-25,NLD,72.08
2024-05-25,GBR,92.89
2024-05-26,DNK,56.95
2024-05-26,DEU,58.36
2024-05-26,NLD,53.39
2024-05-26,GBR,87.45
2024-05-27,DNK,100.53
2024-05-27,DEU,104.02
2024-05-27,NLD,92.05
2024-05-27,GBR,93.58
2024-05-28,DNK,85.89
2024-05-28,DEU,91.3
2024-05-28,NLD,79.53
2024-05-28,GBR,95.23
2024-05-29,DNK,74.49
2024-05-29,DEU,82.31
2024-05-29,NLD,70.92
2024-05-29,GBR,88.47
2024-05-30,DNK,92.72
2024-05-30,DEU,92.65
2024-05-30,NLD,85.07
2024-05-30,GBR,79.32
2024-05-31,DNK,80.01
2024-05-31,DEU,91.33
2024-05-31,NLD,71.74
2024-05-31,GBR,80.71
2024-06-01,DNK,51.18
2024-06-01,DEU,54.71
2024-06-01,NLD,44.45
2024-06-01,GBR,73.95
2024-06-02,DNK,24.5
2024-06-02,DEU,26.79
2024-06-02,NLD,13.3
2024-06-02,GBR,78.41
2024-06-03,DNK,96.84
2024-06-03,DEU,103.46
2024-06-03,NLD,103.36
2024-06-03,GBR,95.98
2024-06-04,DNK,89.46
2024-06-04,DEU,106.14
2024-06-04,NLD,84.07
2024-06-04,GBR,85.0
2024-06-05,DNK,61.5
2024-06-05,DEU,84.2
2024-06-05,NLD,75.97
2024-06-05,GBR,75.31
2024-06-06,DNK,79.91
2024-06-06,DEU,90.57
2024-06-06,NLD,81.08
2024-06-06,GBR,93.01
2024-06-07,DNK,77.67
2024-06-07,DEU,83.39
2024-06-07,NLD,76.76
2024-06-07,GBR,77.35
2024-06-08,DNK,21.54
2024-06-08,DEU,43.85
2024-06-08,NLD,41.12
2024-06-08,GBR,37.73
2024-06-09,DNK,7.37
2024-06-09,DEU,27.6
2024-06-09,NLD,25.6
2024-06-09,GBR,37.17
2024-06-10,DNK,53.38
2024-06-10,DEU,89.16
2024-06-10,NLD,89.75
2024-06-10,GBR,83.61
2024-06-11,DNK,62.56
2024-06-11,DEU,63.54
2024-06-11,NLD,63.43
2024-06-11,GBR,86.65
2024-06-12,DNK,83.07
2024-06-12,DEU,89.3
2024-06-12,NLD,86.46
2024-06-12,GBR,102.48
2024-06-13,DNK,87.69
2024-06-13,DEU,94.44
2024-06-13,NLD,82.83
2024-06-13,GBR,93.6
2024-06-14,DNK,72.73
2024-06-14,DEU,79.64
2024-06-14,NLD,77.24
2024-06-14,GBR,85.27
2024-06-15,DNK,16.4
2024-06-15,DEU,9.01
2024-06-15,NLD,10.37
2024-06-15,GBR,87.85
2024-06-16,DNK,31.73
2024-06-16,DEU,27.02
2024-06-16,NLD,24.12
2024-06-16,GBR,72.57
2024-06-17,DNK,93.58
2024-06-17,DEU,95.31
2024-06-17,NLD,89.41
2024-06-17,GBR,101.09
2024-06-18,DNK,95.17
2024-06-18,DEU,98.79
2024-06-18,NLD,96.22
2024-06-18,GBR,101.42
2024-06-19,DNK,61.12
2024-06-19,DEU,82.79
2024-06-19,NLD,76.93
2024-06-19,GBR,96.52
2024-06-20,DNK,94.18
2024-06-20,DEU,94.8
2024-06-20,NLD,92.37
2024-06-20,GBR,99.19
2024-06-21,DNK,95.17
2024-06-21,DEU,94.47
2024-06-21,NLD,93.07
2024-06-21,GBR,94.41
2024-06-22,DNK,53.08
2024-06-22,DEU,52.1
2024-06-22,NLD,52.94
2024-06-22,GBR,91.97
2024-06-23,DNK,51.09
2024-06-23,DEU,52.08
2024-06-23,NLD,53.7
2024-06-23,GBR,88.49
2024-06-24,DNK,91.06
2024-06-24,DEU,91.94
2024-06-24,NLD,88.71
2024-06-24,GBR,97.49
2024-06-25,DNK,74.24
2024-06-25,DEU,82.39
2024-06-25,NLD,71.12
2024-06-25,GBR,98.12
2024-06-26,DNK,62.46
2024-06-26,DEU,94.65
2024-06-26,NLD,103.05
2024-06-26,GBR,96.34
2024-06-27,DNK,86.72
2024-06-27,DEU,95.91
2024-06-27,NLD,74.45
2024-06-27,GBR,71.25
2024-06-28,DNK,59.33
2024-06-28,DEU,64.37
2024-06-28,NLD,55.96
2024-06-28,GBR,43.79
2024-06-29,DNK,66.39
2024-06-29,DEU,65.18
2024-06-29,NLD,67.59
2024-06-29,GBR,92.88
2024-06-30,DNK,45.84
2024-06-30,DEU,48.73
2024-06-30,NLD,46.45
2024-06-30,GBR,89.3
2024-07-01,DNK,84.74
2024-07-01,DEU,91.86
2024-07-01,NLD,87.95
2024-07-01,GBR,94.06
2024-07-02,DNK,54.16
2024-07-02,DEU,85.79
2024-07-02,NLD,87.35
2024-07-02,GBR,90.1
2024-07-03,DNK,67.11
2024-07-03,DEU,88.58
2024-07-03,NLD,86.8
2024-07-03,GBR,79.13
2024-07-04,DNK,14.89
2024-07-04,DEU,31.8
2024-07-04,NLD,-0.54
2024-07-04,GBR,14.5
2024-07-05,DNK,25.47
2024-07-05,DEU,43.75
2024-07-05,NLD,37.84
2024-07-05,GBR,69.79
2024-07-06,DNK,9.21
2024-07-06,DEU,3.64
2024-07-06,NLD,-10.37
2024-07-06,GBR,50.76
2024-07-07,DNK,28.26
2024-07-07,DEU,32.02
2024-07-07,NLD,27.22
2024-07-07,GBR,72.67
2024-07-08,DNK,89.84
2024-07-08,DEU,94.13
2024-07-08,NLD,89.06
2024-07-08,GBR,97.3
2024-07-09,DNK,66.06
2024-07-09,DEU,74.65
2024-07-09,NLD,75.73
2024-07-09,GBR,88.77
2024-07-10,DNK,69.42
2024-07-10,DEU,81.78
2024-07-10,NLD,73.68
2024-07-10,GBR,78.39
2024-07-11,DNK,91.76
2024-07-11,DEU,90.94
2024-07-11,NLD,90.66
2024-07-11,GBR,87.04
2024-07-12,DNK,81.84
2024-07-12,DEU,87.8
2024-07-12,NLD,85.77
2024-07-12,GBR,85.31
2024-07-13,DNK,30.46
2024-07-13,DEU,30.81
2024-07-13,NLD,32.65
2024-07-13,GBR,81.34
2024-07-14,DNK,36.5
2024-07-14,DEU,22.81
2024-07-14,NLD,23.75
2024-07-14,GBR,71.4
2024-07-15,DNK,67.19
2024-07-15,DEU,78.3
2024-07-15,NLD,76.94
2024-07-15,GBR,91.67
2024-07-16,DNK,53.25
2024-07-16,DEU,50.56
2024-07-16,NLD,46.35
2024-07-16,GBR,84.19
2024-07-17,DNK,73.06
2024-07-17,DEU,75.51
2024-07-17,NLD,77.17
2024-07-17,GBR,91.24
2024-07-18,DNK,76.01
2024-07-18,DEU,92.49
2024-07-18,NLD,89.88
2024-07-18,GBR,90.34
2024-07-19,DNK,85.54
2024-07-19,DEU,85.7
2024-07-19,NLD,85.78
2024-07-19,GBR,87.91
2024-07-20,DNK,59.92
2024-07-20,DEU,58.86
2024-07-20,NLD,63.89
2024-07-20,GBR,88.57
2024-07-21,DNK,55.81
2024-07-21,DEU,53.99
2024-07-21,NLD,60.75
2024-07-21,GBR,84.44
2024-07-22,DNK,78.05
2024-07-22,DEU,83.45
2024-07-22,NLD,75.54
2024-07-22,GBR,87.32
2024-07-23,DNK,78.39
2024-07-23,DEU,80.88
2024-07-23,NLD,76.23
2024-07-23,GBR,86.93
2024-07-24,DNK,51.45
2024-07-24,DEU,66.28
2024-07-24,NLD,65.22
2024-07-24,GBR,87.31
2024-07-25,DNK,77.13
2024-07-25,DEU,81.0
2024-07-25,NLD,77.23
2024-07-25,GBR,87.26
2024-07-26,DNK,91.19
2024-07-26,DEU,91.67
2024-07-26,NLD,90.65
2024-07-26,GBR,87.54
2024-07-27,DNK,80.3
2024-07-27,DEU,80.4
2024-07-27,NLD,79.2
2024-07-27,GBR,88.66
2024-07-28,DNK,35.36
2024-07-28,DEU,42.47
2024-07-28,NLD,40.85
2024-07-28,GBR,84.93
2024-07-29,DNK,63.83
2024-07-29,DEU,76.79
2024-07-29,NLD,69.07
2024-07-29,GBR,86.65
2024-07-30,DNK,78.28
2024-07-30,DEU,81.04
2024-07-30,NLD,76.75
2024-07-30,GBR,90.78
2024-07-31,DNK,77.81
2024-07-31,DEU,80.78
2024-07-31,NLD,77.33
2024-07-31,GBR,93.1
2024-08-01,DNK,92.98
2024-08-01,DEU,95.22
2024-08-01,NLD,92.4
2024-08-01,GBR,96.74
2024-08-02,DNK,94.35
2024-08-02,DEU,95.26
2024-08-02,NLD,91.12
2024-08-02,GBR,87.73
2024-08-03,DNK,75.16
2024-08-03,DEU,74.29
2024-08-03,NLD,73.15
2024-08-03,GBR,93.66
2024-08-04,DNK,50.96
2024-08-04,DEU,60.77
2024-08-04,NLD,59.71
2024-08-04,GBR,83.7
2024-08-05,DNK,94.53
2024-08-05,DEU,96.63
2024-08-05,NLD,94.02
2024-08-05,GBR,72.44
2024-08-06,DNK,86.07
2024-08-06,DEU,88.11
2024-08-06,NLD,84.19
2024-08-06,GBR,85.52
2024-08-07,DNK,93.32
2024-08-07,DEU,92.04
2024-08-07,NLD,78.02
2024-08-07,GBR,60.23
2024-08-08,DNK,92.79
2024-08-08,DEU,92.89
2024-08-08,NLD,88.29
2024-08-08,GBR,75.33
2024-08-09,DNK,19.71
2024-08-09,DEU,52.08
2024-08-09,NLD,50.33
2024-08-09,GBR,21.33
2024-08-10,DNK,9.38
2024-08-10,DEU,49.24
2024-08-10,NLD,52.17
2024-08-10,GBR,35.05
2024-08-11,DNK,38.86
2024-08-11,DEU,54.31
2024-08-11,NLD,56.24
2024-08-11,GBR,87.35
2024-08-12,DNK,91.54
2024-08-12,DEU,88.47
2024-08-12,NLD,83.02
2024-08-12,GBR,56.37
2024-08-13,DNK,91.27
2024-08-13,DEU,97.89
2024-08-13,NLD,98.81
2024-08-13,GBR,84.6
2024-08-14,DNK,106.76
2024-08-14,DEU,111.9
2024-08-14,NLD,108.87
2024-08-14,GBR,93.75
2024-08-15,DNK,82.22
2024-08-15,DEU,85.46
2024-08-15,NLD,71.14
2024-08-15,GBR,62.99
2024-08-16,DNK,108.46
2024-08-16,DEU,104.72
2024-08-16,NLD,107.75
2024-08-16,GBR,77.44
2024-08-17,DNK,93.56
2024-08-17,DEU,94.01
2024-08-17,NLD,87.53
2024-08-17,GBR,77.37
2024-08-18,DNK,85.18
2024-08-18,DEU,82.47
2024-08-18,NLD,71.69
2024-08-18,GBR,58.08
2024-08-19,DNK,107.39
2024-08-19,DEU,109.26
2024-08-19,NLD,104.89
2024-08-19,GBR,91.22
2024-08-20,DNK,73.27
2024-08-20,DEU,89.47
2024-08-20,NLD,83.42
2024-08-20,GBR,65.88
2024-08-21,DNK,33.0
2024-08-21,DEU,53.21
2024-08-21,NLD,48.31
2024-08-21,GBR,39.07
2024-08-22,DNK,25.06
2024-08-22,DEU,61.82
2024-08-22,NLD,42.82
2024-08-22,GBR,34.14
2024-08-23,DNK,18.43
2024-08-23,DEU,44.63
2024-08-23,NLD,37.97
2024-08-23,GBR,38.28
2024-08-24,DNK,40.45
2024-08-24,DEU,39.2
2024-08-24,NLD,39.82
2024-08-24,GBR,69.12
2024-08-25,DNK,21.29
2024-08-25,DEU,32.79
2024-08-25,NLD,27.96
2024-08-25,GBR,18.1
2024-08-26,DNK,66.57
2024-08-26,DEU,100.02
2024-08-26,NLD,83.62
2024-08-26,GBR,66.65
2024-08-27,DNK,89.45
2024-08-27,DEU,95.28
2024-08-27,NLD,88.26
2024-08-27,GBR,69.72
2024-08-28,DNK,80.45
2024-08-28,DEU,95.48
2024-08-28,NLD,95.47
2024-08-28,GBR,99.23
2024-08-29,DNK,110.06
2024-08-29,DEU,112.47
2024-08-29,NLD,111.87
2024-08-29,GBR,101.11
2024-08-30,DNK,106.11
2024-08-30,DEU,110.03
2024-08-30,NLD,105.0
2024-08-30,GBR,106.67
2024-08-31,DNK,77.66
2024-08-31,DEU,75.26
2024-08-31,NLD,72.11
2024-08-31,GBR,84.54
2024-09-01,DNK,63.28
2024-09-01,DEU,58.1
2024-09-01,NLD,59.11
2024-09-01,GBR,64.2
2024-09-02,DNK,114.62
2024-09-02,DEU,111.31
2024-09-02,NLD,115.53
2024-09-02,GBR,107.92
2024-09-03,DNK,133.49
2024-09-03,DEU,144.09
2024-09-03,NLD,131.59
2024-09-03,GBR,111.89
2024-09-04,DNK,123.1
2024-09-04,DEU,126.37
2024-09-04,NLD,123.03
2024-09-04,GBR,109.44
2024-09-05,DNK,40.48
2024-09-05,DEU,63.21
2024-09-05,NLD,69.71
2024-09-05,GBR,93.76
2024-09-06,DNK,43.07
2024-09-06,DEU,80.29
2024-09-06,NLD,79.31
2024-09-06,GBR,90.22
2024-09-07,DNK,77.88
2024-09-07,DEU,79.41
2024-09-07,NLD,77.76
2024-09-07,GBR,99.98
2024-09-08,DNK,68.63
2024-09-08,DEU,71.13
2024-09-08,NLD,66.21
2024-09-08,GBR,96.88
2024-09-09,DNK,86.35
2024-09-09,DEU,103.63
2024-09-09,NLD,95.76
2024-09-09,GBR,95.15
2024-09-10,DNK,17.39
2024-09-10,DEU,57.12
2024-09-10,NLD,59.82
2024-09-10,GBR,40.33
2024-09-11,DNK,69.56
2024-09-11,DEU,87.77
2024-09-11,NLD,77.1
2024-09-11,GBR,69.7
2024-09-12,DNK,112.77
2024-09-12,DEU,113.95
2024-09-12,NLD,102.8
2024-09-12,GBR,94.96
2024-09-13,DNK,76.46
2024-09-13,DEU,87.32
2024-09-13,NLD,86.6
2024-09-13,GBR,99.51
2024-09-14,DNK,53.77
2024-09-14,DEU,57.11
2024-09-14,NLD,70.78
2024-09-14,GBR,72.95
2024-09-15,DNK,63.69
2024-09-15,DEU,62.79
2024-09-15,NLD,66.23
2024-09-15,GBR,90.63
2024-09-16,DNK,96.8
2024-09-16,DEU,101.14
2024-09-16,NLD,90.93
2024-09-16,GBR,100.33
2024-09-17,DNK,88.82
2024-09-17,DEU,88.11
2024-09-17,NLD,80.27
2024-09-17,GBR,95.8
2024-09-18,DNK,77.92
2024-09-18,DEU,77.76
2024-09-18,NLD,73.86
2024-09-18,GBR,93.09
2024-09-19,DNK,78.03
2024-09-19,DEU,76.9
2024-09-19,NLD,77.56
2024-09-19,GBR,95.4
2024-09-20,DNK,74.83
2024-09-20,DEU,74.6
2024-09-20,NLD,74.17
2024-09-20,GBR,95.63
2024-09-21,DNK,70.94
2024-09-21,DEU,69.17
2024-09-21,NLD,70.11
2024-09-21,GBR,92.07
2024-09-22,DNK,76.11
2024-09-22,DEU,72.96
2024-09-22,NLD,75.56
2024-09-22,GBR,96.44
2024-09-23,DNK,121.19
2024-09-23,DEU,114.98
2024-09-23,NLD,113.08
2024-09-23,GBR,107.1
2024-09-24,DNK,85.99
2024-09-24,DEU,91.65
2024-09-24,NLD,86.0
2024-09-24,GBR,97.1
2024-09-25,DNK,55.25
2024-09-25,DEU,79.51
2024-09-25,NLD,94.93
2024-09-25,GBR,103.98
2024-09-26,DNK,47.33
2024-09-26,DEU,53.09
2024-09-26,NLD,47.38
2024-09-26,GBR,87.13
2024-09-27,DNK,16.5
2024-09-27,DEU,16.16
2024-09-27,NLD,20.21
2024-09-27,GBR,66.67
2024-09-28,DNK,16.41
2024-09-28,DEU,37.67
2024-09-28,NLD,47.61
2024-09-28,GBR,96.29
2024-09-29,DNK,53.5
2024-09-29,DEU,57.81
2024-09-29,NLD,61.04
2024-09-29,GBR,96.99
2024-09-30,DNK,24.87
2024-09-30,DEU,41.48
2024-09-30,NLD,34.65
2024-09-30,GBR,84.15
2024-10-01,DNK,35.96
2024-10-01,DEU,74.56
2024-10-01,NLD,74.49
2024-10-01,GBR,86.4
2024-10-02,DNK,81.23
2024-10-02,DEU,96.37
2024-10-02,NLD,94.23
2024-10-02,GBR,98.41
2024-10-03,DNK,73.21
2024-10-03,DEU,77.39
2024-10-03,NLD,86.79
2024-10-03,GBR,106.15
2024-10-04,DNK,97.43
2024-10-04,DEU,98.14
2024-10-04,NLD,97.06
2024-10-04,GBR,99.85
2024-10-05,DNK,82.88
2024-10-05,DEU,86.49
2024-10-05,NLD,80.46
2024-10-05,GBR,88.6
2024-10-06,DNK,50.94
2024-10-06,DEU,55.3
2024-10-06,NLD,52.19
2024-10-06,GBR,85.46
2024-10-07,DNK,72.99
2024-10-07,DEU,86.44
2024-10-07,NLD,83.98
2024-10-07,GBR,109.54
2024-10-08,DNK,87.14
2024-10-08,DEU,91.93
2024-10-08,NLD,84.2
2024-10-08,GBR,105.44
2024-10-09,DNK,82.48
2024-10-09,DEU,81.57
2024-10-09,NLD,80.36
2024-10-09,GBR,93.79
2024-10-10,DNK,38.75
2024-10-10,DEU,60.89
2024-10-10,NLD,65.42
2024-10-10,GBR,89.22
2024-10-11,DNK,63.73
2024-10-11,DEU,92.59
2024-10-11,NLD,96.53
2024-10-11,GBR,104.81
2024-10-12,DNK,39.82
2024-10-12,DEU,53.93
2024-10-12,NLD,67.23
2024-10-12,GBR,91.57
2024-10-13,DNK,17.38
2024-10-13,DEU,14.41
2024-10-13,NLD,41.02
2024-10-13,GBR,82.78
2024-10-14,DNK,109.06
2024-10-14,DEU,84.51
2024-10-14,NLD,116.33
2024-10-14,GBR,124.31
2024-10-15,DNK,89.1
2024-10-15,DEU,91.52
2024-10-15,NLD,87.47
2024-10-15,GBR,100.27
2024-10-16,DNK,22.29
2024-10-16,DEU,36.02
2024-10-16,NLD,38.33
2024-10-16,GBR,83.11
2024-10-17,DNK,65.24
2024-10-17,DEU,77.29
2024-10-17,NLD,89.92
2024-10-17,GBR,108.21
2024-10-18,DNK,102.61
2024-10-18,DEU,103.78
2024-10-18,NLD,106.04
2024-10-18,GBR,103.53
2024-10-19,DNK,82.97
2024-10-19,DEU,80.61
2024-10-19,NLD,84.05
2024-10-19,GBR,103.95
2024-10-20,DNK,24.14
2024-10-20,DEU,32.89
2024-10-20,NLD,29.97
2024-10-20,GBR,40.14
2024-10-21,DNK,63.64
2024-10-21,DEU,54.75
2024-10-21,NLD,89.78
2024-10-21,GBR,74.33
2024-10-22,DNK,93.14
2024-10-22,DEU,100.71
2024-10-22,NLD,100.95
2024-10-22,GBR,107.13
2024-10-23,DNK,106.97
2024-10-23,DEU,113.14
2024-10-23,NLD,107.69
2024-10-23,GBR,109.17
2024-10-24,DNK,99.24
2024-10-24,DEU,101.22
2024-10-24,NLD,98.7
2024-10-24,GBR,99.95
2024-10-25,DNK,115.23
2024-10-25,DEU,113.59
2024-10-25,NLD,110.8
2024-10-25,GBR,127.35
2024-10-26,DNK,99.69
2024-10-26,DEU,96.69
2024-10-26,NLD,99.5
2024-10-26,GBR,111.99
2024-10-27,DNK,89.21
2024-10-27,DEU,83.23
2024-10-27,NLD,89.93
2024-10-27,GBR,109.02
2024-10-27,GBR,90.91
2024-10-28,DNK,110.02
2024-10-28,DEU,95.32
2024-10-28,NLD,105.71
2024-10-28,GBR,114.73
2024-10-29,DNK,140.98
2024-10-29,DEU,136.15
2024-10-29,NLD,134.17
2024-10-29,GBR,126.2
2024-10-30,DNK,98.83
2024-10-30,DEU,129.7
2024-10-30,NLD,118.73
2024-10-30,GBR,124.31
2024-10-31,DNK,40.63
2024-10-31,DEU,102.32
2024-10-31,NLD,109.89
2024-10-31,GBR,109.48
2024-11-01,DNK,9.87
2024-11-01,DEU,69.38
2024-11-01,NLD,105.98
2024-11-01,GBR,109.9
2024-11-02,DNK,106.43
2024-11-02,DEU,105.0
2024-11-02,NLD,105.22
2024-11-02,GBR,109.38
2024-11-03,DNK,65.27
2024-11-03,DEU,90.92
2024-11-03,NLD,92.04
2024-11-03,GBR,107.45
2024-11-04,DNK,123.93
2024-11-04,DEU,130.58
2024-11-04,NLD,120.79
2024-11-04,GBR,125.77
2024-11-05,DNK,158.03
2024-11-05,DEU,155.96
2024-11-05,NLD,157.13
2024-11-05,GBR,137.07
2024-11-06,DNK,166.85
2024-11-06,DEU,225.5
2024-11-06,NLD,181.68
2024-11-06,GBR,148.65
2024-11-07,DNK,145.84
2024-11-07,DEU,168.2
2024-11-07,NLD,146.31
2024-11-07,GBR,117.97
2024-11-08,DNK,87.65
2024-11-08,DEU,114.03
2024-11-08,NLD,113.17
2024-11-08,GBR,116.34
2024-11-09,DNK,114.46
2024-11-09,DEU,113.96
2024-11-09,NLD,114.05
2024-11-09,GBR,122.58
2024-11-10,DNK,114.35
2024-11-10,DEU,111.44
2024-11-10,NLD,113.35
2024-11-10,GBR,117.11
2024-11-11,DNK,121.81
2024-11-11,DEU,118.31
2024-11-11,NLD,107.99
2024-11-11,GBR,113.96
2024-11-12,DNK,166.34
2024-11-12,DEU,166.93
2024-11-12,NLD,144.69
2024-11-12,GBR,130.83
2024-11-13,DNK,135.98
2024-11-13,DEU,152.93
2024-11-13,NLD,145.79
2024-11-13,GBR,135.41
2024-11-14,DNK,108.45
2024-11-14,DEU,123.99
2024-11-14,NLD,123.06
2024-11-14,GBR,127.67
2024-11-15,DNK,86.31
2024-11-15,DEU,124.85
2024-11-15,NLD,123.39
2024-11-15,GBR,119.47
2024-11-16,DNK,23.35
2024-11-16,DEU,90.15
2024-11-16,NLD,105.07
2024-11-16,GBR,107.85
2024-11-17,DNK,29.1
2024-11-17,DEU,50.8
2024-11-17,NLD,78.12
2024-11-17,GBR,99.8
2024-11-18,DNK,92.28
2024-11-18,DEU,99.45
2024-11-18,NLD,115.31
2024-11-18,GBR,130.19
2024-11-19,DNK,123.87
2024-11-19,DEU,123.19
2024-11-19,NLD,120.26
2024-11-19,GBR,122.33
2024-11-20,DNK,114.59
2024-11-20,DEU,114.72
2024-11-20,NLD,114.09
2024-11-20,GBR,118.17
2024-11-21,DNK,124.17
2024-11-21,DEU,123.11
2024-11-21,NLD,122.82
2024-11-21,GBR,124.64
2024-11-22,DNK,110.18
2024-11-22,DEU,110.36
2024-11-22,NLD,115.77
2024-11-22,GBR,126.65
2024-11-23,DNK,62.84
2024-11-23,DEU,73.7
2024-11-23,NLD,78.78
2024-11-23,GBR,104.53
2024-11-24,DNK,4.44
2024-11-24,DEU,7.98
2024-11-24,NLD,13.57
2024-11-24,GBR,33.9
2024-11-25,DNK,31.09
2024-11-25,DEU,35.22
2024-11-25,NLD,80.73
2024-11-25,GBR,81.0
2024-11-26,DNK,40.3
2024-11-26,DEU,113.78
2024-11-26,NLD,112.92
2024-11-26,GBR,133.85
2024-11-27,DNK,108.5
2024-11-27,DEU,118.45
2024-11-27,NLD,110.59
2024-11-27,GBR,129.09
2024-11-28,DNK,96.38
2024-11-28,DEU,72.35
2024-11-28,NLD,109.59
2024-11-28,GBR,127.22
2024-11-29,DNK,125.21
2024-11-29,DEU,137.67
2024-11-29,NLD,124.33
2024-11-29,GBR,119.88
2024-11-30,DNK,75.92
2024-11-30,DEU,105.53
2024-11-30,NLD,107.46
2024-11-30,GBR,113.37
2024-12-01,DNK,82.67
2024-12-01,DEU,94.69
2024-12-01,NLD,93.31
2024-12-01,GBR,108.61
2024-12-02,DNK,85.73
2024-12-02,DEU,109.23
2024-12-02,NLD,110.59
2024-12-02,GBR,110.5
2024-12-03,DNK,135.51
2024-12-03,DEU,141.67
2024-12-03,NLD,141.69
2024-12-03,GBR,139.56
2024-12-04,DNK,175.2
2024-12-04,DEU,183.39
2024-12-04,NLD,175.86
2024-12-04,GBR,150.15
2024-12-05,DNK,73.22
2024-12-05,DEU,102.47
2024-12-05,NLD,99.72
2024-12-05,GBR,109.05
2024-12-06,DNK,89.19
2024-12-06,DEU,89.76
2024-12-06,NLD,90.0
2024-12-06,GBR,97.18
2024-12-07,DNK,58.83
2024-12-07,DEU,73.09
2024-12-07,NLD,66.12
2024-12-07,GBR,78.21
2024-12-08,DNK,62.66
2024-12-08,DEU,91.32
2024-12-08,NLD,89.31
2024-12-08,GBR,83.8
2024-12-09,DNK,77.14
2024-12-09,DEU,96.97
2024-12-09,NLD,97.12
2024-12-09,GBR,113.83
2024-12-10,DNK,149.41
2024-12-10,DEU,147.33
2024-12-10,NLD,133.25
2024-12-10,GBR,136.88
2024-12-11,DNK,260.16
2024-12-11,DEU,251.83
2024-12-11,NLD,227.75
2024-12-11,GBR,211.22
2024-12-12,DNK,395.67
2024-12-12,DEU,357.85
2024-12-12,NLD,355.91
2024-12-12,GBR,256.93
2024-12-13,DNK,177.92
2024-12-13,DEU,186.65
2024-12-13,NLD,177.31
2024-12-13,GBR,188.91
2024-12-14,DNK,53.56
2024-12-14,DEU,98.48
2024-12-14,NLD,101.61
2024-12-14,GBR,111.24
2024-12-15,DNK,28.73
2024-12-15,DEU,49.82
2024-12-15,NLD,62.03
2024-12-15,GBR,66.67
2024-12-16,DNK,21.4
2024-12-16,DEU,56.34
2024-12-16,NLD,61.23
2024-12-16,GBR,80.69
2024-12-17,DNK,64.25
2024-12-17,DEU,91.23
2024-12-17,NLD,91.12
2024-12-17,GBR,98.98
2024-12-18,DNK,29.68
2024-12-18,DEU,53.94
2024-12-18,NLD,60.26
2024-12-18,GBR,73.16
2024-12-19,DNK,28.53
2024-12-19,DEU,51.25
2024-12-19,NLD,69.97
2024-12-19,GBR,77.97
2024-12-20,DNK,33.33
2024-12-20,DEU,73.56
2024-12-20,NLD,82.12
2024-12-20,GBR,89.6
2024-12-21,DNK,21.0
2024-12-21,DEU,23.41
2024-12-21,NLD,32.48
2024-12-21,GBR,30.77
2024-12-22,DNK,24.71
2024-12-22,DEU,21.42
2024-12-22,NLD,28.14
2024-12-22,GBR,25.76
2024-12-23,DNK,61.47
2024-12-23,DEU,60.81
2024-12-23,NLD,70.69
2024-12-23,GBR,91.54
2024-12-24,DNK,102.42
2024-12-24,DEU,100.91
2024-12-24,NLD,102.71
2024-12-24,GBR,101.25
2024-12-25,DNK,96.29
2024-12-25,DEU,93.38
2024-12-25,NLD,98.91
2024-12-25,GBR,104.19
2024-12-26,DNK,113.08
2024-12-26,DEU,108.23
2024-12-26,NLD,113.05
2024-12-26,GBR,121.16
2024-12-27,DNK,122.52
2024-12-27,DEU,114.95
2024-12-27,NLD,122.25
2024-12-27,GBR,128.33
2024-12-28,DNK,122.34
2024-12-28,DEU,121.17
2024-12-28,NLD,122.35
2024-12-28,GBR,122.7
2024-12-29,DNK,44.89
2024-12-29,DEU,94.77
2024-12-29,NLD,109.79
2024-12-29,GBR,107.89
2024-12-30,DNK,28.92
2024-12-30,DEU,77.54
2024-12-30,NLD,87.6
2024-12-30,GBR,106.83
2024-12-31,DNK,32.61
2024-12-31,DEU,57.57
2024-12-31,NLD,72.0
2024-12-31,GBR,63.24
2025-01-01,DNK,6.18
2025-01-01,DEU,-0.1
2025-01-01,NLD,39.37
2025-01-01,GBR,61.06
2025-01-02,DNK,83.99
2025-01-02,DEU,98.52
2025-01-02,NLD,132.8
2025-01-02,GBR,126.73
2025-01-03,DNK,65.93
2025-01-03,DEU,93.82
2025-01-03,NLD,115.73
2025-01-03,GBR,129.81
2025-01-04,DNK,121.63
2025-01-04,DEU,122.81
2025-01-04,NLD,124.34
2025-01-04,GBR,133.6
2025-01-05,DNK,68.48
2025-01-05,DEU,69.9
2025-01-05,NLD,62.12
2025-01-05,GBR,117.78
2025-01-06,DNK,24.23
2025-01-06,DEU,30.6
2025-01-06,NLD,54.58
2025-01-06,GBR,105.64
2025-01-07,DNK,26.77
2025-01-07,DEU,60.39
2025-01-07,NLD,84.13
2025-01-07,GBR,111.4
2025-01-08,DNK,76.57
2025-01-08,DEU,106.09
2025-01-08,NLD,109.04
2025-01-08,GBR,201.01
2025-01-09,DNK,121.35
2025-01-09,DEU,122.79
2025-01-09,NLD,114.84
2025-01-09,GBR,124.52
2025-01-10,DNK,109.69
2025-01-10,DEU,113.14
2025-01-10,NLD,113.9
2025-01-10,GBR,263.73
2025-01-11,DNK,84.34
2025-01-11,DEU,103.33
2025-01-11,NLD,113.55
2025-01-11,GBR,128.35
2025-01-12,DNK,107.49
2025-01-12,DEU,112.41
2025-01-12,NLD,113.49
2025-01-12,GBR,124.12
2025-01-13,DNK,78.94
2025-01-13,DEU,127.36
2025-01-13,NLD,124.91
2025-01-13,GBR,122.59
2025-01-14,DNK,55.83
2025-01-14,DEU,126.59
2025-01-14,NLD,117.97
2025-01-14,GBR,133.54
2025-01-15,DNK,207.13
2025-01-15,DEU,227.2
2025-01-15,NLD,208.1
2025-01-15,GBR,151.81
2025-01-16,DNK,105.04
2025-01-16,DEU,152.52
2025-01-16,NLD,144.0
2025-01-16,GBR,133.0
2025-01-17,DNK,109.01
2025-01-17,DEU,147.53
2025-01-17,NLD,144.08
2025-01-17,GBR,127.8
2025-01-18,DNK,133.16
2025-01-18,DEU,134.06
2025-01-18,NLD,133.94
2025-01-18,GBR,128.44
2025-01-19,DNK,128.41
2025-01-19,DEU,128.05
2025-01-19,NLD,128.25
2025-01-19,GBR,138.41
2025-01-20,DNK,231.6
2025-01-20,DEU,203.22
2025-01-20,NLD,224.4
2025-01-20,GBR,229.12
2025-01-21,DNK,163.39
2025-01-21,DEU,169.67
2025-01-21,NLD,164.27
2025-01-21,GBR,188.69
2025-01-22,DNK,155.5
2025-01-22,DEU,143.88
2025-01-22,NLD,157.58
2025-01-22,GBR,303.93
2025-01-23,DNK,88.93
2025-01-23,DEU,105.05
2025-01-23,NLD,102.58
2025-01-23,GBR,126.46
2025-01-24,DNK,37.32
2025-01-24,DEU,80.45
2025-01-24,NLD,78.85
2025-01-24,GBR,109.69
2025-01-25,DNK,85.03
2025-01-25,DEU,103.88
2025-01-25,NLD,100.55
2025-01-25,GBR,111.94
2025-01-26,DNK,95.21
2025-01-26,DEU,98.93
2025-01-26,NLD,87.44
2025-01-26,GBR,111.96
2025-01-27,DNK,42.64
2025-01-27,DEU,67.47
2025-01-27,NLD,55.68
2025-01-27,GBR,112.09
2025-01-28,DNK,93.45
2025-01-28,DEU,106.41
2025-01-28,NLD,89.77
2025-01-28,GBR,121.33
2025-01-29,DNK,104.66
2025-01-29,DEU,107.33
2025-01-29,NLD,107.04
2025-01-29,GBR,117.17
2025-01-30,DNK,119.81
2025-01-30,DEU,135.79
2025-01-30,NLD,133.71
2025-01-30,GBR,137.17
2025-01-31,DNK,135.8
2025-01-31,DEU,140.86
2025-01-31,NLD,140.35
2025-01-31,GBR,147.2
2025-02-01,DNK,132.78
2025-02-01,DEU,134.12
2025-02-01,NLD,134.45
2025-02-01,GBR,134.83
2025-02-02,DNK,135.69
2025-02-02,DEU,134.08
2025-02-02,NLD,136.22
2025-02-02,GBR,137.68
2025-02-03,DNK,151.71
2025-02-03,DEU,168.06
2025-02-03,NLD,152.5
2025-02-03,GBR,141.99
2025-02-04,DNK,113.78
2025-02-04,DEU,142.77
2025-02-04,NLD,132.39
2025-02-04,GBR,130.59
2025-02-05,DNK,102.8
2025-02-05,DEU,142.76
2025-02-05,NLD,138.68
2025-02-05,GBR,141.83
2025-02-06,DNK,141.34
2025-02-06,DEU,150.2
2025-02-06,NLD,139.08
2025-02-06,GBR,144.0
2025-02-07,DNK,102.15
2025-02-07,DEU,117.41
2025-02-07,NLD,112.66
2025-02-07,GBR,135.2
2025-02-08,DNK,87.51
2025-02-08,DEU,111.62
2025-02-08,NLD,124.12
2025-02-08,GBR,141.63
2025-02-09,DNK,107.91
2025-02-09,DEU,127.39
2025-02-09,NLD,126.08
2025-02-09,GBR,140.57
2025-02-10,DNK,79.06
2025-02-10,DEU,125.19
2025-02-10,NLD,117.3
2025-02-10,GBR,141.38
2025-02-11,DNK,76.26
2025-02-11,DEU,122.49
2025-02-11,NLD,131.73
2025-02-11,GBR,149.1
2025-02-12,DNK,133.35
2025-02-12,DEU,153.9
2025-02-12,NLD,154.21
2025-02-12,GBR,152.3
2025-02-13,DNK,161.74
2025-02-13,DEU,168.06
2025-02-13,NLD,168.15
2025-02-13,GBR,156.68
2025-02-14,DNK,178.84
2025-02-14,DEU,185.01
2025-02-14,NLD,173.95
2025-02-14,GBR,153.99
2025-02-15,DNK,132.16
2025-02-15,DEU,135.81
2025-02-15,NLD,131.56
2025-02-15,GBR,134.77
2025-02-16,DNK,132.39
2025-02-16,DEU,127.89
2025-02-16,NLD,130.13
2025-02-16,GBR,129.41
2025-02-17,DNK,153.34
2025-02-17,DEU,156.41
2025-02-17,NLD,152.23
2025-02-17,GBR,141.31
2025-02-18,DNK,131.16
2025-02-18,DEU,133.22
2025-02-18,NLD,130.26
2025-02-18,GBR,129.38
2025-02-19,DNK,107.68
2025-02-19,DEU,110.83
2025-02-19,NLD,109.23
2025-02-19,GBR,119.71
2025-02-20,DNK,66.41
2025-02-20,DEU,98.78
2025-02-20,NLD,96.49
2025-02-20,GBR,104.92
2025-02-21,DNK,71.11
2025-02-21,DEU,90.07
2025-02-21,NLD,84.02
2025-02-21,GBR,77.63
2025-02-22,DNK,65.96
2025-02-22,DEU,71.86
2025-02-22,NLD,87.92
2025-02-22,GBR,95.58
2025-02-23,DNK,75.5
2025-02-23,DEU,85.55
2025-02-23,NLD,79.17
2025-02-23,GBR,68.18
2025-02-24,DNK,49.93
2025-02-24,DEU,91.09
2025-02-24,NLD,81.97
2025-02-24,GBR,87.7
2025-02-25,DNK,137.55
2025-02-25,DEU,141.17
2025-02-25,NLD,134.96
2025-02-25,GBR,117.8
2025-02-26,DNK,133.96
2025-02-26,DEU,137.67
2025-02-26,NLD,122.23
2025-02-26,GBR,124.08
2025-02-27,DNK,126.16
2025-02-27,DEU,127.59
2025-02-27,NLD,117.67
2025-02-27,GBR,117.01
2025-02-28,DNK,126.84
2025-02-28,DEU,130.88
2025-02-28,NLD,123.3
2025-02-28,GBR,121.9
2025-03-01,DNK,120.52
2025-03-01,DEU,120.61
2025-03-01,NLD,119.16
2025-03-01,GBR,118.86
2025-03-02,DNK,64.67
2025-03-02,DEU,91.19
2025-03-02,NLD,89.77
2025-03-02,GBR,110.71
2025-03-03,DNK,53.8
2025-03-03,DEU,105.27
2025-03-03,NLD,106.0
2025-03-03,GBR,121.55
2025-03-04,DNK,38.25
2025-03-04,DEU,107.94
2025-03-04,NLD,104.46
2025-03-04,GBR,115.65
2025-03-05,DNK,22.93
2025-03-05,DEU,80.95
2025-03-05,NLD,79.1
2025-03-05,GBR,97.07
2025-03-06,DNK,74.39
2025-03-06,DEU,90.96
2025-03-06,NLD,84.73
2025-03-06,GBR,98.29
2025-03-07,DNK,100.75
2025-03-07,DEU,104.53
2025-03-07,NLD,95.86
2025-03-07,GBR,110.93
2025-03-08,DNK,89.12
2025-03-08,DEU,85.3
2025-03-08,NLD,79.01
2025-03-08,GBR,98.42
2025-03-09,DNK,75.77
2025-03-09,DEU,74.04
2025-03-09,NLD,73.23
2025-03-09,GBR,107.57
2025-03-10,DNK,110.63
2025-03-10,DEU,115.3
2025-03-10,NLD,107.54
2025-03-10,GBR,104.47
2025-03-11,DNK,122.49
2025-03-11,DEU,124.4
2025-03-11,NLD,115.82
2025-03-11,GBR,110.34
2025-03-12,DNK,123.66
2025-03-12,DEU,126.1
2025-03-12,NLD,119.04
2025-03-12,GBR,113.22
2025-03-13,DNK,125.34
2025-03-13,DEU,124.47
2025-03-13,NLD,121.39
2025-03-13,GBR,124.11
2025-03-14,DNK,121.12
2025-03-14,DEU,121.69
2025-03-14,NLD,118.48
2025-03-14,GBR,123.05
2025-03-15,DNK,91.87
2025-03-15,DEU,93.07
2025-03-15,NLD,91.15
2025-03-15,GBR,111.55
2025-03-16,DNK,53.58
2025-03-16,DEU,75.46
2025-03-16,NLD,70.48
2025-03-16,GBR,112.78
2025-03-17,DNK,97.75
2025-03-17,DEU,100.53
2025-03-17,NLD,94.51
2025-03-17,GBR,116.96
2025-03-18,DNK,86.99
2025-03-18,DEU,91.12
2025-03-18,NLD,85.12
2025-03-18,GBR,111.53
2025-03-19,DNK,104.03
2025-03-19,DEU,104.41
2025-03-19,NLD,98.12
2025-03-19,GBR,119.57
2025-03-20,DNK,105.41
2025-03-20,DEU,107.71
2025-03-20,NLD,98.79
2025-03-20,GBR,116.75
2025-03-21,DNK,64.66
2025-03-21,DEU,64.99
2025-03-21,NLD,61.18
2025-03-21,GBR,75.68
2025-03-22,DNK,10.55
2025-03-22,DEU,13.89
2025-03-22,NLD,42.61
2025-03-22,GBR,89.76
2025-03-23,DNK,38.55
2025-03-23,DEU,58.72
2025-03-23,NLD,81.05
2025-03-23,GBR,115.54
2025-03-24,DNK,128.43
2025-03-24,DEU,124.93
2025-03-24,NLD,124.35
2025-03-24,GBR,118.07
2025-03-25,DNK,95.93
2025-03-25,DEU,110.38
2025-03-25,NLD,108.55
2025-03-25,GBR,115.23
2025-03-26,DNK,103.62
2025-03-26,DEU,114.3
2025-03-26,NLD,112.75
2025-03-26,GBR,112.05
2025-03-27,DNK,90.43
2025-03-27,DEU,99.09
2025-03-27,NLD,94.66
2025-03-27,GBR,105.69
2025-03-28,DNK,76.39
2025-03-28,DEU,87.61
2025-03-28,NLD,85.01
2025-03-28,GBR,84.71
2025-03-29,DNK,77.79
2025-03-29,DEU,80.88
2025-03-29,NLD,74.55
2025-03-29,GBR,81.17
2025-03-30,DNK,17.5
2025-03-30,DEU,15.43
2025-03-30,NLD,13.7
2025-03-30,GBR,39.79
2025-03-31,DNK,106.21
2025-03-31,DEU,100.53
2025-03-31,NLD,92.14
2025-03-31,GBR,99.89
2025-03-31,GBR,115.58
2025-04-01,DNK,91.64
2025-04-01,DEU,93.21
2025-04-01,NLD,79.49
2025-04-01,GBR,107.32
2025-04-02,DNK,63.55
2025-04-02,DEU,63.09
2025-04-02,NLD,51.0
2025-04-02,GBR,89.42
2025-04-03,DNK,80.17
2025-04-03,DEU,80.44
2025-04-03,NLD,75.49
2025-04-03,GBR,83.7
2025-04-04,DNK,83.48
2025-04-04,DEU,88.19
2025-04-04,NLD,82.15
2025-04-04,GBR,89.36
2025-04-05,DNK,52.5
2025-04-05,DEU,45.95
2025-04-05,NLD,47.02
2025-04-05,GBR,65.59
2025-04-06,DNK,52.7
2025-04-06,DEU,42.67
2025-04-06,NLD,36.99
2025-04-06,GBR,78.48
2025-04-07,DNK,95.89
2025-04-07,DEU,96.1
2025-04-07,NLD,91.18
2025-04-07,GBR,104.83
2025-04-08,DNK,99.51
2025-04-08,DEU,101.76
2025-04-08,NLD,90.58
2025-04-08,GBR,99.34
2025-04-09,DNK,90.38
2025-04-09,DEU,90.44
2025-04-09,NLD,80.01
2025-04-09,GBR,98.88
2025-04-10,DNK,55.0
2025-04-10,DEU,81.68
2025-04-10,NLD,80.29
2025-04-10,GBR,96.19
2025-04-11,DNK,46.92
2025-04-11,DEU,66.16
2025-04-11,NLD,73.04
2025-04-11,GBR,94.99
2025-04-12,DNK,61.09
2025-04-12,DEU,60.89
2025-04-12,NLD,54.94
2025-04-12,GBR,88.28
2025-04-13,DNK,41.0
2025-04-13,DEU,43.7
2025-04-13,NLD,40.47
2025-04-13,GBR,81.26
2025-04-14,DNK,96.28
2025-04-14,DEU,99.03
2025-04-14,NLD,93.09
2025-04-14,GBR,93.52
2025-04-15,DNK,37.6
2025-04-15,DEU,70.39
2025-04-15,NLD,70.49
2025-04-15,GBR,97.44
2025-04-16,DNK,83.42
2025-04-16,DEU,88.83
2025-04-16,NLD,85.71
2025-04-16,GBR,77.09
2025-04-17,DNK,94.72
2025-04-17,DEU,96.63
2025-04-17,NLD,97.99
2025-04-17,GBR,98.63
2025-04-18,DNK,81.66
2025-04-18,DEU,86.16
2025-04-18,NLD,86.01
2025-04-18,GBR,93.01
2025-04-19,DNK,66.72
2025-04-19,DEU,70.62
2025-04-19,NLD,64.58
2025-04-19,GBR,82.16
2025-04-20,DNK,71.28
2025-04-20,DEU,57.02
2025-04-20,NLD,70.03
2025-04-20,GBR,97.67
2025-04-21,DNK,81.12
2025-04-21,DEU,68.03
2025-04-21,NLD,83.22
2025-04-21,GBR,101.39
2025-04-22,DNK,113.34
2025-04-22,DEU,107.04
2025-04-22,NLD,111.26
2025-04-22,GBR,103.67
2025-04-23,DNK,108.44
2025-04-23,DEU,110.2
2025-04-23,NLD,105.67
2025-04-23,GBR,102.59
2025-04-24,DNK,96.44
2025-04-24,DEU,98.95
2025-04-24,NLD,94.41
2025-04-24,GBR,97.99
2025-04-25,DNK,89.29
2025-04-25,DEU,90.74
2025-04-25,NLD,87.93
2025-04-25,GBR,95.33
2025-04-26,DNK,55.77
2025-04-26,DEU,56.74
2025-04-26,NLD,59.34
2025-04-26,GBR,93.47
2025-04-27,DNK,47.85
2025-04-27,DEU,37.76
2025-04-27,NLD,32.77
2025-04-27,GBR,61.17
2025-04-28,DNK,75.43
2025-04-28,DEU,79.95
2025-04-28,NLD,74.3
2025-04-28,GBR,92.46
2025-04-29,DNK,73.03
2025-04-29,DEU,74.81
2025-04-29,NLD,71.04
2025-04-29,GBR,93.4
2025-04-30,DNK,75.31
2025-04-30,DEU,74.78
2025-04-30,NLD,74.29
2025-04-30,GBR,93.36
2025-05-01,DNK,59.11
2025-05-01,DEU,44.82
2025-05-01,NLD,45.01
2025-05-01,GBR,90.86
2025-05-02,DNK,59.33
2025-05-02,DEU,62.29
2025-05-02,NLD,64.52
2025-05-02,GBR,89.52
2025-05-03,DNK,49.77
2025-05-03,DEU,51.28
2025-05-03,NLD,53.42
2025-05-03,GBR,60.64
2025-05-04,DNK,35.43
2025-05-04,DEU,36.52
2025-05-04,NLD,35.21
2025-05-04,GBR,44.35
2025-05-05,DNK,81.59
2025-05-05,DEU,87.6
2025-05-05,NLD,72.0
2025-05-05,GBR,91.84
2025-05-06,DNK,88.35
2025-05-06,DEU,88.72
2025-05-06,NLD,88.52
2025-05-06,GBR,97.29
2025-05-07,DNK,99.25
2025-05-07,DEU,97.91
2025-05-07,NLD,95.99
2025-05-07,GBR,100.09
2025-05-08,DNK,113.39
2025-05-08,DEU,101.19
2025-05-08,NLD,98.39
2025-05-08,GBR,100.72
2025-05-09,DNK,85.08
2025-05-09,DEU,84.69
2025-05-09,NLD,80.81
2025-05-09,GBR,99.63
2025-05-10,DNK,68.01
2025-05-10,DEU,52.7
2025-05-10,NLD,48.14
2025-05-10,GBR,80.35
2025-05-11,DNK,54.49
2025-05-11,DEU,16.32
2025-05-11,NLD,4.26
2025-05-11,GBR,61.49
2025-05-12,DNK,79.6
2025-05-12,DEU,63.5
2025-05-12,NLD,63.09
2025-05-12,GBR,93.29
2025-05-13,DNK,81.87
2025-05-13,DEU,81.24
2025-05-13,NLD,76.03
2025-05-13,GBR,97.12
2025-05-14,DNK,68.57
2025-05-14,DEU,68.06
2025-05-14,NLD,64.99
2025-05-14,GBR,93.25
2025-05-15,DNK,57.37
2025-05-15,DEU,66.66
2025-05-15,NLD,64.12
2025-05-15,GBR,95.24
2025-05-16,DNK,65.86
2025-05-16,DEU,73.28
2025-05-16,NLD,71.04
2025-05-16,GBR,88.41
2025-05-17,DNK,55.48
2025-05-17,DEU,57.59
2025-05-17,NLD,59.53
2025-05-17,GBR,86.08
2025-05-18,DNK,62.36
2025-05-18,DEU,58.04
2025-05-18,NLD,62.62
2025-05-18,GBR,91.4
2025-05-19,DNK,90.86
2025-05-19,DEU,95.12
2025-05-19,NLD,90.11
2025-05-19,GBR,101.59
2025-05-20,DNK,77.57
2025-05-20,DEU,91.35
2025-05-20,NLD,85.22
2025-05-20,GBR,101.57
2025-05-21,DNK,34.01
2025-05-21,DEU,70.11
2025-05-21,NLD,73.31
2025-05-21,GBR,101.39
2025-05-22,DNK,36.75
2025-05-22,DEU,62.47
2025-05-22,NLD,62.09
2025-05-22,GBR,102.17
2025-05-23,DNK,77.4
2025-05-23,DEU,80.64
2025-05-23,NLD,76.61
2025-05-23,GBR,104.71
2025-05-24,DNK,51.6
2025-05-24,DEU,56.78
2025-05-24,NLD,50.93
2025-05-24,GBR,73.47
2025-05-25,DNK,17.52
2025-05-25,DEU,28.97
2025-05-25,NLD,23.44
2025-05-25,GBR,1.98
2025-05-26,DNK,55.4
2025-05-26,DEU,73.29
2025-05-26,NLD,64.15
2025-05-26,GBR,31.34
2025-05-27,DNK,44.6
2025-05-27,DEU,64.57
2025-05-27,NLD,54.62
2025-05-27,GBR,73.74
2025-05-28,DNK,85.88
2025-05-28,DEU,78.7
2025-05-28,NLD,86.5
2025-05-28,GBR,95.11
2025-05-29,DNK,48.86
2025-05-29,DEU,52.6
2025-05-29,NLD,53.8
2025-05-29,GBR,56.28
2025-05-30,DNK,36.15
2025-05-30,DEU,52.54
2025-05-30,NLD,53.62
2025-05-30,GBR,72.24
2025-05-31,DNK,66.07
2025-05-31,DEU,69.39
2025-05-31,NLD,68.46
2025-05-31,GBR,68.3
2025-06-01,DNK,31.91
2025-06-01,DEU,40.86
2025-06-01,NLD,38.72
2025-06-01,GBR,29.76
2025-06-02,DNK,78.55
2025-06-02,DEU,89.86
2025-06-02,NLD,86.0
2025-06-02,GBR,79.35
2025-06-03,DNK,57.45
2025-06-03,DEU,70.81
2025-06-03,NLD,57.4
2025-06-03,GBR,33.03
2025-06-04,DNK,74.39
2025-06-04,DEU,85.29
2025-06-04,NLD,78.9
2025-06-04,GBR,68.0
2025-06-05,DNK,75.06
2025-06-05,DEU,77.85
2025-06-05,NLD,75.82
2025-06-05,GBR,88.32
2025-06-06,DNK,50.48
2025-06-06,DEU,50.3
2025-06-06,NLD,49.75
2025-06-06,GBR,88.51
2025-06-07,DNK,59.95
2025-06-07,DEU,58.42
2025-06-07,NLD,65.39
2025-06-07,GBR,99.19
2025-06-08,DNK,25.65
2025-06-08,DEU,6.87
2025-06-08,NLD,29.56
2025-06-08,GBR,55.46
2025-06-09,DNK,41.44
2025-06-09,DEU,34.6
2025-06-09,NLD,49.04
2025-06-09,GBR,97.72
2025-06-10,DNK,60.35
2025-06-10,DEU,62.53
2025-06-10,NLD,62.22
2025-06-10,GBR,94.98
2025-06-11,DNK,72.66
2025-06-11,DEU,72.9
2025-06-11,NLD,78.36
2025-06-11,GBR,94.71
2025-06-12,DNK,60.24
2025-06-12,DEU,59.29
2025-06-12,NLD,57.44
2025-06-12,GBR,58.8
2025-06-13,DNK,52.29
2025-06-13,DEU,52.6
2025-06-13,NLD,72.21
2025-06-13,GBR,97.67
2025-06-14,DNK,45.34
2025-06-14,DEU,44.64
2025-06-14,NLD,56.7
2025-06-14,GBR,81.73
2025-06-15,DNK,62.45
2025-06-15,DEU,61.32
2025-06-15,NLD,64.24
2025-06-15,GBR,73.39
2025-06-16,DNK,66.05
2025-06-16,DEU,82.76
2025-06-16,NLD,84.3
2025-06-16,GBR,102.45
2025-06-17,DNK,70.63
2025-06-17,DEU,88.33
2025-06-17,NLD,86.71
2025-06-17,GBR,96.56
2025-06-18,DNK,65.26
2025-06-18,DEU,78.93
2025-06-18,NLD,81.07
2025-06-18,GBR,104.58
2025-06-19,DNK,56.34
2025-06-19,DEU,56.1
2025-06-19,NLD,68.46
2025-06-19,GBR,107.45
2025-06-20,DNK,87.23
2025-06-20,DEU,85.63
2025-06-20,NLD,87.48
2025-06-20,GBR,106.52
2025-06-21,DNK,71.92
2025-06-21,DEU,70.48
2025-06-21,NLD,72.06
2025-06-21,GBR,91.76
2025-06-22,DNK,45.99
2025-06-22,DEU,40.69
2025-06-22,NLD,47.97
2025-06-22,GBR,51.63
2025-06-23,DNK,21.14
2025-06-23,DEU,43.98
2025-06-23,NLD,43.02
2025-06-23,GBR,25.67
2025-06-24,DNK,26.79
2025-06-24,DEU,46.27
2025-06-24,NLD,58.1
2025-06-24,GBR,53.63
2025-06-25,DNK,81.36
2025-06-25,DEU,83.2
2025-06-25,NLD,99.99
2025-06-25,GBR,104.04
2025-06-26,DNK,87.88
2025-06-26,DEU,89.92
2025-06-26,NLD,88.55
2025-06-26,GBR,85.64
2025-06-27,DNK,50.12
2025-06-27,DEU,79.85
2025-06-27,NLD,83.5
2025-06-27,GBR,73.73
2025-06-28,DNK,29.49
2025-06-28,DEU,51.92
2025-06-28,NLD,51.6
2025-06-28,GBR,46.14
2025-06-29,DNK,35.44
2025-06-29,DEU,55.55
2025-06-29,NLD,54.49
2025-06-29,GBR,87.74
2025-06-30,DNK,101.21
2025-06-30,DEU,102.48
2025-06-30,NLD,101.76
2025-06-30,GBR,93.05
2025-07-01,DNK,138.92
2025-07-01,DEU,127.43
2025-07-01,NLD,145.5
2025-07-01,GBR,112.42
2025-07-02,DNK,101.48
2025-07-02,DEU,103.28
2025-07-02,NLD,109.38
2025-07-02,GBR,100.8
2025-07-03,DNK,42.83
2025-07-03,DEU,88.33
2025-07-03,NLD,89.01
2025-07-03,GBR,87.91
2025-07-04,DNK,64.4
2025-07-04,DEU,81.93
2025-07-04,NLD,75.46
2025-07-04,GBR,68.78
2025-07-05,DNK,35.61
2025-07-05,DEU,54.2
2025-07-05,NLD,51.69
2025-07-05,GBR,40.28
2025-07-06,DNK,73.84
2025-07-06,DEU,71.18
2025-07-06,NLD,82.75
2025-07-06,GBR,84.55
2025-07-07,DNK,95.39
2025-07-07,DEU,92.9
2025-07-07,NLD,90.2
2025-07-07,GBR,74.12
2025-07-08,DNK,89.28
2025-07-08,DEU,90.6
2025-07-08,NLD,88.92
2025-07-08,GBR,86.81
2025-07-09,DNK,92.33
2025-07-09,DEU,93.3
2025-07-09,NLD,95.23
2025-07-09,GBR,97.05
2025-07-10,DNK,90.74
2025-07-10,DEU,92.63
2025-07-10,NLD,92.37
2025-07-10,GBR,97.36
2025-07-11,DNK,85.33
2025-07-11,DEU,88.05
2025-07-11,NLD,92.97
2025-07-11,GBR,97.12
2025-07-12,DNK,57.45
2025-07-12,DEU,69.79
2025-07-12,NLD,73.98
2025-07-12,GBR,91.92
2025-07-13,DNK,67.83
2025-07-13,DEU,71.84
2025-07-13,NLD,75.56
2025-07-13,GBR,96.62
2025-07-14,DNK,98.02
2025-07-14,DEU,101.81
2025-07-14,NLD,95.69
2025-07-14,GBR,90.31
2025-07-15,DNK,90.09
2025-07-15,DEU,90.77
2025-07-15,NLD,81.03
2025-07-15,GBR,91.15
2025-07-16,DNK,96.12
2025-07-16,DEU,96.35
2025-07-16,NLD,93.34
2025-07-16,GBR,97.68
2025-07-17,DNK,92.29
2025-07-17,DEU,94.15
2025-07-17,NLD,93.14
2025-07-17,GBR,100.64
2025-07-18,DNK,101.22
2025-07-18,DEU,103.23
2025-07-18,NLD,101.11
2025-07-18,GBR,103.01
2025-07-19,DNK,68.82
2025-07-19,DEU,71.19
2025-07-19,NLD,69.86
2025-07-19,GBR,95.25
2025-07-20,DNK,70.55
2025-07-20,DEU,72.46
2025-07-20,NLD,74.37
2025-07-20,GBR,91.25
2025-07-21,DNK,95.09
2025-07-21,DEU,101.31
2025-07-21,NLD,93.96
2025-07-21,GBR,97.89
2025-07-22,DNK,75.4
2025-07-22,DEU,78.68
2025-07-22,NLD,77.21
2025-07-22,GBR,93.72
2025-07-23,DNK,73.46
2025-07-23,DEU,79.5
2025-07-23,NLD,86.22
2025-07-23,GBR,95.24
2025-07-24,DNK,102.3
2025-07-24,DEU,103.33
2025-07-24,NLD,97.66
2025-07-24,GBR,95.2
2025-07-25,DNK,95.94
2025-07-25,DEU,97.45
2025-07-25,NLD,95.12
2025-07-25,GBR,92.05
2025-07-26,DNK,88.49
2025-07-26,DEU,89.92
2025-07-26,NLD,87.04
2025-07-26,GBR,90.26
2025-07-27,DNK,78.79
2025-07-27,DEU,78.6
2025-07-27,NLD,79.06
2025-07-27,GBR,88.32
2025-07-28,DNK,70.57
2025-07-28,DEU,88.73
2025-07-28,NLD,87.25
2025-07-28,GBR,93.47
2025-07-29,DNK,52.86
2025-07-29,DEU,77.77
2025-07-29,NLD,77.08
2025-07-29,GBR,96.28
2025-07-30,DNK,62.09
2025-07-30,DEU,77.62
2025-07-30,NLD,74.38
2025-07-30,GBR,97.38
2025-07-31,DNK,83.97
2025-07-31,DEU,85.79
2025-07-31,NLD,86.79
2025-07-31,GBR,95.64
2025-08-01,DNK,93.23
2025-08-01,DEU,93.29
2025-08-01,NLD,90.71
2025-08-01,GBR,88.06
2025-08-02,DNK,65.61
2025-08-02,DEU,68.28
2025-08-02,NLD,64.07
2025-08-02,GBR,89.51
2025-08-03,DNK,41.45
2025-08-03,DEU,49.49
2025-08-03,NLD,41.98
2025-08-03,GBR,62.85
2025-08-04,DNK,45.54
2025-08-04,DEU,68.72
2025-08-04,NLD,56.81
2025-08-04,GBR,53.26
2025-08-05,DNK,1.97
2025-08-05,DEU,41.59
2025-08-05,NLD,36.25
2025-08-05,GBR,20.52
2025-08-06,DNK,32.46
2025-08-06,DEU,63.72
2025-08-06,NLD,65.52
2025-08-06,GBR,80.26
2025-08-07,DNK,70.15
2025-08-07,DEU,72.68
2025-08-07,NLD,67.57
2025-08-07,GBR,62.17
2025-08-08,DNK,76.65
2025-08-08,DEU,77.67
2025-08-08,NLD,76.36
2025-08-08,GBR,68.4
2025-08-09,DNK,59.8
2025-08-09,DEU,60.75
2025-08-09,NLD,58.07
2025-08-09,GBR,44.04
2025-08-10,DNK,51.5
2025-08-10,DEU,45.32
2025-08-10,NLD,47.94
2025-08-10,GBR,89.45
2025-08-11,DNK,84.19
2025-08-11,DEU,84.23
2025-08-11,NLD,82.85
2025-08-11,GBR,98.36
2025-08-12,DNK,85.17
2025-08-12,DEU,86.63
2025-08-12,NLD,83.78
2025-08-12,GBR,99.01
2025-08-13,DNK,100.1
2025-08-13,DEU,97.13
2025-08-13,NLD,99.6
2025-08-13,GBR,105.02
2025-08-14,DNK,105.36
2025-08-14,DEU,107.52
2025-08-14,NLD,103.88
2025-08-14,GBR,102.24
2025-08-15,DNK,69.76
2025-08-15,DEU,73.73
2025-08-15,NLD,73.09
2025-08-15,GBR,92.59
2025-08-16,DNK,60.21
2025-08-16,DEU,60.5
2025-08-16,NLD,61.73
2025-08-16,GBR,89.77
2025-08-17,DNK,64.49
2025-08-17,DEU,63.46
2025-08-17,NLD,66.03
2025-08-17,GBR,88.37
2025-08-18,DNK,92.37
2025-08-18,DEU,95.12
2025-08-18,NLD,87.64
2025-08-18,GBR,98.49
2025-08-19,DNK,81.95
2025-08-19,DEU,83.07
2025-08-19,NLD,77.61
2025-08-19,GBR,90.85
2025-08-20,DNK,89.42
2025-08-20,DEU,90.27
2025-08-20,NLD,86.09
2025-08-20,GBR,90.7
2025-08-21,DNK,91.05
2025-08-21,DEU,90.96
2025-08-21,NLD,86.09
2025-08-21,GBR,92.57
2025-08-22,DNK,66.94
2025-08-22,DEU,75.0
2025-08-22,NLD,85.53
2025-08-22,GBR,95.18
2025-08-23,DNK,68.37
2025-08-23,DEU,66.95
2025-08-23,NLD,69.63
2025-08-23,GBR,98.19
2025-08-24,DNK,63.14
2025-08-24,DEU,61.93
2025-08-24,NLD,62.95
2025-08-24,GBR,96.95
2025-08-25,DNK,89.99
2025-08-25,DEU,89.14
2025-08-25,NLD,87.24
2025-08-25,GBR,86.09
2025-08-26,DNK,101.32
2025-08-26,DEU,97.74
2025-08-26,NLD,91.18
2025-08-26,GBR,95.74
2025-08-27,DNK,106.03
2025-08-27,DEU,105.13
2025-08-27,NLD,99.49
2025-08-27,GBR,97.22
2025-08-28,DNK,115.26
2025-08-28,DEU,117.64
2025-08-28,NLD,98.61
2025-08-28,GBR,95.8
2025-08-29,DNK,96.06
2025-08-29,DEU,95.61
2025-08-29,NLD,84.31
2025-08-29,GBR,95.46
2025-08-30,DNK,69.85
2025-08-30,DEU,70.01
2025-08-30,NLD,64.11
2025-08-30,GBR,72.15
2025-08-31,DNK,57.63
2025-08-31,DEU,58.64
2025-08-31,NLD,53.36
2025-08-31,GBR,18.87
2025-09-01,DNK,96.41
2025-09-01,DEU,98.57
2025-09-01,NLD,87.32
2025-09-01,GBR,56.59
2025-09-02,DNK,106.76
2025-09-02,DEU,118.31
2025-09-02,NLD,90.46
2025-09-02,GBR,95.0
2025-09-03,DNK,73.96
2025-09-03,DEU,61.36
2025-09-03,NLD,72.82
2025-09-03,GBR,88.12
2025-09-04,DNK,89.34
2025-09-04,DEU,95.24
2025-09-04,NLD,82.27
2025-09-04,GBR,89.67
2025-09-05,DNK,96.14
2025-09-05,DEU,103.98
2025-09-05,NLD,92.13
2025-09-05,GBR,96.72
2025-09-06,DNK,83.03
2025-09-06,DEU,76.62
2025-09-06,NLD,78.8
2025-09-06,GBR,69.0
2025-09-07,DNK,69.12
2025-09-07,DEU,45.76
2025-09-07,NLD,64.35
2025-09-07,GBR,22.52
2025-09-08,DNK,106.76
2025-09-08,DEU,120.76
2025-09-08,NLD,105.58
2025-09-08,GBR,99.98
2025-09-09,DNK,116.08
2025-09-09,DEU,140.29
2025-09-09,NLD,112.06
2025-09-09,GBR,98.23
2025-09-10,DNK,106.47
2025-09-10,DEU,129.21
2025-09-10,NLD,101.66
2025-09-10,GBR,84.28
2025-09-11,DNK,76.23
2025-09-11,DEU,69.51
2025-09-11,NLD,75.56
2025-09-11,GBR,49.92
2025-09-12,DNK,68.31
2025-09-12,DEU,59.71
2025-09-12,NLD,70.48
2025-09-12,GBR,42.25
2025-09-13,DNK,71.3
2025-09-13,DEU,62.04
2025-09-13,NLD,72.42
2025-09-13,GBR,52.63
2025-09-14,DNK,78.54
2025-09-14,DEU,61.31
2025-09-14,NLD,74.36
2025-09-14,GBR,71.52
2025-09-15,DNK,48.61
2025-09-15,DEU,13.2
2025-09-15,NLD,49.04
2025-09-15,GBR,13.14
2025-09-16,DNK,52.17
2025-09-16,DEU,23.35
2025-09-16,NLD,61.35
2025-09-16,GBR,38.11
2025-09-17,DNK,68.71
2025-09-17,DEU,73.76
2025-09-17,NLD,85.26
2025-09-17,GBR,83.9
2025-09-18,DNK,66.41
2025-09-18,DEU,68.68
2025-09-18,NLD,77.62
2025-09-18,GBR,56.88
2025-09-19,DNK,82.57
2025-09-19,DEU,93.33
2025-09-19,NLD,92.52
2025-09-19,GBR,89.03
2025-09-20,DNK,72.27
2025-09-20,DEU,55.37
2025-09-20,NLD,71.1
2025-09-20,GBR,88.14
2025-09-21,DNK,55.22
2025-09-21,DEU,43.58
2025-09-21,NLD,64.09
2025-09-21,GBR,42.53
2025-09-22,DNK,78.59
2025-09-22,DEU,105.01
2025-09-22,NLD,91.14
2025-09-22,GBR,94.27
2025-09-23,DNK,97.0
2025-09-23,DEU,105.88
2025-09-23,NLD,95.92
2025-09-23,GBR,104.18
2025-09-24,DNK,85.66
2025-09-24,DEU,80.7
2025-09-24,NLD,81.95
2025-09-24,GBR,97.07
2025-09-25,DNK,86.89
2025-09-25,DEU,79.02
2025-09-25,NLD,83.12
2025-09-25,GBR,92.95
2025-09-26,DNK,83.45
2025-09-26,DEU,95.96
2025-09-26,NLD,92.27
2025-09-26,GBR,94.47
2025-09-27,DNK,88.35
2025-09-27,DEU,93.83
2025-09-27,NLD,89.2
2025-09-27,GBR,92.58
2025-09-28,DNK,89.01
2025-09-28,DEU,85.06
2025-09-28,NLD,86.23
2025-09-28,GBR,99.45
2025-09-29,DNK,111.19
2025-09-29,DEU,132.68
2025-09-29,NLD,105.05
2025-09-29,GBR,107.56
2025-09-30,DNK,113.31
2025-09-30,DEU,136.28
2025-09-30,NLD,106.3
2025-09-30,GBR,96.8
2025-10-01,DNK,116.28
2025-10-01,DEU,131.03
2025-10-01,NLD,111.24
2025-10-01,GBR,91.83
2025-10-02,DNK,95.11
2025-10-02,DEU,102.11
2025-10-02,NLD,94.18
2025-10-02,GBR,86.38
2025-10-03,DNK,39.05
2025-10-03,DEU,58.67
2025-10-03,NLD,66.21
2025-10-03,GBR,56.98
2025-10-04,DNK,0.13
2025-10-04,DEU,-1.35
2025-10-04,NLD,-1.06
2025-10-04,GBR,0.18
2025-10-05,DNK,4.14
2025-10-05,DEU,1.83
2025-10-05,NLD,8.92
2025-10-05,GBR,16.05
2025-10-06,DNK,90.01
2025-10-06,DEU,85.24
2025-10-06,NLD,90.44
2025-10-06,GBR,80.73
2025-10-07,DNK,135.59
2025-10-07,DEU,138.61
2025-10-07,NLD,129.62
2025-10-07,GBR,102.52
2025-10-08,DNK,117.24
2025-10-08,DEU,123.37
2025-10-08,NLD,115.22
2025-10-08,GBR,104.76
2025-10-09,DNK,82.84
2025-10-09,DEU,104.56
2025-10-09,NLD,101.69
2025-10-09,GBR,99.62
2025-10-10,DNK,64.33
2025-10-10,DEU,95.93
2025-10-10,NLD,95.81
2025-10-10,GBR,99.21
2025-10-11,DNK,78.72
2025-10-11,DEU,90.39
2025-10-11,NLD,96.24
2025-10-11,GBR,98.67
2025-10-12,DNK,83.32
2025-10-12,DEU,89.07
2025-10-12,NLD,89.18
2025-10-12,GBR,97.93
2025-10-13,DNK,138.86
2025-10-13,DEU,143.76
2025-10-13,NLD,127.81
2025-10-13,GBR,120.82
2025-10-14,DNK,161.03
2025-10-14,DEU,148.44
2025-10-14,NLD,144.88
2025-10-14,GBR,112.08
2025-10-15,DNK,137.33
2025-10-15,DEU,143.1
2025-10-15,NLD,129.34
2025-10-15,GBR,122.01
2025-10-16,DNK,95.34
2025-10-16,DEU,102.76
2025-10-16,NLD,96.47
2025-10-16,GBR,104.31
2025-10-17,DNK,103.06
2025-10-17,DEU,106.7
2025-10-17,NLD,102.4
2025-10-17,GBR,103.11
2025-10-18,DNK,95.28
2025-10-18,DEU,97.13
2025-10-18,NLD,91.88
2025-10-18,GBR,95.69
2025-10-19,DNK,68.56
2025-10-19,DEU,70.66
2025-10-19,NLD,67.36
2025-10-19,GBR,66.35
2025-10-20,DNK,68.06
2025-10-20,DEU,79.35
2025-10-20,NLD,76.91
2025-10-20,GBR,91.75
2025-10-21,DNK,59.3
2025-10-21,DEU,69.11
2025-10-21,NLD,67.74
2025-10-21,GBR,90.2
2025-10-22,DNK,116.99
2025-10-22,DEU,125.76
2025-10-22,NLD,116.49
2025-10-22,GBR,100.14
2025-10-23,DNK,73.42
2025-10-23,DEU,72.88
2025-10-23,NLD,77.13
2025-10-23,GBR,87.55
2025-10-24,DNK,37.09
2025-10-24,DEU,29.24
2025-10-24,NLD,35.1
2025-10-24,GBR,52.69
2025-10-25,DNK,12.23
2025-10-25,DEU,14.11
2025-10-25,NLD,15.99
2025-10-25,GBR,17.46
2025-10-26,DNK,12.55
2025-10-26,DEU,7.05
2025-10-26,NLD,16.03
2025-10-26,GBR,33.13
2025-10-26,GBR,4.24
2025-10-27,DNK,70.59
2025-10-27,DEU,68.35
2025-10-27,NLD,69.09
2025-10-27,GBR,71.39
2025-10-28,DNK,70.21
2025-10-28,DEU,66.54
2025-10-28,NLD,67.15
2025-10-28,GBR,69.39
2025-10-29,DNK,86.25
2025-10-29,DEU,89.45
2025-10-29,NLD,89.76
2025-10-29,GBR,87.63
2025-10-30,DNK,70.29
2025-10-30,DEU,73.79
2025-10-30,NLD,78.9
2025-10-30,GBR,82.69
2025-10-31,DNK,85.04
2025-10-31,DEU,91.47
2025-10-31,NLD,82.79
2025-10-31,GBR,57.61
2025-11-01,DNK,41.05
2025-11-01,DEU,52.24
2025-11-01,NLD,43.73
2025-11-01,GBR,46.96
2025-11-02,DNK,80.53
2025-11-02,DEU,86.17
2025-11-02,NLD,76.44
2025-11-02,GBR,66.08
2025-11-03,DNK,69.35
2025-11-03,DEU,77.85
2025-11-03,NLD,72.64
2025-11-03,GBR,61.06
2025-11-04,DNK,55.94
2025-11-04,DEU,79.2
2025-11-04,NLD,72.32
2025-11-04,GBR,70.02
2025-11-05,DNK,84.93
2025-11-05,DEU,95.87
2025-11-05,NLD,85.14
2025-11-05,GBR,88.88
2025-11-06,DNK,104.79
2025-11-06,DEU,107.43
2025-11-06,NLD,101.18
2025-11-06,GBR,98.19
2025-11-07,DNK,109.7
2025-11-07,DEU,113.14
2025-11-07,NLD,103.82
2025-11-07,GBR,95.77
2025-11-08,DNK,106.2
2025-11-08,DEU,106.06
2025-11-08,NLD,99.55
2025-11-08,GBR,94.85
2025-11-09,DNK,98.69
2025-11-09,DEU,100.79
2025-11-09,NLD,93.08
2025-11-09,GBR,91.47
2025-11-10,DNK,109.62
2025-11-10,DEU,125.69
2025-11-10,NLD,97.36
2025-11-10,GBR,89.88
2025-11-11,DNK,86.79
2025-11-11,DEU,96.63
2025-11-11,NLD,85.54
2025-11-11,GBR,85.33
2025-11-12,DNK,50.42
2025-11-12,DEU,77.46
2025-11-12,NLD,71.54
2025-11-12,GBR,77.69
2025-11-13,DNK,56.25
2025-11-13,DEU,73.05
2025-11-13,NLD,78.2
2025-11-13,GBR,72.53
2025-11-14,DNK,97.14
2025-11-14,DEU,103.97
2025-11-14,NLD,92.54
2025-11-14,GBR,78.45
2025-11-15,DNK,82.65
2025-11-15,DEU,89.01
2025-11-15,NLD,83.77
2025-11-15,GBR,77.65
2025-11-16,DNK,91.69
2025-11-16,DEU,99.51
2025-11-16,NLD,91.3
2025-11-16,GBR,90.22
2025-11-17,DNK,88.03
2025-11-17,DEU,96.7
2025-11-17,NLD,84.58
2025-11-17,GBR,90.52
2025-11-18,DNK,104.52
2025-11-18,DEU,103.03
2025-11-18,NLD,99.7
2025-11-18,GBR,101.29
2025-11-19,DNK,111.11
2025-11-19,DEU,102.18
2025-11-19,NLD,99.77
2025-11-19,GBR,94.87
2025-11-20,DNK,125.62
2025-11-20,DEU,122.43
2025-11-20,NLD,122.99
2025-11-20,GBR,102.64
2025-11-21,DNK,145.58
2025-11-21,DEU,144.25
2025-11-21,NLD,141.54
2025-11-21,GBR,123.64
2025-11-22,DNK,75.08
2025-11-22,DEU,92.5
2025-11-22,NLD,87.33
2025-11-22,GBR,96.25
2025-11-23,DNK,62.68
2025-11-23,DEU,74.83
2025-11-23,NLD,72.31
2025-11-23,GBR,85.8
2025-11-24,DNK,131.13
2025-11-24,DEU,126.89
2025-11-24,NLD,123.08
2025-11-24,GBR,99.08
2025-11-25,DNK,213.8
2025-11-25,DEU,213.9
2025-11-25,NLD,147.2
2025-11-25,GBR,123.2
2025-11-26,DNK,161.39
2025-11-26,DEU,175.53
2025-11-26,NLD,151.86
2025-11-26,GBR,113.01
2025-11-27,DNK,68.26
2025-11-27,DEU,90.69
2025-11-27,NLD,82.2
2025-11-27,GBR,81.96
2025-11-28,DNK,54.57
2025-11-28,DEU,86.49
2025-11-28,NLD,82.13
2025-11-28,GBR,77.29
2025-11-29,DNK,72.09
2025-11-29,DEU,90.0
2025-11-29,NLD,87.35
2025-11-29,GBR,90.89
2025-11-30,DNK,55.58
2025-11-30,DEU,86.1
2025-11-30,NLD,83.3
2025-11-30,GBR,82.86
2025-12-01,DNK,66.62
2025-12-01,DEU,95.14
2025-12-01,NLD,82.05
2025-12-01,GBR,83.32
2025-12-02,DNK,82.4
2025-12-02,DEU,103.14
2025-12-02,NLD,86.79
2025-12-02,GBR,86.27
2025-12-03,DNK,152.07
2025-12-03,DEU,167.67
2025-12-03,NLD,132.65
2025-12-03,GBR,97.46
2025-12-04,DNK,123.04
2025-12-04,DEU,127.42
2025-12-04,NLD,96.99
2025-12-04,GBR,93.49
2025-12-05,DNK,133.15
2025-12-05,DEU,140.57
2025-12-05,NLD,115.47
2025-12-05,GBR,88.84
2025-12-06,DNK,72.62
2025-12-06,DEU,78.18
2025-12-06,NLD,72.58
2025-12-06,GBR,78.16
2025-12-07,DNK,78.09
2025-12-07,DEU,78.53
2025-12-07,NLD,72.87
2025-12-07,GBR,83.85
2025-12-08,DNK,54.99
2025-12-08,DEU,70.55
2025-12-08,NLD,67.83
2025-12-08,GBR,70.45
2025-12-09,DNK,82.47
2025-12-09,DEU,89.88
2025-12-09,NLD,81.51
2025-12-09,GBR,76.42
2025-12-10,DNK,53.19
2025-12-10,DEU,81.63
2025-12-10,NLD,76.58
2025-12-10,GBR,68.2
2025-12-11,DNK,55.58
2025-12-11,DEU,95.22
2025-12-11,NLD,91.56
2025-12-11,GBR,80.07
2025-12-12,DNK,110.47
2025-12-12,DEU,115.32
2025-12-12,NLD,106.36
2025-12-12,GBR,92.25
2025-12-13,DNK,85.29
2025-12-13,DEU,96.27
2025-12-13,NLD,92.23
2025-12-13,GBR,84.4
2025-12-14,DNK,39.26
2025-12-14,DEU,82.67
2025-12-14,NLD,82.55
2025-12-14,GBR,68.08
2025-12-15,DNK,69.33
2025-12-15,DEU,91.71
2025-12-15,NLD,84.87
2025-12-15,GBR,87.22
2025-12-16,DNK,105.82
2025-12-16,DEU,108.26
2025-12-16,NLD,105.27
2025-12-16,GBR,99.99
2025-12-17,DNK,103.96
2025-12-17,DEU,106.56
2025-12-17,NLD,100.73
2025-12-17,GBR,87.17
2025-12-18,DNK,57.39
2025-12-18,DEU,72.84
2025-12-18,NLD,69.36
2025-12-18,GBR,72.66
2025-12-19,DNK,52.97
2025-12-19,DEU,74.11
2025-12-19,NLD,71.65
2025-12-19,GBR,70.21
2025-12-20,DNK,98.48
2025-12-20,DEU,101.55
2025-12-20,NLD,97.79
2025-12-20,GBR,90.95
2025-12-21,DNK,89.37
2025-12-21,DEU,88.59
2025-12-21,NLD,86.2
2025-12-21,GBR,90.65
2025-12-22,DNK,82.54
2025-12-22,DEU,86.72
2025-12-22,NLD,85.17
2025-12-22,GBR,89.78
2025-12-23,DNK,74.15
2025-12-23,DEU,75.83
2025-12-23,NLD,76.13
2025-12-23,GBR,90.65
2025-12-24,DNK,69.71
2025-12-24,DEU,63.92
2025-12-24,NLD,66.03
2025-12-24,GBR,85.39
2025-12-25,DNK,71.19
2025-12-25,DEU,68.02
2025-12-25,NLD,68.08
2025-12-25,GBR,85.05
2025-12-26,DNK,97.52
2025-12-26,DEU,91.72
2025-12-26,NLD,96.08
2025-12-26,GBR,95.33
2025-12-27,DNK,78.46
2025-12-27,DEU,92.24
2025-12-27,NLD,89.81
2025-12-27,GBR,93.81
2025-12-28,DNK,75.78
2025-12-28,DEU,90.63
2025-12-28,NLD,92.79
2025-12-28,GBR,96.58
2025-12-29,DNK,68.2
2025-12-29,DEU,94.73
2025-12-29,NLD,95.62
2025-12-29,GBR,95.91
2025-12-30,DNK,81.97
2025-12-30,DEU,89.81
2025-12-30,NLD,87.71
2025-12-30,GBR,96.5
2025-12-31,DNK,85.25
2025-12-31,DEU,84.24
2025-12-31,NLD,86.43
2025-12-31,GBR,92.82
